serie,delta,iter,peor_eig
control δ=0.43,0.43,20,8.840967074133996
control δ=0.43,0.43,40,8.607565937817421
control δ=0.43,0.43,60,-0.20049276316878206
control δ=0.43,0.43,80,-0.015303622427580876
control δ=0.43,0.43,100,0.7912264121211267
control δ=0.43,0.43,120,0.2107689422404545
control δ=0.43,0.43,140,0.16339070997997962
control δ=0.43,0.43,160,0.16769679127011822
control δ=0.43,0.43,180,0.16785176445878217
control δ=0.43,0.43,200,0.16764025711529557
control δ=0.43,0.43,220,0.16766415391288292
control δ=0.43,0.43,240,0.16767721809012903
control δ=0.43,0.43,260,0.16768724894534195
control δ=0.43,0.43,280,0.16769723052486002
control δ=0.43,0.43,300,0.1677074783188559
control δ=0.43,0.43,320,0.16771814478936714
control δ=0.43,0.43,340,0.16772925274858286
control δ=0.43,0.43,360,0.16774083058037229
control δ=0.43,0.43,380,0.16775291749099466
control δ=0.43,0.43,400,0.1677655591458373
control δ=0.43,0.43,420,0.16777880763165293
control δ=0.43,0.43,440,0.16779272261066253
control δ=0.43,0.43,460,0.16780737290652126
control δ=0.43,0.43,480,0.16782283849203622
control δ=0.43,0.43,500,0.16783921302705906
control δ=0.43,0.43,520,0.16785660715763923
control δ=0.43,0.43,540,0.16787515287092802
control δ=0.43,0.43,560,0.1678950093380899
control δ=0.43,0.43,580,0.1679163708992436
control δ=0.43,0.43,600,0.16793947820582206
control δ=0.43,0.43,620,0.167964634145354
control δ=0.43,0.43,640,0.1679922272395195
control δ=0.43,0.43,660,0.1680227671553567
control δ=0.43,0.43,680,0.1680569407150448
control δ=0.43,0.43,700,0.1680957044444425
control δ=0.43,0.43,720,0.16814044653824992
control δ=0.43,0.43,740,0.16819329174472036
control δ=0.43,0.43,760,0.1682577330725078
control δ=0.43,0.43,780,0.1683401267038302
control δ=0.43,0.43,800,0.16845400982330533
control δ=0.43,0.43,820,0.16863771582129483
control δ=0.43,0.43,840,0.16913246490262102
control δ=0.43,0.43,860,0.12668602776722893
control δ=0.43,0.43,880,0.1263435586084427
control δ=0.43,0.43,900,0.12646764965099339
control δ=0.43,0.43,920,0.12649072628842103
control δ=0.43,0.43,940,0.1264968805583736
control δ=0.43,0.43,960,0.12650111675346126
control δ=0.43,0.43,980,0.12650272288383413
control δ=0.43,0.43,1000,0.1265033295974315
control δ=0.43,0.43,1020,0.12650355635903926
control δ=0.43,0.43,1040,0.12650363762301559
control δ=0.43,0.43,1060,0.12650366625814757
control δ=0.43,0.43,1080,0.12650367620028757
control δ=0.43,0.43,1100,0.12650367960575398
control δ=0.43,0.43,1120,0.1265036807600507
control δ=0.43,0.43,1140,0.12650368114775956
control δ=0.43,0.43,1160,0.1265036812769437
control δ=0.43,0.43,1180,0.12650368131968528
control δ=0.43,0.43,1200,0.1265036813337329
control δ=0.43,0.43,1220,0.12650368133832943
control δ=0.43,0.43,1240,0.1265036813398266
control δ=0.43,0.43,1260,0.12650368134030557
control δ=0.43,0.43,1280,0.1265036813404608
control δ=0.43,0.43,1300,0.12650368134050588
control δ=0.43,0.43,1320,0.12650368134052561
control δ=0.43,0.43,1340,0.12650368134053774
control δ=0.43,0.43,1360,0.12650368134053847
control δ=0.43,0.43,1380,0.12650368134054074
control δ=0.43,0.43,1400,0.1265036813405399
control δ=0.43,0.43,1420,0.12650368134053708
control δ=0.43,0.43,1440,0.12650368134053308
control δ=0.43,0.43,1460,0.1265036813405429
control δ=0.43,0.43,1480,0.1265036813405262
control δ=0.43,0.43,1500,0.12650368134053355
control δ=0.43,0.43,1520,0.12650368134054119
control δ=0.43,0.43,1540,0.12650368134053772
control δ=0.43,0.43,1560,0.12650368134053463
control δ=0.43,0.43,1580,0.12650368134054144
control δ=0.43,0.43,1600,0.1265036813405374
control δ=0.43,0.43,1620,0.12650368134053575
control δ=0.43,0.43,1640,0.12650368134053588
control δ=0.43,0.43,1660,0.1265036813405445
control δ=0.43,0.43,1680,0.12650368134053053
control δ=0.43,0.43,1700,0.12650368134052953
control δ=0.43,0.43,1720,0.1265036813405374
control δ=0.43,0.43,1740,0.12650368134054213
control δ=0.43,0.43,1760,0.12650368134053747
control δ=0.43,0.43,1780,0.1265036813405364
control δ=0.43,0.43,1800,0.12650368134054168
control δ=0.43,0.43,1820,0.1265036813405322
control δ=0.43,0.43,1840,0.12650368134053763
control δ=0.43,0.43,1860,0.1265036813405335
control δ=0.43,0.43,1880,0.1265036813405342
control δ=0.43,0.43,1900,0.1265036813405287
control δ=0.43,0.43,1920,0.12650368134053355
control δ=0.43,0.43,1940,0.1265036813405308
control δ=0.43,0.43,1960,0.12650368134054626
control δ=0.43,0.43,1980,0.12650368134053824
control δ=0.43,0.43,2000,0.12650368134053508
control δ=0.43,0.43,2020,0.12650368134053355
control δ=0.43,0.43,2040,0.12650368134053055
control δ=0.43,0.43,2060,0.12650368134053458
control δ=0.43,0.43,2080,0.12650368134053525
control δ=0.43,0.43,2100,0.1265036813405445
control δ=0.43,0.43,2120,0.12650368134054463
control δ=0.43,0.43,2140,0.12650368134053414
control δ=0.43,0.43,2160,0.12650368134053266
control δ=0.43,0.43,2180,0.1265036813405373
control δ=0.43,0.43,2200,0.1265036813405316
control δ=0.43,0.43,2220,0.10316766615373227
control δ=0.43,0.43,2240,-0.01688470993168456
control δ=0.43,0.43,2260,-0.06007403274350302
control δ=0.43,0.43,2280,-0.02764519339318483
control δ=0.43,0.43,2300,0.035115618896918194
control δ=0.43,0.43,2320,0.022849714656878385
control δ=0.43,0.43,2340,-0.02599795340397501
control δ=0.43,0.43,2360,-0.03570328754022736
control δ=0.43,0.43,2380,-0.00856783172342217
control δ=0.43,0.43,2400,0.013630188201676451
control δ=0.43,0.43,2420,-0.0022746810937937264
control δ=0.43,0.43,2440,-0.022520630926011885
control δ=0.43,0.43,2460,-0.02035087890328636
control δ=0.43,0.43,2480,-0.004370731804281538
control δ=0.43,0.43,2500,0.0005788404384017395
control δ=0.43,0.43,2520,-0.010074627081249602
control δ=0.43,0.43,2540,-0.017374366555825825
control δ=0.43,0.43,2560,-0.012908080250154193
control δ=0.43,0.43,2580,-0.005449817974209761
control δ=0.43,0.43,2600,-0.00599083690900673
control δ=0.43,0.43,2620,-0.011750407330897506
control δ=0.43,0.43,2640,-0.013580547071884483
control δ=0.43,0.43,2660,-0.010124324240853681
control δ=0.43,0.43,2680,-0.007326765307542277
control δ=0.43,0.43,2700,-0.008857679003770932
control δ=0.43,0.43,2720,-0.011507698232381344
control δ=0.43,0.43,2740,-0.01143585611826576
control δ=0.43,0.43,2760,-0.009442657454561658
control δ=0.43,0.43,2780,-0.008701871576661833
control δ=0.43,0.43,2800,-0.009902885107225645
control δ=0.43,0.43,2820,-0.010917906102066006
control δ=0.43,0.43,2840,-0.010435134007795624
control δ=0.43,0.43,2860,-0.009487004273415454
control δ=0.43,0.43,2880,-0.009473072551917743
control δ=0.43,0.43,2900,-0.010172477108986808
control δ=0.43,0.43,2920,-0.01045794515282078
control δ=0.43,0.43,2940,-0.010052957125907206
control δ=0.43,0.43,2960,-0.009679822648536143
control δ=0.43,0.43,2980,-0.009834274413308282
control δ=0.43,0.43,3000,-0.010171993700601881
control δ=0.43,0.43,3020,-0.010190836771622283
control δ=0.43,0.43,3040,-0.00994757940493839
control δ=0.43,0.43,3060,-0.00983736654732901
control δ=0.43,0.43,3080,-0.009974738841809754
control δ=0.43,0.43,3100,-0.010110694006210398
control δ=0.43,0.43,3120,-0.010062476250254644
control δ=0.43,0.43,3140,-0.009942417106599174
control δ=0.43,0.43,3160,-0.009930835401200648
control δ=0.43,0.43,3180,-0.01001545115252827
control δ=0.43,0.43,3200,-0.010057445208539965
control δ=0.43,0.43,3220,-0.010011212959772219
control δ=0.43,0.43,3240,-0.009961748406755205
control δ=0.43,0.43,3260,-0.009976566445152952
control δ=0.43,0.43,3280,-0.010019151199767692
control δ=0.43,0.43,3300,-0.010024963681470692
control δ=0.43,0.43,3320,-0.009995634141242665
control δ=0.43,0.43,3340,-0.009979731984257882
control δ=0.43,0.43,3360,-0.009995239265072453
control δ=0.43,0.43,3380,-0.01001317142400629
control δ=0.43,0.43,3400,-0.01000873708550935
control δ=0.43,0.43,3420,-0.009993667205267662
control δ=0.43,0.43,3440,-0.009991009655771349
control δ=0.43,0.43,3460,-0.01000115315928286
control δ=0.43,0.43,3480,-0.010007132152867639
control δ=0.43,0.43,3500,-0.010001960057198101
control δ=0.43,0.43,3520,-0.009995476705613258
control δ=0.43,0.43,3540,-0.009996758001720334
control δ=0.43,0.43,3560,-0.01000207917078586
control δ=0.43,0.43,3580,-0.010003228848780321
control δ=0.43,0.43,3600,-0.009999730848127946
control δ=0.43,0.43,3620,-0.009997495572226735
control δ=0.43,0.43,3640,-0.009999210919101598
control δ=0.43,0.43,3660,-0.010001548424957957
control δ=0.43,0.43,3680,-0.010001197519186805
control δ=0.43,0.43,3700,-0.009999322863397723
control δ=0.43,0.43,3720,-0.009998843187394059
control δ=0.43,0.43,3740,-0.01000004609393006
control δ=0.43,0.43,3760,-0.01000087736831494
control δ=0.43,0.43,3780,-0.010000312235777166
control δ=0.43,0.43,3800,-0.00999947167015297
control δ=0.43,0.43,3820,-0.009999559464393412
control δ=0.43,0.43,3840,-0.010000218427748099
control δ=0.43,0.43,3860,-0.010000413443961907
control δ=0.43,0.43,3880,-0.010000001039718029
control δ=0.43,0.43,3900,-0.009999693342091866
control δ=0.43,0.43,3920,-0.009999878129884574
control δ=0.43,0.43,3940,-0.010000179630547338
control δ=0.43,0.43,3960,-0.01000016144906473
control δ=0.43,0.43,3980,-0.009999930342699768
control δ=0.43,0.43,4000,-0.009999852583127744
control δ=0.43,0.43,4020,-0.009999993520643482
control δ=0.43,0.43,4040,-0.010000106928738373
control δ=0.43,0.43,4060,-0.010000047038019173
control δ=0.43,0.43,4080,-0.009999939158378261
control δ=0.43,0.43,4100,-0.00999994103841393
control δ=0.43,0.43,4120,-0.010000021903788056
control δ=0.43,0.43,4140,-0.010000052440875262
control δ=0.43,0.43,4160,-0.010000004440603266
control δ=0.43,0.43,4180,-0.00999996280536767
control δ=0.43,0.43,4200,-0.009999982013925521
control δ=0.43,0.43,4220,-0.010000020522072911
control δ=0.43,0.43,4240,-0.010000021462470688
control δ=0.43,0.43,4260,-0.009999993233566241
control δ=0.43,0.43,4280,-0.009999981387641256
control δ=0.43,0.43,4300,-0.009999997675535329
control δ=0.43,0.43,4320,-0.010000012905610221
control δ=0.43,0.43,4340,-0.010000006822765119
control δ=0.43,0.43,4360,-0.00999999310919029
control δ=0.43,0.43,4380,-0.009999992211535233
control δ=0.43,0.43,4400,-0.010000002042189836
control δ=0.43,0.43,4420,-0.010000006591005486
control δ=0.43,0.43,4440,-0.010000001086002304
control δ=0.43,0.43,4460,-0.009999995533666317
control δ=0.43,0.43,4480,-0.009999997429677474
control δ=0.43,0.43,4500,-0.010000002302171379
control δ=0.43,0.43,4520,-0.010000002818115425
control δ=0.43,0.43,4540,-0.009999999403018444
control δ=0.43,0.43,4560,-0.00999999767122925
control δ=0.43,0.43,4580,-0.009999999523757876
control δ=0.43,0.43,4600,-0.010000001541528625
control δ=0.43,0.43,4620,-0.010000000962459621
control δ=0.43,0.43,4640,-0.009999999235170458
control δ=0.43,0.43,4660,-0.009999998983147757
control δ=0.43,0.43,4680,-0.010000000166486396
control δ=0.43,0.43,4700,-0.01000000082097633
control δ=0.43,0.43,4720,-0.010000000200538931
control δ=0.43,0.43,4740,-0.009999999469445612
control δ=0.43,0.43,4760,-0.009999999641547432
control δ=0.43,0.43,4780,-0.010000000252489365
control δ=0.43,0.43,4800,-0.01000000036593688
control δ=0.43,0.43,4820,-0.009999999956988404
control δ=0.43,0.43,4840,-0.009999999711224995
control δ=0.43,0.43,4860,-0.009999999917912259
control δ=0.43,0.43,4880,-0.010000000182061635
control δ=0.43,0.43,4900,-0.01000000013286064
control δ=0.43,0.43,4920,-0.00999999991724648
control δ=0.43,0.43,4940,-0.009999999868650883
control δ=0.43,0.43,4960,-0.010000000009584845
control δ=0.43,0.43,4980,-0.010000000101352227
control δ=0.43,0.43,5000,-0.01000000003289822
control δ=0.43,0.43,5020,-0.00999999993773194
control δ=0.43,0.43,5040,-0.009999999950981902
control δ=0.43,0.43,5060,-0.01000000002689723
control δ=0.43,0.43,5080,-0.010000000047024801
control δ=0.43,0.43,5100,-0.00999999999859499
control δ=0.43,0.43,5120,-0.009999999964524508
control δ=0.43,0.43,5140,-0.009999999987031879
control δ=0.43,0.43,5160,-0.010000000021223159
control δ=0.43,0.43,5180,-0.010000000018016542
control δ=0.43,0.43,5200,-0.00999999999134356
control δ=0.43,0.43,5220,-0.00999999998319803
control δ=0.43,0.43,5240,-0.009999999999794673
control δ=0.43,0.43,5260,-0.010000000012397231
control δ=0.43,0.43,5280,-0.010000000005049282
control δ=0.43,0.43,5300,-0.009999999992783002
control δ=0.43,0.43,5320,-0.009999999993403792
control δ=0.43,0.43,5340,-0.010000000002756753
control δ=0.43,0.43,5360,-0.010000000005988092
control δ=0.43,0.43,5380,-0.010000000000318282
control δ=0.43,0.43,5400,-0.009999999995676065
control δ=0.43,0.43,5420,-0.00999999999806506
control δ=0.43,0.43,5440,-0.010000000002427147
control δ=0.43,0.43,5460,-0.010000000002390578
control δ=0.43,0.43,5480,-0.009999999999143725
control δ=0.43,0.43,5500,-0.009999999997878626
control δ=0.43,0.43,5520,-0.009999999999799884
control δ=0.43,0.43,5540,-0.010000000001496267
control δ=0.43,0.43,5560,-0.0100000000007449
control δ=0.43,0.43,5580,-0.00999999999917341
control δ=0.43,0.43,5600,-0.009999999999116485
control δ=0.43,0.43,5620,-0.010000000000267597
control δ=0.43,0.43,5640,-0.01000000000075256
control δ=0.43,0.43,5660,-0.010000000000091786
control δ=0.43,0.43,5680,-0.009999999999476452
control δ=0.43,0.43,5700,-0.009999999999727529
control δ=0.43,0.43,5720,-0.010000000000285506
control δ=0.43,0.43,5740,-0.01000000000033181
control δ=0.43,0.43,5760,-0.009999999999918048
control δ=0.43,0.43,5780,-0.009999999999744089
control δ=0.43,0.43,5800,-0.009999999999955461
control δ=0.43,0.43,5820,-0.01000000000017922
control δ=0.43,0.43,5840,-0.010000000000099693
control δ=0.43,0.43,5860,-0.009999999999913162
control δ=0.43,0.43,5880,-0.00999999999988025
control δ=0.43,0.43,5900,-0.010000000000029
control δ=0.43,0.43,5920,-0.01000000000009904
control δ=0.43,0.43,5940,-0.010000000000015588
control δ=0.43,0.43,5960,-0.009999999999935068
control δ=0.43,0.43,5980,-0.009999999999951489
control δ=0.43,0.43,6000,-0.010000000000022165
control δ=0.43,0.43,6020,-0.010000000000052845
control δ=0.43,0.43,6040,-0.00999999999999999
control δ=0.43,0.43,6060,-0.009999999999968458
control δ=0.43,0.43,6080,-0.009999999999993483
control δ=0.43,0.43,6100,-0.010000000000023275
control δ=0.43,0.43,6120,-0.010000000000016765
control δ=0.43,0.43,6140,-0.0099999999999854
control δ=0.43,0.43,6160,-0.00999999999997532
control δ=0.43,0.43,6180,-0.010000000000011592
control δ=0.43,0.43,6200,-0.010000000000028215
control δ=0.43,0.43,6220,-0.010000000000010409
control δ=0.43,0.43,6240,-0.010000000000015063
control δ=0.43,0.43,6260,-0.010000000000012815
control δ=0.43,0.43,6280,-0.010000000000012815
control δ=0.43,0.43,6300,-0.010000000000012815
control δ=0.43,0.43,6320,-0.010000000000013144
control δ=0.43,0.43,6340,-0.010000000000013144
control δ=0.43,0.43,6360,-0.010000000000013144
control δ=0.43,0.43,6380,-0.010000000000013144
control δ=0.43,0.43,6400,-0.010000000000013144
control δ=0.43,0.43,6420,-0.010000000000013144
control δ=0.43,0.43,6440,-0.010000000000013144
control δ=0.43,0.43,6460,-0.010000000000013144
control δ=0.43,0.43,6480,-0.010000000000010837
control δ=0.43,0.43,6500,-0.010000000000008422
control δ=0.43,0.43,6520,-0.01000000000000633
control δ=0.43,0.43,6540,-0.009999999999996614
control δ=0.43,0.43,6560,-0.009999999999989132
control δ=0.43,0.43,6580,-0.00999999999998983
control δ=0.43,0.43,6600,-0.00999999999998983
control δ=0.43,0.43,6620,-0.00999999999998983
control δ=0.43,0.43,6640,-0.00999999999998983
control δ=0.43,0.43,6660,-0.00999999999998983
control δ=0.43,0.43,6680,-0.00999999999998983
control δ=0.43,0.43,6700,-0.00999999999998983
control δ=0.43,0.43,6720,-0.00999999999998983
control δ=0.43,0.43,6740,-0.00999999999998983
control δ=0.43,0.43,6760,-0.00999999999998983
control δ=0.43,0.43,6780,-0.00999999999998983
control δ=0.43,0.43,6800,-0.00999999999998983
control δ=0.43,0.43,6820,-0.00999999999998983
control δ=0.43,0.43,6840,-0.00999999999998983
control δ=0.43,0.43,6860,-0.00999999999998983
control δ=0.43,0.43,6880,-0.00999999999998983
control δ=0.43,0.43,6900,-0.00999999999998983
control δ=0.43,0.43,6920,-0.00999999999998983
control δ=0.43,0.43,6940,-0.00999999999998983
control δ=0.43,0.43,6960,-0.00999999999998983
control δ=0.43,0.43,6980,-0.00999999999998983
control δ=0.43,0.43,7000,-0.00999999999998983
control δ=0.43,0.43,7020,-0.00999999999998983
control δ=0.43,0.43,7040,-0.00999999999998983
control δ=0.43,0.43,7060,-0.00999999999998983
control δ=0.43,0.43,7080,-0.00999999999998983
control δ=0.43,0.43,7100,-0.00999999999998983
control δ=0.43,0.43,7120,-0.00999999999998983
control δ=0.43,0.43,7140,-0.00999999999998983
control δ=0.43,0.43,7160,-0.00999999999998983
control δ=0.43,0.43,7180,-0.00999999999998983
control δ=0.43,0.43,7200,-0.00999999999998983
control δ=0.43,0.43,7220,-0.00999999999998983
control δ=0.43,0.43,7240,-0.00999999999998983
control δ=0.43,0.43,7260,-0.00999999999998983
control δ=0.43,0.43,7280,-0.00999999999998983
control δ=0.43,0.43,7300,-0.00999999999998983
control δ=0.43,0.43,7320,-0.00999999999998983
control δ=0.43,0.43,7340,-0.00999999999998983
control δ=0.43,0.43,7360,-0.00999999999998983
control δ=0.43,0.43,7380,-0.00999999999998983
control δ=0.43,0.43,7400,-0.00999999999998983
control δ=0.43,0.43,7420,-0.00999999999998983
control δ=0.43,0.43,7440,-0.00999999999998983
control δ=0.43,0.43,7460,-0.00999999999998983
control δ=0.43,0.43,7480,-0.00999999999998983
control δ=0.43,0.43,7500,-0.00999999999998983
control δ=0.43,0.43,7520,-0.00999999999998983
control δ=0.43,0.43,7540,-0.00999999999998983
control δ=0.43,0.43,7560,-0.00999999999998983
control δ=0.43,0.43,7580,-0.00999999999998983
control δ=0.43,0.43,7600,-0.00999999999998983
control δ=0.43,0.43,7620,-0.00999999999998983
control δ=0.43,0.43,7640,-0.00999999999998983
control δ=0.43,0.43,7660,-0.00999999999998983
control δ=0.43,0.43,7680,-0.00999999999998983
control δ=0.43,0.43,7700,-0.00999999999998983
control δ=0.43,0.43,7720,-0.00999999999998983
control δ=0.43,0.43,7740,-0.00999999999998983
control δ=0.43,0.43,7760,-0.00999999999998983
control δ=0.43,0.43,7780,-0.00999999999998983
control δ=0.43,0.43,7800,-0.00999999999998983
control δ=0.43,0.43,7820,-0.00999999999998983
control δ=0.43,0.43,7840,-0.00999999999998983
control δ=0.43,0.43,7860,-0.00999999999998983
control δ=0.43,0.43,7880,-0.00999999999998983
control δ=0.43,0.43,7900,-0.00999999999998983
control δ=0.43,0.43,7920,-0.00999999999998983
control δ=0.43,0.43,7940,-0.00999999999998983
control δ=0.43,0.43,7960,-0.00999999999998983
control δ=0.43,0.43,7980,-0.00999999999998983
control δ=0.43,0.43,8000,-0.00999999999998983
control δ=1.29,1.29,20,-0.521511115702546
control δ=1.29,1.29,40,4.354114108496162
control δ=1.29,1.29,60,1.2364535284944296
control δ=1.29,1.29,80,0.5627537822771791
control δ=1.29,1.29,100,0.5902171946046948
control δ=1.29,1.29,120,0.5912866829872477
control δ=1.29,1.29,140,0.5912193906993624
control δ=1.29,1.29,160,0.5912246168725912
control δ=1.29,1.29,180,0.6025913667765568
control δ=1.29,1.29,200,0.5870107844481497
control δ=1.29,1.29,220,0.5891241031639014
control δ=1.29,1.29,240,0.589011632651109
control δ=1.29,1.29,260,0.5890405756215147
control δ=1.29,1.29,280,0.589083776965764
control δ=1.29,1.29,300,0.589124346754859
control δ=1.29,1.29,320,0.5891675143846162
control δ=1.29,1.29,340,0.5892132370379604
control δ=1.29,1.29,360,0.5892620380647637
control δ=1.29,1.29,380,0.5893147047536128
control δ=1.29,1.29,400,0.5893724137322083
control δ=1.29,1.29,420,0.5894371181204584
control δ=1.29,1.29,440,0.5895125441439601
control δ=1.29,1.29,460,0.5896079347570983
control δ=1.29,1.29,480,0.5697448838194927
control δ=1.29,1.29,500,0.41605471819749174
control δ=1.29,1.29,520,0.5883075359103267
control δ=1.29,1.29,540,0.41581488212365464
control δ=1.29,1.29,560,0.41580202277978656
control δ=1.29,1.29,580,0.4156529669034296
control δ=1.29,1.29,600,0.4156143794430215
control δ=1.29,1.29,620,0.41560730934070156
control δ=1.29,1.29,640,0.415606913954474
control δ=1.29,1.29,660,0.4156081904541543
control δ=1.29,1.29,680,0.41560755341356054
control δ=1.29,1.29,700,0.41560721994989763
control δ=1.29,1.29,720,0.4156072609079602
control δ=1.29,1.29,740,0.4156073521548711
control δ=1.29,1.29,760,0.41560735076352906
control δ=1.29,1.29,780,0.41560732886360574
control δ=1.29,1.29,800,0.41560732603212813
control δ=1.29,1.29,820,0.4156073309141701
control δ=1.29,1.29,840,0.41560733225266666
control δ=1.29,1.29,860,0.4156073312592128
control δ=1.29,1.29,880,0.41560733080202583
control δ=1.29,1.29,900,0.41560733097869573
control δ=1.29,1.29,920,0.4156073311126738
control δ=1.29,1.29,940,0.41560733108842624
control δ=1.29,1.29,960,0.4156073310528908
control δ=1.29,1.29,980,0.41560733105389214
control δ=1.29,1.29,1000,0.4156073310625639
control δ=1.29,1.29,1020,0.4156073310635054
control δ=1.29,1.29,1040,0.415607331061534
control δ=1.29,1.29,1060,0.4156073310610523
control δ=1.29,1.29,1080,0.41560733106144376
control δ=1.29,1.29,1100,0.4156073310616361
control δ=1.29,1.29,1120,0.41560733106157055
control δ=1.29,1.29,1140,0.41560733106150755
control δ=1.29,1.29,1160,0.41560733106152203
control δ=1.29,1.29,1180,0.41560733106152636
control δ=1.29,1.29,1200,0.41560733106152375
control δ=1.29,1.29,1220,0.41560733106152525
control δ=1.29,1.29,1240,0.41560733106152786
control δ=1.29,1.29,1260,0.4156073310615323
control δ=1.29,1.29,1280,0.41560733106152814
control δ=1.29,1.29,1300,0.41560733106152636
control δ=1.29,1.29,1320,0.41560733106151787
control δ=1.29,1.29,1340,0.4156073310615365
control δ=1.29,1.29,1360,0.4156073310615131
control δ=1.29,1.29,1380,0.41560733106154335
control δ=1.29,1.29,1400,0.4156073310615248
control δ=1.29,1.29,1420,0.4156073310615215
control δ=1.29,1.29,1440,0.4156073310615296
control δ=1.29,1.29,1460,0.41560733106151415
control δ=1.29,1.29,1480,0.41560733106154535
control δ=1.29,1.29,1500,0.4156073310615275
control δ=1.29,1.29,1520,0.41560733106154524
control δ=1.29,1.29,1540,0.41560733106152103
control δ=1.29,1.29,1560,0.41560733106152253
control δ=1.29,1.29,1580,0.41560733106152853
control δ=1.29,1.29,1600,0.4156073310615395
control δ=1.29,1.29,1620,0.4156073310615353
control δ=1.29,1.29,1640,0.41560733106153
control δ=1.29,1.29,1660,0.4156073310615298
control δ=1.29,1.29,1680,0.41560733106153486
control δ=1.29,1.29,1700,0.4156073310615391
control δ=1.29,1.29,1720,0.4156073310615187
control δ=1.29,1.29,1740,0.41560733106153114
control δ=1.29,1.29,1760,0.41560733106154546
control δ=1.29,1.29,1780,0.41560733106154024
control δ=1.29,1.29,1800,0.41560733106152786
control δ=1.29,1.29,1820,0.41560733106153125
control δ=1.29,1.29,1840,0.4156073310615298
control δ=1.29,1.29,1860,0.4156073310615246
control δ=1.29,1.29,1880,0.4156073310615327
control δ=1.29,1.29,1900,0.41560733106153985
control δ=1.29,1.29,1920,0.41560733106152614
control δ=1.29,1.29,1940,0.4156073310615208
control δ=1.29,1.29,1960,0.4156073310615366
control δ=1.29,1.29,1980,0.41560733106152503
control δ=1.29,1.29,2000,0.41560733106152625
control δ=1.29,1.29,2020,0.4156073310615309
control δ=1.29,1.29,2040,0.41560733106153414
control δ=1.29,1.29,2060,0.41560733106152214
control δ=1.29,1.29,2080,0.41560733106153513
control δ=1.29,1.29,2100,0.4156073310615388
control δ=1.29,1.29,2120,0.41560733106151826
control δ=1.29,1.29,2140,0.41560733106153647
control δ=1.29,1.29,2160,0.4156073310615229
control δ=1.29,1.29,2180,0.41560733106153536
control δ=1.29,1.29,2200,0.4156073310615329
control δ=1.29,1.29,2220,0.4156073310615089
control δ=1.29,1.29,2240,0.4156073310615357
control δ=1.29,1.29,2260,0.41560733106152614
control δ=1.29,1.29,2280,0.41560733106151826
control δ=1.29,1.29,2300,0.41560733106152914
control δ=1.29,1.29,2320,0.4156073310615217
control δ=1.29,1.29,2340,0.4156073310615487
control δ=1.29,1.29,2360,0.4156073310615235
control δ=1.29,1.29,2380,0.41560733106152803
control δ=1.29,1.29,2400,0.4156073310615323
control δ=1.29,1.29,2420,0.41560733106151926
control δ=1.29,1.29,2440,0.41560733106152137
control δ=1.29,1.29,2460,0.4156073310615168
control δ=1.29,1.29,2480,0.41560733106151937
control δ=1.29,1.29,2500,0.41560733106151804
control δ=1.29,1.29,2520,0.41560733106152237
control δ=1.29,1.29,2540,0.41560733106151215
control δ=1.29,1.29,2560,0.41560733106150577
control δ=1.29,1.29,2580,0.4156073310615216
control δ=1.29,1.29,2600,0.4156073310615126
control δ=1.29,1.29,2620,0.4156073310615135
control δ=1.29,1.29,2640,0.4156073310615189
control δ=1.29,1.29,2660,0.41560733106151426
control δ=1.29,1.29,2680,0.41560733106151904
control δ=1.29,1.29,2700,0.4156073310614986
control δ=1.29,1.29,2720,0.4156073310615046
control δ=1.29,1.29,2740,0.4156073310615205
control δ=1.29,1.29,2760,0.4156073310615035
control δ=1.29,1.29,2780,0.4156073310615428
control δ=1.29,1.29,2800,0.4156073310615428
control δ=1.29,1.29,2820,0.41560733106148423
control δ=1.29,1.29,2840,0.41560733106150516
control δ=1.29,1.29,2860,0.4156073310615033
control δ=1.29,1.29,2880,0.4156073310615038
control δ=1.29,1.29,2900,0.4156073310615036
control δ=1.29,1.29,2920,0.4156073310614832
control δ=1.29,1.29,2940,0.4156073310615057
control δ=1.29,1.29,2960,0.4156073310615016
control δ=1.29,1.29,2980,0.41560733106152464
control δ=1.29,1.29,3000,0.4156073310615058
control δ=1.29,1.29,3020,0.41560733106152015
control δ=1.29,1.29,3040,0.4156073310614972
control δ=1.29,1.29,3060,0.4156073310615124
control δ=1.29,1.29,3080,0.4156073310615336
control δ=1.29,1.29,3100,0.415607331061515
control δ=1.29,1.29,3120,0.41560733106151293
control δ=1.29,1.29,3140,0.4156073310614967
control δ=1.29,1.29,3160,0.4156073310615095
control δ=1.29,1.29,3180,0.4156073310614952
control δ=1.29,1.29,3200,0.4156073310615044
control δ=1.29,1.29,3220,0.41560733106151715
control δ=1.29,1.29,3240,0.41560733106149583
control δ=1.29,1.29,3260,0.41560733106149766
control δ=1.29,1.29,3280,0.41560733106150116
control δ=1.29,1.29,3300,0.41560733106152453
control δ=1.29,1.29,3320,0.4156073310615167
control δ=1.29,1.29,3340,0.41560733106150116
control δ=1.29,1.29,3360,0.4156073310615159
control δ=1.29,1.29,3380,0.41560733106150205
control δ=1.29,1.29,3400,0.4156073310615189
control δ=1.29,1.29,3420,0.4156073310614854
control δ=1.29,1.29,3440,0.41560733106152903
control δ=1.29,1.29,3460,0.4156073310615009
control δ=1.29,1.29,3480,0.4156073310614916
control δ=1.29,1.29,3500,0.41560733106150155
control δ=1.29,1.29,3520,0.41560733106149894
control δ=1.29,1.29,3540,0.41560733106148984
control δ=1.29,1.29,3560,0.4156073310614886
control δ=1.29,1.29,3580,0.41560733106151737
control δ=1.29,1.29,3600,0.4156073310615077
control δ=1.29,1.29,3620,0.41560733106149284
control δ=1.29,1.29,3640,0.41560733106148856
control δ=1.29,1.29,3660,0.41560733106152054
control δ=1.29,1.29,3680,0.4156073310615259
control δ=1.29,1.29,3700,0.4156073310614895
control δ=1.29,1.29,3720,0.41560733106150244
control δ=1.29,1.29,3740,0.41560733106150616
control δ=1.29,1.29,3760,0.4156073310615187
control δ=1.29,1.29,3780,0.41560733106150655
control δ=1.29,1.29,3800,0.41560733106151315
control δ=1.29,1.29,3820,0.4156073310615168
control δ=1.29,1.29,3840,0.41560733106150116
control δ=1.29,1.29,3860,0.415607331061518
control δ=1.29,1.29,3880,0.4156073310615135
control δ=1.29,1.29,3900,0.41560733106150405
control δ=1.29,1.29,3920,0.41560733106152814
control δ=1.29,1.29,3940,0.41560733106149095
control δ=1.29,1.29,3960,0.4156073310615022
control δ=1.29,1.29,3980,0.4156073310615028
control δ=1.29,1.29,4000,0.4156073310615107
control δ=1.29,1.29,4020,0.4156073310614933
control δ=1.29,1.29,4040,0.4156073310615012
control δ=1.29,1.29,4060,0.4156073310615047
control δ=1.29,1.29,4080,0.41560733106150227
control δ=1.29,1.29,4100,0.415607331061517
control δ=1.29,1.29,4120,0.415607331061526
control δ=1.29,1.29,4140,0.41560733106149367
control δ=1.29,1.29,4160,0.41560733106149544
control δ=1.29,1.29,4180,0.415607331061554
control δ=1.29,1.29,4200,0.4156073310615038
control δ=1.29,1.29,4220,0.4156073310615234
control δ=1.29,1.29,4240,0.4156073310615192
control δ=1.29,1.29,4260,0.41560733106150494
control δ=1.29,1.29,4280,0.4156073310615246
control δ=1.29,1.29,4300,0.41560733106151276
control δ=1.29,1.29,4320,0.4156073310614896
control δ=1.29,1.29,4340,0.4156073310615124
control δ=1.29,1.29,4360,0.41560733106149544
control δ=1.29,1.29,4380,0.41560733106151326
control δ=1.29,1.29,4400,0.41560733106151737
control δ=1.29,1.29,4420,0.4156073310615076
control δ=1.29,1.29,4440,0.4156073310614796
control δ=1.29,1.29,4460,0.4156073310615056
control δ=1.29,1.29,4480,0.41560733106148384
control δ=1.29,1.29,4500,0.41560733106149306
control δ=1.29,1.29,4520,0.4156073310615178
control δ=1.29,1.29,4540,0.4156073310614844
control δ=1.29,1.29,4560,0.41560733106151604
control δ=1.29,1.29,4580,0.415607331061534
control δ=1.29,1.29,4600,0.41560733106150305
control δ=1.29,1.29,4620,0.41560733106151027
control δ=1.29,1.29,4640,0.4156073310615283
control δ=1.29,1.29,4660,0.41560733106151915
control δ=1.29,1.29,4680,0.41560733106153935
control δ=1.29,1.29,4700,0.41560733106152825
control δ=1.29,1.29,4720,0.41560733106150227
control δ=1.29,1.29,4740,0.41560733106151676
control δ=1.29,1.29,4760,0.4156073310615028
control δ=1.29,1.29,4780,0.4156073310615096
control δ=1.29,1.29,4800,0.41560733106150954
control δ=1.29,1.29,4820,0.41560733106150727
control δ=1.29,1.29,4840,0.41560733106152814
control δ=1.29,1.29,4860,0.4156073310615168
control δ=1.29,1.29,4880,0.41560733106150416
control δ=1.29,1.29,4900,0.4156073310615267
control δ=1.29,1.29,4920,0.41560733106152364
control δ=1.29,1.29,4940,0.4156073310614929
control δ=1.29,1.29,4960,0.4156073310615144
control δ=1.29,1.29,4980,0.4156073310614913
control δ=1.29,1.29,5000,0.4156073310615276
control δ=1.29,1.29,5020,0.4156073310615268
control δ=1.29,1.29,5040,0.41560733106148884
control δ=1.29,1.29,5060,0.41560733106151715
control δ=1.29,1.29,5080,0.41560733106153286
control δ=1.29,1.29,5100,0.4156073310614985
control δ=1.29,1.29,5120,0.41560733106150904
control δ=1.29,1.29,5140,0.4156073310615013
control δ=1.29,1.29,5160,0.4156073310615295
control δ=1.29,1.29,5180,0.41560733106148484
control δ=1.29,1.29,5200,0.4156073310614933
control δ=1.29,1.29,5220,0.41560733106150183
control δ=1.29,1.29,5240,0.41560733106158154
control δ=1.29,1.29,5260,0.4156073310615461
control δ=1.29,1.29,5280,0.4156073310615002
control δ=1.29,1.29,5300,0.4156073310615326
control δ=1.29,1.29,5320,0.4156073310614931
control δ=1.29,1.29,5340,0.4156073310615279
control δ=1.29,1.29,5360,0.41560733106153036
control δ=1.29,1.29,5380,0.41560733106150904
control δ=1.29,1.29,5400,0.4156073310614993
control δ=1.29,1.29,5420,0.4156073310615104
control δ=1.29,1.29,5440,0.41560733106150405
control δ=1.29,1.29,5460,0.41560733106153236
control δ=1.29,1.29,5480,0.41560733106155234
control δ=1.29,1.29,5500,0.41560733106152137
control δ=1.29,1.29,5520,0.41560733106151937
control δ=1.29,1.29,5540,0.41560733106150455
control δ=1.29,1.29,5560,0.4156073310615058
control δ=1.29,1.29,5580,0.4156073310615159
control δ=1.29,1.29,5600,0.4156073310614837
control δ=1.29,1.29,5620,0.4156073310614914
control δ=1.29,1.29,5640,0.4156073310615509
control δ=1.29,1.29,5660,0.4156073310615296
control δ=1.29,1.29,5680,0.4156073310615199
control δ=1.29,1.29,5700,0.4156073310615186
control δ=1.29,1.29,5720,0.4156073310615148
control δ=1.29,1.29,5740,0.41560733106148806
control δ=1.29,1.29,5760,0.41560733106152226
control δ=1.29,1.29,5780,0.41560733106149933
control δ=1.29,1.29,5800,0.4156073310614904
control δ=1.29,1.29,5820,0.415607331061503
control δ=1.29,1.29,5840,0.41560733106153547
control δ=1.29,1.29,5860,0.41560733106150927
control δ=1.29,1.29,5880,0.4156073310615058
control δ=1.29,1.29,5900,0.4156073310615123
control δ=1.29,1.29,5920,0.415607331061495
control δ=1.29,1.29,5940,0.41560733106153336
control δ=1.29,1.29,5960,0.4156073310615128
control δ=1.29,1.29,5980,0.41560733106155046
control δ=1.29,1.29,6000,0.415607331061544
control δ=1.29,1.29,6020,0.41560733106151526
control δ=1.29,1.29,6040,0.41560733106151465
control δ=1.29,1.29,6060,0.41560733106150244
control δ=1.29,1.29,6080,0.4156073310615149
control δ=1.29,1.29,6100,0.4156073310614953
control δ=1.29,1.29,6120,0.41560733106152137
control δ=1.29,1.29,6140,0.41560733106151426
control δ=1.29,1.29,6160,0.4156073310615368
control δ=1.29,1.29,6180,0.41560733106150094
control δ=1.29,1.29,6200,0.41560733106152176
control δ=1.29,1.29,6220,0.4156073310615077
control δ=1.29,1.29,6240,0.41560733106151676
control δ=1.29,1.29,6260,0.41560733106148867
control δ=1.29,1.29,6280,0.4156073310614997
control δ=1.29,1.29,6300,0.41560733106151687
control δ=1.29,1.29,6320,0.41560733106150705
control δ=1.29,1.29,6340,0.41560733106150766
control δ=1.29,1.29,6360,0.4156073310615167
control δ=1.29,1.29,6380,0.4156073310615107
control δ=1.29,1.29,6400,0.41560733106150016
control δ=1.29,1.29,6420,0.4156073310615145
control δ=1.29,1.29,6440,0.41560733106152536
control δ=1.29,1.29,6460,0.41560733106152353
control δ=1.29,1.29,6480,0.41560733106152414
control δ=1.29,1.29,6500,0.41560733106151676
control δ=1.29,1.29,6520,0.4156073310614916
control δ=1.29,1.29,6540,0.41560733106153386
control δ=1.29,1.29,6560,0.4156073310614967
control δ=1.29,1.29,6580,0.4156073310615223
control δ=1.29,1.29,6600,0.4001521912297591
control δ=1.29,1.29,6620,0.2727711180946087
control δ=1.29,1.29,6640,0.15002003795735658
control δ=1.29,1.29,6660,0.07172119616651668
control δ=1.29,1.29,6680,0.024995610372272582
control δ=1.29,1.29,6700,-0.0031830312210556254
control δ=1.29,1.29,6720,-0.020408191183131284
control δ=1.29,1.29,6740,-0.030792202079891418
control δ=1.29,1.29,6760,-0.036570922959165614
control δ=1.29,1.29,6780,-0.038986383341876304
control δ=1.29,1.29,6800,-0.03874682135515887
control δ=1.29,1.29,6820,-0.03627745738279557
control δ=1.29,1.29,6840,-0.031879642636532146
control δ=1.29,1.29,6860,-0.025856711446461338
control δ=1.29,1.29,6880,-0.01862759566008098
control δ=1.29,1.29,6900,-0.010816756460835651
control δ=1.29,1.29,6920,-0.0032755899958813676
control δ=1.29,1.29,6940,0.003022729855557223
control δ=1.29,1.29,6960,0.007225023977897876
control δ=1.29,1.29,6980,0.008876912438656893
control δ=1.29,1.29,7000,0.008067456327515928
control δ=1.29,1.29,7020,0.005344958584989347
control δ=1.29,1.29,7040,0.0014763925531100933
control δ=1.29,1.29,7060,-0.0027937892461192973
control δ=1.29,1.29,7080,-0.006884789302057255
control δ=1.29,1.29,7100,-0.010415269458035687
control δ=1.29,1.29,7120,-0.013177361545296216
control δ=1.29,1.29,7140,-0.015091422332643666
control δ=1.29,1.29,7160,-0.01616510484494154
control δ=1.29,1.29,7180,-0.01646431193921596
control δ=1.29,1.29,7200,-0.01609518928465881
control δ=1.29,1.29,7220,-0.01519327259002138
control δ=1.29,1.29,7240,-0.013915499471417158
control δ=1.29,1.29,7260,-0.01243154848470658
control δ=1.29,1.29,7280,-0.010912385814984835
control δ=1.29,1.29,7300,-0.009515823263547973
control δ=1.29,1.29,7320,-0.008370964899171485
control δ=1.29,1.29,7340,-0.007564929182876851
control δ=1.29,1.29,7360,-0.00713540305634767
control δ=1.29,1.29,7380,-0.007071159039558509
control δ=1.29,1.29,7400,-0.007320257818591596
control δ=1.29,1.29,7420,-0.007803446098850077
control δ=1.29,1.29,7440,-0.008429225050894155
control δ=1.29,1.29,7460,-0.009107420223385768
control δ=1.29,1.29,7480,-0.009759317929795314
control δ=1.29,1.29,7500,-0.010323802088998626
control δ=1.29,1.29,7520,-0.010759909772355893
control δ=1.29,1.29,7540,-0.011046674928272694
control δ=1.29,1.29,7560,-0.011181163231632638
control δ=1.29,1.29,7580,-0.011175420041361652
control δ=1.29,1.29,7600,-0.011052829561422594
control δ=1.29,1.29,7620,-0.010844214130696497
control δ=1.29,1.29,7640,-0.010583917785032218
control δ=1.29,1.29,7660,-0.01030610190793544
control δ=1.29,1.29,7680,-0.010041494136056806
control δ=1.29,1.29,7700,-0.009814832475082219
control δ=1.29,1.29,7720,-0.009643204671850323
control δ=1.29,1.29,7740,-0.009535390253015134
control δ=1.29,1.29,7760,-0.009492185054181031
control δ=1.29,1.29,7780,-0.009507557228883901
control δ=1.29,1.29,7800,-0.009570383467849799
control δ=1.29,1.29,7820,-0.00966646695589731
control δ=1.29,1.29,7840,-0.009780548685042027
control δ=1.29,1.29,7860,-0.009898078871467226
control δ=1.29,1.29,7880,-0.010006594236518698
control δ=1.29,1.29,7900,-0.01009662869769739
control δ=1.29,1.29,7920,-0.010162154580530321
control δ=1.29,1.29,7940,-0.01020060188028496
control δ=1.29,1.29,7960,-0.010212534079469291
control δ=1.29,1.29,7980,-0.01020107405568691
control δ=1.29,1.29,8000,-0.010171177138258268
control δ=2,2.0,20,3.860334645755326
control δ=2,2.0,40,2.5911220247012814
control δ=2,2.0,60,2.8224474640680364
control δ=2,2.0,80,1.341555769197676
control δ=2,2.0,100,0.6676081802624407
control δ=2,2.0,120,0.5485162089117339
control δ=2,2.0,140,0.557089258622069
control δ=2,2.0,160,0.5571775271755314
control δ=2,2.0,180,0.5571700264946565
control δ=2,2.0,200,0.5571694776925765
control δ=2,2.0,220,0.5571694062874699
control δ=2,2.0,240,0.557169424813277
control δ=2,2.0,260,0.5571694260930222
control δ=2,2.0,280,0.5571694255640405
control δ=2,2.0,300,0.5571694255566992
control δ=2,2.0,320,0.5571694255702866
control δ=2,2.0,340,0.43605446095541733
control δ=2,2.0,360,0.4725500407438927
control δ=2,2.0,380,0.4784318818607828
control δ=2,2.0,400,0.47739412829075567
control δ=2,2.0,420,0.47718197369828014
control δ=2,2.0,440,0.4771830112645092
control δ=2,2.0,460,0.4771651063144743
control δ=2,2.0,480,0.47714043670690076
control δ=2,2.0,500,0.4771159960094838
control δ=2,2.0,520,0.47709168235161425
control δ=2,2.0,540,0.47706728263325615
control δ=2,2.0,560,0.4770427899470096
control δ=2,2.0,580,0.4770182102619457
control δ=2,2.0,600,0.4769935435877797
control δ=2,2.0,620,0.47696878923594976
control δ=2,2.0,640,0.476943946681917
control δ=2,2.0,660,0.47691901542761395
control δ=2,2.0,680,0.4768939949663895
control δ=2,2.0,700,0.4768688847865932
control δ=2,2.0,720,0.47684368437272195
control δ=2,2.0,740,0.4768183932049377
control δ=2,2.0,760,0.47679301075967273
control δ=2,2.0,780,0.4767675365091074
control δ=2,2.0,800,0.47674196992113116
control δ=2,2.0,820,0.47671631045966906
control δ=2,2.0,840,0.47669055758427964
control δ=2,2.0,860,0.47666471075010863
control δ=2,2.0,880,0.4766387694081966
control δ=2,2.0,900,0.47661273300504947
control δ=2,2.0,920,0.47658660098285377
control δ=2,2.0,940,0.4765603727791599
control δ=2,2.0,960,0.47653404782723685
control δ=2,2.0,980,0.4765076255555616
control δ=2,2.0,1000,0.47648110538826904
control δ=2,2.0,1020,0.47645448674462143
control δ=2,2.0,1040,0.47642776903932005
control δ=2,2.0,1060,0.4764009516822615
control δ=2,2.0,1080,0.47637403407849954
control δ=2,2.0,1100,0.4763470156284833
control δ=2,2.0,1120,0.47631989572754285
control δ=2,2.0,1140,0.47629267376603596
control δ=2,2.0,1160,0.4762653491295072
control δ=2,2.0,1180,0.476237921198406
control δ=2,2.0,1200,0.4762103893480001
control δ=2,2.0,1220,0.4761827529485349
control δ=2,2.0,1240,0.47615501136503036
control δ=2,2.0,1260,0.476127163957073
control δ=2,2.0,1280,0.47609921007934186
control δ=2,2.0,1300,0.4760711490807079
control δ=2,2.0,1320,0.47604298030488423
control δ=2,2.0,1340,0.47601470309006
control δ=2,2.0,1360,0.4759863167689624
control δ=2,2.0,1380,0.4759578206685362
control δ=2,2.0,1400,0.47592921411026146
control δ=2,2.0,1420,0.47590049640990806
control δ=2,2.0,1440,0.4758716668773137
control δ=2,2.0,1460,0.47584272481665957
control δ=2,2.0,1480,0.47581366952611975
control δ=2,2.0,1500,0.4757845002980087
control δ=2,2.0,1520,0.4757552164186355
control δ=2,2.0,1540,0.4757258171682299
control δ=2,2.0,1560,0.4756963018206365
control δ=2,2.0,1580,0.47566666964392657
control δ=2,2.0,1600,0.47563691989954043
control δ=2,2.0,1620,0.4756070518427733
control δ=2,2.0,1640,0.47557706472232586
control δ=2,2.0,1660,0.4755469577806769
control δ=2,2.0,1680,0.47551673025352914
control δ=2,2.0,1700,0.4754863813700781
control δ=2,2.0,1720,0.4754559103528109
control δ=2,2.0,1740,0.47542531641745595
control δ=2,2.0,1760,0.47539459877293405
control δ=2,2.0,1780,0.47536375662114155
control δ=2,2.0,1800,0.4753327891570455
control δ=2,2.0,1820,0.4753016955687668
control δ=2,2.0,1840,0.4752704750368564
control δ=2,2.0,1860,0.4752391267350641
control δ=2,2.0,1880,0.47520764982963526
control δ=2,2.0,1900,0.4751760434794364
control δ=2,2.0,1920,0.47514430683590847
control δ=2,2.0,1940,0.4751124390430146
control δ=2,2.0,1960,0.4750804392368769
control δ=2,2.0,1980,0.475048306546369
control δ=2,2.0,2000,0.4750160400921419
control δ=2,2.0,2020,0.4749836389869228
control δ=2,2.0,2040,0.47495110233593407
control δ=2,2.0,2060,0.4749184292358959
control δ=2,2.0,2080,0.4748856187756141
control δ=2,2.0,2100,0.4748526700354744
control δ=2,2.0,2120,0.4748195820877296
control δ=2,2.0,2140,0.4747863539962856
control δ=2,2.0,2160,0.4747529848160975
control δ=2,2.0,2180,0.4747194735939134
control δ=2,2.0,2200,0.47468581936765386
control δ=2,2.0,2220,0.4746520211664006
control δ=2,2.0,2240,0.4746180780102802
control δ=2,2.0,2260,0.4745839889105264
control δ=2,2.0,2280,0.4745497528692164
control δ=2,2.0,2300,0.47451536887912416
control δ=2,2.0,2320,0.47448083592382023
control δ=2,2.0,2340,0.474446152977378
control δ=2,2.0,2360,0.4744113190043566
control δ=2,2.0,2380,0.4743763329596039
control δ=2,2.0,2400,0.47434119378839606
control δ=2,2.0,2420,0.47430590042573817
control δ=2,2.0,2440,0.4742704517970976
control δ=2,2.0,2460,0.47423484681762607
control δ=2,2.0,2480,0.474199084392224
control δ=2,2.0,2500,0.47416316341567577
control δ=2,2.0,2520,0.47412708277197735
control δ=2,2.0,2540,0.4740908413347013
control δ=2,2.0,2560,0.4740544379668342
control δ=2,2.0,2580,0.47401787152039776
control δ=2,2.0,2600,0.47398114083636145
control δ=2,2.0,2620,0.4739442447448796
control δ=2,2.0,2640,0.4739071820646543
control δ=2,2.0,2660,0.47386995160312395
control δ=2,2.0,2680,0.47383255215635245
control δ=2,2.0,2700,0.4737949825085095
control δ=2,2.0,2720,0.4737572414323686
control δ=2,2.0,2740,0.473719327688371
control δ=2,2.0,2760,0.47368124002541734
control δ=2,2.0,2780,0.4736429771798289
control δ=2,2.0,2800,0.47360453787578943
control δ=2,2.0,2820,0.4735659208249555
control δ=2,2.0,2840,0.473527124726298
control δ=2,2.0,2860,0.47348814826625485
control δ=2,2.0,2880,0.4734489901180855
control δ=2,2.0,2900,0.47340964894203624
control δ=2,2.0,2920,0.47337012338506523
control δ=2,2.0,2940,0.4733304120808289
control δ=2,2.0,2960,0.473290513649582
control δ=2,2.0,2980,0.4732504266972647
control δ=2,2.0,3000,0.47321014981659304
control δ=2,2.0,3020,0.4731696815858409
control δ=2,2.0,3040,0.47312902056905604
control δ=2,2.0,3060,0.47308816531613607
control δ=2,2.0,3080,0.4730471143620441
control δ=2,2.0,3100,0.4730058662272595
control δ=2,2.0,3120,0.4729644194172091
control δ=2,2.0,3140,0.47292277242213254
control δ=2,2.0,3160,0.47288092371704693
control δ=2,2.0,3180,0.4728388717613647
control δ=2,2.0,3200,0.47279661499897946
control δ=2,2.0,3220,0.4727541518578008
control δ=2,2.0,3240,0.47271148074953556
control δ=2,2.0,3260,0.47266860006978473
control δ=2,2.0,3280,0.47262550819766613
control δ=2,2.0,3300,0.47258220349532787
control δ=2,2.0,3320,0.47253868430854207
control δ=2,2.0,3340,0.47249494896542377
control δ=2,2.0,3360,0.4724509957771381
control δ=2,2.0,3380,0.47240682303707526
control δ=2,2.0,3400,0.47236242902106484
control δ=2,2.0,3420,0.4723178119868269
control δ=2,2.0,3440,0.47227297017400327
control δ=2,2.0,3460,0.4722279018036406
control δ=2,2.0,3480,0.4721826050782383
control δ=2,2.0,3500,0.4721370781813861
control δ=2,2.0,3520,0.47209131927743175
control δ=2,2.0,3540,0.47204532651150766
control δ=2,2.0,3560,0.4719990980090337
control δ=2,2.0,3580,0.4719526318755535
control δ=2,2.0,3600,0.47190592619657756
control δ=2,2.0,3620,0.47185897903705687
control δ=2,2.0,3640,0.4718117884415027
control δ=2,2.0,3660,0.4717643524333871
control δ=2,2.0,3680,0.47171666901517156
control δ=2,2.0,3700,0.47166873616781313
control δ=2,2.0,3720,0.4716205518504544
control δ=2,2.0,3740,0.47157211400041565
control δ=2,2.0,3760,0.4715234205327822
control δ=2,2.0,3780,0.4714744693399701
control δ=2,2.0,3800,0.4714252582915598
control δ=2,2.0,3820,0.47137578523422985
control δ=2,2.0,3840,0.4713260479908832
control δ=2,2.0,3860,0.471276044361103
control δ=2,2.0,3880,0.47122577212017835
control δ=2,2.0,3900,0.47117522901922604
control δ=2,2.0,3920,0.47112441278460915
control δ=2,2.0,3940,0.4710733211179393
control δ=2,2.0,3960,0.471021951695171
control δ=2,2.0,3980,0.47097030216710334
control δ=2,2.0,4000,0.4709183701584118
control δ=2,2.0,4020,0.4708661532676526
control δ=2,2.0,4040,0.47081364906647644
control δ=2,2.0,4060,0.47076085510001187
control δ=2,2.0,4080,0.47070776888591925
control δ=2,2.0,4100,0.47065438791405356
control δ=2,2.0,4120,0.4706007096467484
control δ=2,2.0,4140,0.4705467315176163
control δ=2,2.0,4160,0.47049245093178615
control δ=2,2.0,4180,0.47043786526534237
control δ=2,2.0,4200,0.47038297186473027
control δ=2,2.0,4220,0.47032776804679577
control δ=2,2.0,4240,0.4702722510982083
control δ=2,2.0,4260,0.4702164182749543
control δ=2,2.0,4280,0.4701602668020742
control δ=2,2.0,4300,0.47010379387342316
control δ=2,2.0,4320,0.4700469966510085
control δ=2,2.0,4340,0.4699898722646284
control δ=2,2.0,4360,0.4699324178116274
control δ=2,2.0,4380,0.4698746303564507
control δ=2,2.0,4400,0.46981650692986204
control δ=2,2.0,4420,0.4697580445294032
control δ=2,2.0,4440,0.4696992401177945
control δ=2,2.0,4460,0.46964009062343115
control δ=2,2.0,4480,0.4695805929396111
control δ=2,2.0,4500,0.46952074392408194
control δ=2,2.0,4520,0.46946054039862284
control δ=2,2.0,4540,0.46939997914867265
control δ=2,2.0,4560,0.4693390569228124
control δ=2,2.0,4580,0.46927777043222507
control δ=2,2.0,4600,0.4692161163505102
control δ=2,2.0,4620,0.4691540913128099
control δ=2,2.0,4640,0.46909169191600697
control δ=2,2.0,4660,0.46902891471747765
control δ=2,2.0,4680,0.46896575623491055
control δ=2,2.0,4700,0.4689022129464657
control δ=2,2.0,4720,0.46883828128899185
control δ=2,2.0,4740,0.46877395765877006
control δ=2,2.0,4760,0.4687092384105561
control δ=2,2.0,4780,0.46864411985690696
control δ=2,2.0,4800,0.46857859826790416
control δ=2,2.0,4820,0.4685126698708367
control δ=2,2.0,4840,0.4684463308494053
control δ=2,2.0,4860,0.46837957734305946
control δ=2,2.0,4880,0.4683124054472779
control δ=2,2.0,4900,0.46824481121224903
control δ=2,2.0,4920,0.46817679064270923
control δ=2,2.0,4940,0.4681083396976193
control δ=2,2.0,4960,0.4680394542894859
control δ=2,2.0,4980,0.4679701302835573
control δ=2,2.0,5000,0.46790036349794495
control δ=2,2.0,5020,0.46783014970284986
control δ=2,2.0,5040,0.4677594846198715
control δ=2,2.0,5060,0.4676883639217543
control δ=2,2.0,5080,0.4676167832319118
control δ=2,2.0,5100,0.4675447381238542
control δ=2,2.0,5120,0.46747222412065076
control δ=2,2.0,5140,0.4673992366946266
control δ=2,2.0,5160,0.46732577126688246
control δ=2,2.0,5180,0.4672518232066904
control δ=2,2.0,5200,0.4671773878308053
control δ=2,2.0,5220,0.467102460403875
control δ=2,2.0,5240,0.46702703613730523
control δ=2,2.0,5260,0.46695111018879365
control δ=2,2.0,5280,0.4668746776621603
control δ=2,2.0,5300,0.466797733607066
control δ=2,2.0,5320,0.466720273018276
control δ=2,2.0,5340,0.4666422908356277
control δ=2,2.0,5360,0.4665637819434069
control δ=2,2.0,5380,0.4664847411701849
control δ=2,2.0,5400,0.46640516328849724
control δ=2,2.0,5420,0.46632504301430977
control δ=2,2.0,5440,0.46624437500698046
control δ=2,2.0,5460,0.4661631538691207
control δ=2,2.0,5480,0.4660813741461264
control δ=2,2.0,5500,0.46599903032606094
control δ=2,2.0,5520,0.46591611683933704
control δ=2,2.0,5540,0.46583262805917447
control δ=2,2.0,5560,0.4657485583005129
control δ=2,2.0,5580,0.4656639018210829
control δ=2,2.0,5600,0.4655786528204575
control δ=2,2.0,5620,0.4654928054408226
control δ=2,2.0,5640,0.46540635376637274
control δ=2,2.0,5660,0.4653192918239386
control δ=2,2.0,5680,0.4652316135831263
control δ=2,2.0,5700,0.4651433129563447
control δ=2,2.0,5720,0.46505438379917224
control δ=2,2.0,5740,0.4649648199110388
control δ=2,2.0,5760,0.4648746150350147
control δ=2,2.0,5780,0.4647837628593343
control δ=2,2.0,5800,0.46469225701692185
control δ=2,2.0,5820,0.46460009108680744
control δ=2,2.0,5840,0.46450725859480924
control δ=2,2.0,5860,0.46441375301400134
control δ=2,2.0,5880,0.4643195677663587
control δ=2,2.0,5900,0.464224696223313
control δ=2,2.0,5920,0.46412913170740355
control δ=2,2.0,5940,0.46403286749322875
control δ=2,2.0,5960,0.46393589680928493
control δ=2,2.0,5980,0.463838212839245
control δ=2,2.0,6000,0.46373980872440723
control δ=2,2.0,6020,0.46364067756469174
control δ=2,2.0,6040,0.46354081242189127
control δ=2,2.0,6060,0.4634402063206946
control δ=2,2.0,6080,0.46333885225263677
control δ=2,2.0,6100,0.46323674317775754
control δ=2,2.0,6120,0.46313387202795164
control δ=2,2.0,6140,0.46303023171
control δ=2,2.0,6160,0.46292581510949227
control δ=2,2.0,6180,0.4628206150938481
control δ=2,2.0,6200,0.46271462451691875
control δ=2,2.0,6220,0.4626078362229402
control δ=2,2.0,6240,0.4625002430513898
control δ=2,2.0,6260,0.4623918378419063
control δ=2,2.0,6280,0.4622826134392317
control δ=2,2.0,6300,0.4621725627000228
control δ=2,2.0,6320,0.4620616784977416
control δ=2,2.0,6340,0.46194995372999176
control δ=2,2.0,6360,0.4618373813255677
control δ=2,2.0,6380,0.46172395425183255
control δ=2,2.0,6400,0.4616096655227208
control δ=2,2.0,6420,0.4614945082077925
control δ=2,2.0,6440,0.46137847544100463
control δ=2,2.0,6460,0.461261560430891
control δ=2,2.0,6480,0.4611437564715253
control δ=2,2.0,6500,0.4610250569527049
control δ=2,2.0,6520,0.4609054553733214
control δ=2,2.0,6540,0.46078494535334324
control δ=2,2.0,6560,0.4606635206477431
control δ=2,2.0,6580,0.4605411751615649
control δ=2,2.0,6600,0.46041790296497814
control δ=2,2.0,6620,0.46029369831053557
control δ=2,2.0,6640,0.46016855565063375
control δ=2,2.0,6660,0.46004246965644685
control δ=2,2.0,6680,0.45991543523822603
control δ=2,2.0,6700,0.459787447567121
control δ=2,2.0,6720,0.45965850209782566
control δ=2,2.0,6740,0.4595285945932656
control δ=2,2.0,6760,0.4593977211505151
control δ=2,2.0,6780,0.45926587822903187
control δ=2,2.0,6800,0.45913306267943194
control δ=2,2.0,6820,0.458999271776116
control δ=2,2.0,6840,0.45886450325020356
control δ=2,2.0,6860,0.45872875532579727
control δ=2,2.0,6880,0.45859202675731053
control δ=2,2.0,6900,0.4584543168713806
control δ=2,2.0,6920,0.4583156256088502
control δ=2,2.0,6940,0.4581759535717619
control δ=2,2.0,6960,0.4580353020722329
control δ=2,2.0,6980,0.45789367318441115
control δ=2,2.0,7000,0.4577510698007015
control δ=2,2.0,7020,0.4576074956904009
control δ=2,2.0,7040,0.45746295556342687
control δ=2,2.0,7060,0.4573174551372559
control δ=2,2.0,7080,0.4571710012085818
control δ=2,2.0,7100,0.4570236017295116
control δ=2,2.0,7120,0.4568752658884752
control δ=2,2.0,7140,0.45672600419746323
control δ=2,2.0,7160,0.45657582858330437
control δ=2,2.0,7180,0.45642475248557435
control δ=2,2.0,7200,0.4562727909614429
control δ=2,2.0,7220,0.4561199607965702
control δ=2,2.0,7240,0.45596628062314204
control δ=2,2.0,7260,0.45581177104561
control δ=2,2.0,7280,0.4556564547751767
control δ=2,2.0,7300,0.455500356771872
control δ=2,2.0,7320,0.4553435043966065
control δ=2,2.0,7340,0.4551859275726338
control δ=2,2.0,7360,0.4550276589573061
control δ=2,2.0,7380,0.4548687341246844
control δ=2,2.0,7400,0.4547091917608184
control δ=2,2.0,7420,0.4545490738696159
control δ=2,2.0,7440,0.45438842599378804
control δ=2,2.0,7460,0.45422729744797496
control δ=2,2.0,7480,0.4540657415679715
control δ=2,2.0,7500,0.4539038159745784
control δ=2,2.0,7520,0.45374158285477517
control δ=2,2.0,7540,0.45357910925924166
control δ=2,2.0,7560,0.4534164674196388
control δ=2,2.0,7580,0.45325373508420264
control δ=2,2.0,7600,0.4530909958743561
control δ=2,2.0,7620,0.4529283396622915
control δ=2,2.0,7640,0.4527658629719309
control δ=2,2.0,7660,0.4526036694029017
control δ=2,2.0,7680,0.45244187007956327
control δ=2,2.0,7700,0.452280584125875
control δ=2,2.0,7720,0.4521199391675397
control δ=2,2.0,7740,0.4519600718611917
control δ=2,2.0,7760,0.4518011284544
control δ=2,2.0,7780,0.45164326537376187
control δ=2,2.0,7800,0.45148664984520737
control δ=2,2.0,7820,0.4513314605450913
control δ=2,2.0,7840,0.4511778882840617
control δ=2,2.0,7860,0.45102613672268915
control δ=2,2.0,7880,0.45087642312057874
control δ=2,2.0,7900,0.45072897911730125
control δ=2,2.0,7920,0.45058405154583026
control δ=2,2.0,7940,0.4504419032765691
control δ=2,2.0,7960,0.4503028140913158
control δ=2,2.0,7980,0.4501670815842854
control δ=2,2.0,8000,0.45003502208829516
paper δ=1.29,1.29,20,-1.944903763709259
paper δ=1.29,1.29,40,11.433442471894342
paper δ=1.29,1.29,60,20.97142957405849
paper δ=1.29,1.29,80,25.97513764146399
paper δ=1.29,1.29,100,31.31731837642458
paper δ=1.29,1.29,120,36.913331449302255
paper δ=1.29,1.29,140,43.12633066215887
paper δ=1.29,1.29,160,50.11993367792048
paper δ=1.29,1.29,180,64.8832637249791
paper δ=1.29,1.29,200,32.60765640487438
paper δ=1.29,1.29,220,42.85153415485678
paper δ=1.29,1.29,240,42.97501578562083
paper δ=1.29,1.29,260,46.60570149370764
paper δ=1.29,1.29,280,49.90731811626622
paper δ=1.29,1.29,300,53.407866865420836
paper δ=1.29,1.29,320,57.18223844287496
paper δ=1.29,1.29,340,61.083306327854885
paper δ=1.29,1.29,360,65.12772672753192
paper δ=1.29,1.29,380,69.26362011935626
paper δ=1.29,1.29,400,73.45712571215765
paper δ=1.29,1.29,420,77.67476311604011
paper δ=1.29,1.29,440,81.88639400106435
paper δ=1.29,1.29,460,86.06757836533636
paper δ=1.29,1.29,480,90.19938733654914
paper δ=1.29,1.29,500,94.26870557453252
paper δ=1.29,1.29,520,98.26788836777799
paper δ=1.29,1.29,540,102.19416476430943
paper δ=1.29,1.29,560,106.04889964223679
paper δ=1.29,1.29,580,109.83678784474127
paper δ=1.29,1.29,600,113.56507103292981
paper δ=1.29,1.29,620,117.24282552066231
paper δ=1.29,1.29,640,120.88035024940729
paper δ=1.29,1.29,660,124.48866611623747
paper δ=1.29,1.29,680,128.07912469961448
paper δ=1.29,1.29,700,131.66311675285166
paper δ=1.29,1.29,720,135.25186674575272
paper δ=1.29,1.29,740,138.85629845071452
paper δ=1.29,1.29,760,142.4869570541518
paper δ=1.29,1.29,780,146.15397477464748
paper δ=1.29,1.29,800,149.86706890010976
paper δ=1.29,1.29,820,153.63556319836653
paper δ=1.29,1.29,840,157.46842555031319
paper δ=1.29,1.29,860,161.37431634937226
paper δ=1.29,1.29,880,165.3616436147271
paper δ=1.29,1.29,900,169.43862190743744
paper δ=1.29,1.29,920,173.61333306733522
paper δ=1.29,1.29,940,177.89378745934195
paper δ=1.29,1.29,960,182.28798499109726
paper δ=1.29,1.29,980,186.80397552427144
paper δ=1.29,1.29,1000,191.44991863703504
paper δ=1.29,1.29,1020,196.2341428887482
paper δ=1.29,1.29,1040,201.16520490111628
paper δ=1.29,1.29,1060,206.25194871083764
paper δ=1.29,1.29,1080,211.50356591907408
paper δ=1.29,1.29,1100,216.9296572440426
paper δ=1.29,1.29,1120,222.5402961648307
paper δ=1.29,1.29,1140,228.34609538262094
paper δ=1.29,1.29,1160,234.358276923935
paper δ=1.29,1.29,1180,240.58874675476704
paper δ=1.29,1.29,1200,247.0501748774478
paper δ=1.29,1.29,1220,253.75608198868213
paper δ=1.29,1.29,1240,260.72093388929676
paper δ=1.29,1.29,1260,267.9602449762356
paper δ=1.29,1.29,1280,275.49069234441413
paper δ=1.29,1.29,1300,283.330242226446
paper δ=1.29,1.29,1320,291.4982907414992
paper δ=1.29,1.29,1340,300.01582125537396
paper δ=1.29,1.29,1360,308.90558098986213
paper δ=1.29,1.29,1380,318.19228000728964
paper δ=1.29,1.29,1400,327.9028161929933
paper δ=1.29,1.29,1420,338.06653050929816
paper δ=1.29,1.29,1440,348.71549764821174
paper δ=1.29,1.29,1460,359.88485805385005
paper δ=1.29,1.29,1480,371.6131986097534
paper δ=1.29,1.29,1500,383.9429905994461
paper δ=1.29,1.29,1520,396.9210954397106
paper δ=1.29,1.29,1540,410.5993508298972
paper δ=1.29,1.29,1560,425.0352527899393
paper δ=1.29,1.29,1580,440.29275246309885
paper δ=1.29,1.29,1600,456.44319097097645
paper δ=1.29,1.29,1620,473.56640115412625
paper δ=1.29,1.29,1640,491.7520120326516
paper δ=1.29,1.29,1660,511.10100102508426
paper δ=1.29,1.29,1680,531.7275506200615
paper δ=1.29,1.29,1700,553.761281587015
paper δ=1.29,1.29,1720,577.3499550295361
paper δ=1.29,1.29,1740,602.6627622240061
paper δ=1.29,1.29,1760,629.8943571993757
paper δ=1.29,1.29,1780,659.2698352560682
paper δ=1.29,1.29,1800,691.0509269222889
paper δ=1.29,1.29,1820,725.5437683314651
paper δ=1.29,1.29,1840,763.1087366299203
paper δ=1.29,1.29,1860,804.1730206791401
paper δ=1.29,1.29,1880,849.2468574703614
paper δ=1.29,1.29,1900,898.9447451982005
paper δ=1.29,1.29,1920,954.0135084412736
paper δ=1.29,1.29,1940,1015.369944590961
paper δ=1.29,1.29,1960,1084.1520979120403
paper δ=1.29,1.29,1980,1161.7902860917789
paper δ=1.29,1.29,2000,1250.107365731861
paper δ=1.29,1.29,2020,1351.4633143062679
paper δ=1.29,1.29,2040,1468.9687971507963
paper δ=1.29,1.29,2060,1606.8094394135617
paper δ=1.29,1.29,2080,1770.7540815853613
paper δ=1.29,1.29,2100,1968.9815250677193
paper δ=1.29,1.29,2120,2213.4857585653563
paper δ=1.29,1.29,2140,2522.594237130543
paper δ=1.29,1.29,2160,2925.7842135712726
paper δ=1.29,1.29,2180,3473.682574230077
paper δ=1.29,1.29,2200,4261.180242333502
paper δ=1.29,1.29,2220,5489.340088435208
paper δ=1.29,1.29,2240,7671.556825898729
paper δ=1.29,1.29,2260,12625.092759882275
paper δ=1.29,1.29,2280,34809.247487777975
paper δ=1.29,1.29,2300,-0.753552252179361
paper δ=1.29,1.29,2320,-0.7473199562919035
paper δ=1.29,1.29,2340,-0.741119848762537
paper δ=1.29,1.29,2360,-0.7349517607945018
paper δ=1.29,1.29,2380,-0.7288155231008204
paper δ=1.29,1.29,2400,-0.7227109659756934
paper δ=1.29,1.29,2420,-0.7166379193508874
paper δ=1.29,1.29,2440,-0.7105962128439387
paper δ=1.29,1.29,2460,-0.70458567584501
paper δ=1.29,1.29,2480,-0.6986061375382633
paper δ=1.29,1.29,2500,-0.6926574269750745
paper δ=1.29,1.29,2520,-0.6867393731320135
paper δ=1.29,1.29,2540,-0.6808518049265331
paper δ=1.29,1.29,2560,-0.6749945513042803
paper δ=1.29,1.29,2580,-0.6691674412413704
paper δ=1.29,1.29,2600,-0.6633703038360181
paper δ=1.29,1.29,2620,-0.6576029682967146
paper δ=1.29,1.29,2640,-0.6518652640238543
paper δ=1.29,1.29,2660,-0.64615702062747
paper δ=1.29,1.29,2680,-0.6404780679565647
paper δ=1.29,1.29,2700,-0.6348282361657311
paper δ=1.29,1.29,2720,-0.6292073556974174
paper δ=1.29,1.29,2740,-0.6236152573592335
paper δ=1.29,1.29,2760,-0.618051772324975
paper δ=1.29,1.29,2780,-0.6125167321848721
paper δ=1.29,1.29,2800,-0.6070099689497965
paper δ=1.29,1.29,2820,-0.6015313150976453
paper δ=1.29,1.29,2840,-0.5960806035818678
paper δ=1.29,1.29,2860,-0.5906576678625015
paper δ=1.29,1.29,2880,-0.5852623419357315
paper δ=1.29,1.29,2900,-0.5798944603404834
paper δ=1.29,1.29,2920,-0.5745538581816163
paper δ=1.29,1.29,2940,-0.5692403711693714
paper δ=1.29,1.29,2960,-0.5639538356037974
paper δ=1.29,1.29,2980,-0.5586940884195428
paper δ=1.29,1.29,3000,-0.5534609671834687
paper δ=1.29,1.29,3020,-0.5482543101328474
paper δ=1.29,1.29,3040,-0.5430739561663813
paper δ=1.29,1.29,3060,-0.5379197448646664
paper δ=1.29,1.29,3080,-0.5327915165187278
paper δ=1.29,1.29,3100,-0.5276891121189919
paper δ=1.29,1.29,3120,-0.5226123733871191
paper δ=1.29,1.29,3140,-0.5175611427704325
paper δ=1.29,1.29,3160,-0.512535263460677
paper δ=1.29,1.29,3180,-0.507534579410958
paper δ=1.29,1.29,3200,-0.5025589353261921
paper δ=1.29,1.29,3220,-0.4976081766895959
paper δ=1.29,1.29,3240,-0.49268214976325453
paper δ=1.29,1.29,3260,-0.4877807015882354
paper δ=1.29,1.29,3280,-0.48290368000550643
paper δ=1.29,1.29,3300,-0.47805093365298035
paper δ=1.29,1.29,3320,-0.4732223119722221
paper δ=1.29,1.29,3340,-0.46841766521788486
paper δ=1.29,1.29,3360,-0.4636368444596428
paper δ=1.29,1.29,3380,-0.4588797015891828
paper δ=1.29,1.29,3400,-0.4541460893151452
paper δ=1.29,1.29,3420,-0.4494358611821099
paper δ=1.29,1.29,3440,-0.4447488715605914
paper δ=1.29,1.29,3460,-0.44008497565653215
paper δ=1.29,1.29,3480,-0.4354440295132349
paper δ=1.29,1.29,3500,-0.4308258900173314
paper δ=1.29,1.29,3520,-0.426230414883662
paper δ=1.29,1.29,3540,-0.4216574626873353
paper δ=1.29,1.29,3560,-0.41710689282786007
paper δ=1.29,1.29,3580,-0.4125785655670029
paper δ=1.29,1.29,3600,-0.4080723419999117
paper δ=1.29,1.29,3620,-0.4035880840767163
paper δ=1.29,1.29,3640,-0.3991256545889996
paper δ=1.29,1.29,3660,-0.39468491717025245
paper δ=1.29,1.29,3680,-0.3902657363113917
paper δ=1.29,1.29,3700,-0.38586797734853917
paper δ=1.29,1.29,3720,-0.38149150644602514
paper δ=1.29,1.29,3740,-0.3771361906331663
paper δ=1.29,1.29,3760,-0.3728018977675447
paper δ=1.29,1.29,3780,-0.36848849656018956
paper δ=1.29,1.29,3800,-0.36419585655681885
paper δ=1.29,1.29,3820,-0.3599238481400562
paper δ=1.29,1.29,3840,-0.3556723425332393
paper δ=1.29,1.29,3860,-0.3514412117909842
paper δ=1.29,1.29,3880,-0.34723032881112204
paper δ=1.29,1.29,3900,-0.34303956730894924
paper δ=1.29,1.29,3920,-0.33886880183450785
paper δ=1.29,1.29,3940,-0.3347179077747455
paper δ=1.29,1.29,3960,-0.3305867613229907
paper δ=1.29,1.29,3980,-0.326475239494016
paper δ=1.29,1.29,4000,-0.32238322013989773
paper δ=1.29,1.29,4020,-0.3183105819049956
paper δ=1.29,1.29,4040,-0.3142572042652887
paper δ=1.29,1.29,4060,-0.31022296749085854
paper δ=1.29,1.29,4080,-0.3062077526650455
paper δ=1.29,1.29,4100,-0.30221144167023795
paper δ=1.29,1.29,4120,-0.29823391718508674
paper δ=1.29,1.29,4140,-0.2942750626986026
paper δ=1.29,1.29,4160,-0.29033476247212775
paper δ=1.29,1.29,4180,-0.2864129015698609
paper δ=1.29,1.29,4200,-0.2825093658347555
paper δ=1.29,1.29,4220,-0.2786240418965349
paper δ=1.29,1.29,4240,-0.27475681714582834
paper δ=1.29,1.29,4260,-0.2709075797666287
paper δ=1.29,1.29,4280,-0.26707621870190223
paper δ=1.29,1.29,4300,-0.26326262366421815
paper δ=1.29,1.29,4320,-0.25946668512403903
paper δ=1.29,1.29,4340,-0.25568829431330187
paper δ=1.29,1.29,4360,-0.25192734321132093
paper δ=1.29,1.29,4380,-0.24818372455166582
paper δ=1.29,1.29,4400,-0.24445733181431706
paper δ=1.29,1.29,4420,-0.24074805921645748
paper δ=1.29,1.29,4440,-0.23705580170587837
paper δ=1.29,1.29,4460,-0.23338045498257998
paper δ=1.29,1.29,4480,-0.22972191545494525
paper δ=1.29,1.29,4500,-0.22608008026742255
paper δ=1.29,1.29,4520,-0.22245484727420717
paper δ=1.29,1.29,4540,-0.21884611505220164
paper δ=1.29,1.29,4560,-0.2152537828911818
paper δ=1.29,1.29,4580,-0.2116777507773122
paper δ=1.29,1.29,4600,-0.20811791940570856
paper δ=1.29,1.29,4620,-0.2045741901747533
paper δ=1.29,1.29,4640,-0.20104646516574576
paper δ=1.29,1.29,4660,-0.19753464715165592
paper δ=1.29,1.29,4680,-0.19403863959911405
paper δ=1.29,1.29,4700,-0.19055834664186477
paper δ=1.29,1.29,4720,-0.18709367309890013
paper δ=1.29,1.29,4740,-0.1836445244576339
paper δ=1.29,1.29,4760,-0.18021080686980895
paper δ=1.29,1.29,4780,-0.17679242715496457
paper δ=1.29,1.29,4800,-0.17338929278969317
paper δ=1.29,1.29,4820,-0.17000131189865897
paper δ=1.29,1.29,4840,-0.16662839326602352
paper δ=1.29,1.29,4860,-0.1632704463080472
paper δ=1.29,1.29,4880,-0.159927381090597
paper δ=1.29,1.29,4900,-0.1565991083194831
paper δ=1.29,1.29,4920,-0.1532855393253385
paper δ=1.29,1.29,4940,-0.14998658606270965
paper δ=1.29,1.29,4960,-0.14670216112142498
paper δ=1.29,1.29,4980,-0.14343217769970806
paper δ=1.29,1.29,5000,-0.1401765496103735
paper δ=1.29,1.29,5020,-0.1369351912845218
paper δ=1.29,1.29,5040,-0.13370801775459995
paper δ=1.29,1.29,5060,-0.13049494465360567
paper δ=1.29,1.29,5080,-0.12729588821446214
paper δ=1.29,1.29,5100,-0.12411076525171438
paper δ=1.29,1.29,5120,-0.12093949319324793
paper δ=1.29,1.29,5140,-0.11778199002509382
paper δ=1.29,1.29,5160,-0.11463817432917267
paper δ=1.29,1.29,5180,-0.11150796525845408
paper δ=1.29,1.29,5200,-0.1083912825436073
paper δ=1.29,1.29,5220,-0.1052880464737882
paper δ=1.29,1.29,5240,-0.10219817790704155
paper δ=1.29,1.29,5260,-0.09912159825728395
paper δ=1.29,1.29,5280,-0.09605822950305765
paper δ=1.29,1.29,5300,-0.09300799416342898
paper δ=1.29,1.29,5320,-0.08997081531367712
paper δ=1.29,1.29,5340,-0.086946616563921
paper δ=1.29,1.29,5360,-0.08393532207065846
paper δ=1.29,1.29,5380,-0.0809368565181785
paper δ=1.29,1.29,5400,-0.07795114513328372
paper δ=1.29,1.29,5420,-0.07497811365726648
paper δ=1.29,1.29,5440,-0.07201768836284828
paper δ=1.29,1.29,5460,-0.06906979603905938
paper δ=1.29,1.29,5480,-0.06613436399163675
paper δ=1.29,1.29,5500,-0.06321132004063656
paper δ=1.29,1.29,5520,-0.060300592506337125
paper δ=1.29,1.29,5540,-0.05740211022174435
paper δ=1.29,1.29,5560,-0.05451580251548194
paper δ=1.29,1.29,5580,-0.05164159920923339
paper δ=1.29,1.29,5600,-0.048779430624847464
paper δ=1.29,1.29,5620,-0.04592922757086626
paper δ=1.29,1.29,5640,-0.0430909213350219
paper δ=1.29,1.29,5660,-0.04026444369225146
paper δ=1.29,1.29,5680,-0.03744972689366932
paper δ=1.29,1.29,5700,-0.03464670367088729
paper δ=1.29,1.29,5720,-0.03185530721458463
paper δ=1.29,1.29,5740,-0.029075471192186342
paper δ=1.29,1.29,5760,-0.02630712972506899
paper δ=1.29,1.29,5780,-0.023550217405670537
paper δ=1.29,1.29,5800,-0.02080466927151292
paper δ=1.29,1.29,5820,-0.018070420825324618
paper δ=1.29,1.29,5840,-0.015347408009631636
paper δ=1.29,1.29,5860,-0.012635567212726073
paper δ=1.29,1.29,5880,-0.009934835271678821
paper δ=1.29,1.29,5900,-0.007245149462733025
paper δ=1.29,1.29,5920,-0.004566447489708025
paper δ=1.29,1.29,5940,-0.0018986674931511516
paper δ=1.29,1.29,5960,0.0007582519524476083
paper δ=1.29,1.29,5980,0.003404371852298027
paper δ=1.29,1.29,6000,0.006039752788922215
paper δ=1.29,1.29,6020,0.008664454922609366
paper δ=1.29,1.29,6040,0.011278538003693939
paper δ=1.29,1.29,6060,0.013882061363119647
paper δ=1.29,1.29,6080,0.016475083921363876
paper δ=1.29,1.29,6100,0.01905766419952215
paper δ=1.29,1.29,6120,0.021629860312657456
paper δ=1.29,1.29,6140,0.02419172997417718
paper δ=1.29,1.29,6160,0.026743330496344697
paper δ=1.29,1.29,6180,0.0292847188104588
paper δ=1.29,1.29,6200,0.03181595144218363
paper δ=1.29,1.29,6220,0.03433708453553663
paper δ=1.29,1.29,6240,0.03684817385550332
paper δ=1.29,1.29,6260,0.03934927477058636
paper δ=1.29,1.29,6280,0.041840442285831614
paper δ=1.29,1.29,6300,0.04432173102111392
paper δ=1.29,1.29,6320,0.046793195229042794
paper δ=1.29,1.29,6340,0.0492548887835369
paper δ=1.29,1.29,6360,0.05170686519500123
paper δ=1.29,1.29,6380,0.054149177615499866
paper δ=1.29,1.29,6400,0.05658187882357879
paper δ=1.29,1.29,6420,0.05900502125359708
paper δ=1.29,1.29,6440,0.06141865696838522
paper δ=1.29,1.29,6460,0.06382283769164587
paper δ=1.29,1.29,6480,0.0662176147851028
paper δ=1.29,1.29,6500,0.06860303926839606
paper δ=1.29,1.29,6520,0.0709791618124882
paper δ=1.29,1.29,6540,0.07334603275074869
paper δ=1.29,1.29,6560,0.07570370206923371
paper δ=1.29,1.29,6580,0.07805221942550133
paper δ=1.29,1.29,6600,0.08039163414122186
paper δ=1.29,1.29,6620,0.0827219951950724
paper δ=1.29,1.29,6640,0.0850433512462132
paper δ=1.29,1.29,6660,0.08735575062763701
paper δ=1.29,1.29,6680,0.08965924134469105
paper δ=1.29,1.29,6700,0.09195387107968145
paper δ=1.29,1.29,6720,0.09423968719488585
paper δ=1.29,1.29,6740,0.09651673674210315
paper δ=1.29,1.29,6760,0.09878506644986373
paper δ=1.29,1.29,6780,0.10104472274406362
paper δ=1.29,1.29,6800,0.10329575173028616
paper δ=1.29,1.29,6820,0.10553819921477725
paper δ=1.29,1.29,6840,0.10777211069512305
paper δ=1.29,1.29,6860,0.1099975313691175
paper δ=1.29,1.29,6880,0.1122145061318065
paper δ=1.29,1.29,6900,0.11442307957975117
paper δ=1.29,1.29,6920,0.11662329601591637
paper δ=1.29,1.29,6940,0.11881519945313812
paper δ=1.29,1.29,6960,0.1209988336034371
paper δ=1.29,1.29,6980,0.1231742418976296
paper δ=1.29,1.29,7000,0.12534146747913155
paper δ=1.29,1.29,7020,0.12750055320248066
paper δ=1.29,1.29,7040,0.12965154164822934
paper δ=1.29,1.29,7060,0.13179447510685804
paper δ=1.29,1.29,7080,0.13392939560037576
paper δ=1.29,1.29,7100,0.1360563448658354
paper δ=1.29,1.29,7120,0.13817536437471745
paper δ=1.29,1.29,7140,0.140286495320197
paper δ=1.29,1.29,7160,0.14238977862788715
paper δ=1.29,1.29,7180,0.1444852549604434
paper δ=1.29,1.29,7200,0.1465729647083549
paper δ=1.29,1.29,7220,0.14865294800273432
paper δ=1.29,1.29,7240,0.1507252447142946
paper δ=1.29,1.29,7260,0.1527898944507342
paper δ=1.29,1.29,7280,0.1548469365604319
paper δ=1.29,1.29,7300,0.15689641014637346
paper δ=1.29,1.29,7320,0.15893835404472156
paper δ=1.29,1.29,7340,0.1609728068515608
paper δ=1.29,1.29,7360,0.16299980690538973
paper δ=1.29,1.29,7380,0.16501939230076346
paper δ=1.29,1.29,7400,0.1670316008857924
paper δ=1.29,1.29,7420,0.1690364702625402
paper δ=1.29,1.29,7440,0.17103403779267978
paper δ=1.29,1.29,7460,0.17302434059817529
paper δ=1.29,1.29,7480,0.17500741556060007
paper δ=1.29,1.29,7500,0.17698329932397883
paper δ=1.29,1.29,7520,0.17895202830328572
paper δ=1.29,1.29,7540,0.18091363866977872
paper δ=1.29,1.29,7560,0.18286816637333914
paper δ=1.29,1.29,7580,0.18481564713010812
paper δ=1.29,1.29,7600,0.18675611642811418
paper δ=1.29,1.29,7620,0.18868960952715952
paper δ=1.29,1.29,7640,0.19061616146646543
paper δ=1.29,1.29,7660,0.19253580706055118
paper δ=1.29,1.29,7680,0.1944485809026446
paper δ=1.29,1.29,7700,0.1963545173667285
paper δ=1.29,1.29,7720,0.19825365060717104
paper δ=1.29,1.29,7740,0.20014601456551873
paper δ=1.29,1.29,7760,0.20203164296512455
paper δ=1.29,1.29,7780,0.2039105693194756
paper δ=1.29,1.29,7800,0.20578282692545713
paper δ=1.29,1.29,7820,0.2076484488804624
paper δ=1.29,1.29,7840,0.20950746806019538
paper δ=1.29,1.29,7860,0.21135991714365332
paper δ=1.29,1.29,7880,0.213205828600195
paper δ=1.29,1.29,7900,0.21504523469602077
paper δ=1.29,1.29,7920,0.21687816749769695
paper δ=1.29,1.29,7940,0.21870465886664192
paper δ=1.29,1.29,7960,0.22052474046716952
paper δ=1.29,1.29,7980,0.2223384437687912
paper δ=1.29,1.29,8000,0.22414580004121376
paper δ=1.57,1.57,20,-1.1494752551861547
paper δ=1.57,1.57,40,6.70540960386982
paper δ=1.57,1.57,60,21.035922863044494
paper δ=1.57,1.57,80,27.676122343323424
paper δ=1.57,1.57,100,33.32924594350609
paper δ=1.57,1.57,120,39.73947175674998
paper δ=1.57,1.57,140,47.09413617816806
paper δ=1.57,1.57,160,55.57640300237656
paper δ=1.57,1.57,180,65.3488736810349
paper δ=1.57,1.57,200,76.55991735581567
paper δ=1.57,1.57,220,89.34883456000813
paper δ=1.57,1.57,240,103.84696703758925
paper δ=1.57,1.57,260,120.17665375440507
paper δ=1.57,1.57,280,138.44972221058234
paper δ=1.57,1.57,300,158.7671189888669
paper δ=1.57,1.57,320,181.22101451989988
paper δ=1.57,1.57,340,205.9002190300906
paper δ=1.57,1.57,360,232.8991441058549
paper δ=1.57,1.57,380,262.33002172620644
paper δ=1.57,1.57,400,294.3378083972303
paper δ=1.57,1.57,420,329.11723738141086
paper δ=1.57,1.57,440,366.9318333322427
paper δ=1.57,1.57,460,408.13531411657664
paper δ=1.57,1.57,480,453.1966166147147
paper δ=1.57,1.57,500,502.73079269503427
paper δ=1.57,1.57,520,557.5393246204798
paper δ=1.57,1.57,540,618.6652508075779
paper δ=1.57,1.57,560,687.4713465239016
paper δ=1.57,1.57,580,765.7543372806771
paper δ=1.57,1.57,600,855.916360160003
paper δ=1.57,1.57,620,961.2298204403241
paper δ=1.57,1.57,640,1086.2600251403908
paper δ=1.57,1.57,660,1237.5660277065317
paper δ=1.57,1.57,680,1424.9180492266692
paper δ=1.57,1.57,700,592.7369954096363
paper δ=1.57,1.57,720,273.3758852132448
paper δ=1.57,1.57,740,233.37383826738272
paper δ=1.57,1.57,760,233.6802991510047
paper δ=1.57,1.57,780,236.12653364849595
paper δ=1.57,1.57,800,242.20588599273137
paper δ=1.57,1.57,820,249.62003413430682
paper δ=1.57,1.57,840,257.3866100175812
paper δ=1.57,1.57,860,265.64194534913395
paper δ=1.57,1.57,880,274.2651949203933
paper δ=1.57,1.57,900,283.2632009970036
paper δ=1.57,1.57,920,292.670979462642
paper δ=1.57,1.57,940,302.51501951990036
paper δ=1.57,1.57,960,312.832957617819
paper δ=1.57,1.57,980,323.6649478493346
paper δ=1.57,1.57,1000,335.0545659231009
paper δ=1.57,1.57,1020,347.04986842632013
paper δ=1.57,1.57,1040,359.7035475376441
paper δ=1.57,1.57,1060,373.07382308214255
paper δ=1.57,1.57,1080,387.22529872299157
paper δ=1.57,1.57,1100,402.2299729113357
paper δ=1.57,1.57,1120,418.1684513837655
paper δ=1.57,1.57,1140,435.13136774251257
paper δ=1.57,1.57,1160,453.221080810339
paper δ=1.57,1.57,1180,472.55371074796744
paper δ=1.57,1.57,1200,493.2615989982024
paper δ=1.57,1.57,1220,515.4963024048678
paper δ=1.57,1.57,1240,539.432263962254
paper δ=1.57,1.57,1260,565.2713480537523
paper δ=1.57,1.57,1280,593.2484894926664
paper δ=1.57,1.57,1300,623.6387908636683
paper δ=1.57,1.57,1320,656.7665223616166
paper δ=1.57,1.57,1340,693.016648494113
paper δ=1.57,1.57,1360,732.8497510827337
paper δ=1.57,1.57,1380,776.8215778905974
paper δ=1.57,1.57,1400,825.6089813159475
paper δ=1.57,1.57,1420,880.0448261296536
paper δ=1.57,1.57,1440,941.1657060254565
paper δ=1.57,1.57,1460,1010.2783104779836
paper δ=1.57,1.57,1480,1089.0535403386702
paper δ=1.57,1.57,1500,1179.6629213653937
paper δ=1.57,1.57,1520,1284.981291722242
paper δ=1.57,1.57,1540,1408.8966364841992
paper δ=1.57,1.57,1560,1556.7995373651113
paper δ=1.57,1.57,1580,1736.3867092551873
paper δ=1.57,1.57,1600,1959.0419331817425
paper δ=1.57,1.57,1620,2242.344291175662
paper δ=1.57,1.57,1640,2614.9464134804307
paper δ=1.57,1.57,1660,3126.923730111574
paper δ=1.57,1.57,1680,3874.398784155009
paper δ=1.57,1.57,1700,5068.269734191096
paper δ=1.57,1.57,1720,7278.421211092776
paper δ=1.57,1.57,1740,12763.37413215204
paper δ=1.57,1.57,1760,49598.58094411604
paper δ=1.57,1.57,1780,-0.39885200343996985
paper δ=1.57,1.57,1800,-0.3931318842096516
paper δ=1.57,1.57,1820,-0.3874424003952299
paper δ=1.57,1.57,1840,-0.3817833977400369
paper δ=1.57,1.57,1860,-0.3761547210860954
paper δ=1.57,1.57,1880,-0.37055621442732445
paper δ=1.57,1.57,1900,-0.3649877209745682
paper δ=1.57,1.57,1920,-0.3594490832306292
paper δ=1.57,1.57,1940,-0.35394014304074517
paper δ=1.57,1.57,1960,-0.34846074167876395
paper δ=1.57,1.57,1980,-0.3430107198901169
paper δ=1.57,1.57,2000,-0.33758991797094495
paper δ=1.57,1.57,2020,-0.3321981758210768
paper δ=1.57,1.57,2040,-0.32683533299859846
paper δ=1.57,1.57,2060,-0.3215012287901118
paper δ=1.57,1.57,2080,-0.3161957022502975
paper δ=1.57,1.57,2100,-0.3109185922655797
paper δ=1.57,1.57,2120,-0.3056697376030115
paper δ=1.57,1.57,2140,-0.3004489769589327
paper δ=1.57,1.57,2160,-0.29525614900160235
paper δ=1.57,1.57,2180,-0.2900910924255413
paper δ=1.57,1.57,2200,-0.2849536459848423
paper δ=1.57,1.57,2220,-0.27984364854194155
paper δ=1.57,1.57,2240,-0.2747609391036576
paper δ=1.57,1.57,2260,-0.26970535686416497
paper δ=1.57,1.57,2280,-0.26467674123023244
paper δ=1.57,1.57,2300,-0.2596749318759066
paper δ=1.57,1.57,2320,-0.2546997687501289
paper δ=1.57,1.57,2340,-0.24975109213016822
paper δ=1.57,1.57,2360,-0.24482874263537724
paper δ=1.57,1.57,2380,-0.23993256127789664
paper δ=1.57,1.57,2400,-0.23506238945913083
paper δ=1.57,1.57,2420,-0.23021806903011566
paper δ=1.57,1.57,2440,-0.22539944228356035
paper δ=1.57,1.57,2460,-0.22060635200080014
paper δ=1.57,1.57,2480,-0.21583864147066834
paper δ=1.57,1.57,2500,-0.21109615449915964
paper δ=1.57,1.57,2520,-0.20637873544535523
paper δ=1.57,1.57,2540,-0.20168622922301438
paper δ=1.57,1.57,2560,-0.19701848134252486
paper δ=1.57,1.57,2580,-0.19237533790328598
paper δ=1.57,1.57,2600,-0.18775664562542715
paper δ=1.57,1.57,2620,-0.1831622518615177
paper δ=1.57,1.57,2640,-0.17859200461577984
paper δ=1.57,1.57,2660,-0.17404575254386145
paper δ=1.57,1.57,2680,-0.16952334498398614
paper δ=1.57,1.57,2700,-0.16502463195774908
paper δ=1.57,1.57,2720,-0.16054946418239524
paper δ=1.57,1.57,2740,-0.15609769308747445
paper δ=1.57,1.57,2760,-0.15166917082228792
paper δ=1.57,1.57,2780,-0.14726375025759353
paper δ=1.57,1.57,2800,-0.14288128501510755
paper δ=1.57,1.57,2820,-0.13852162944550628
paper δ=1.57,1.57,2840,-0.134184638669808
paper δ=1.57,1.57,2860,-0.12987016855845468
paper δ=1.57,1.57,2880,-0.12557807575404922
paper δ=1.57,1.57,2900,-0.12130821767169664
paper δ=1.57,1.57,2920,-0.11706045250872421
paper δ=1.57,1.57,2940,-0.11283463924269199
paper δ=1.57,1.57,2960,-0.10863063764816161
paper δ=1.57,1.57,2980,-0.10444830828475915
paper δ=1.57,1.57,3000,-0.10028751251633139
paper δ=1.57,1.57,3020,-0.09614811250628463
paper δ=1.57,1.57,3040,-0.09202997121917633
paper δ=1.57,1.57,3060,-0.08793295243253851
paper δ=1.57,1.57,3080,-0.08385692073255768
paper δ=1.57,1.57,3100,-0.07980174151202846
paper δ=1.57,1.57,3120,-0.07576728098564445
paper δ=1.57,1.57,3140,-0.07175340617834536
paper δ=1.57,1.57,3160,-0.06775998493088764
paper δ=1.57,1.57,3180,-0.0637868858993329
paper δ=1.57,1.57,3200,-0.05983397856823558
paper δ=1.57,1.57,3220,-0.05590113322438128
paper δ=1.57,1.57,3240,-0.05198822098759592
paper δ=1.57,1.57,3260,-0.04809511378539355
paper δ=1.57,1.57,3280,-0.04422168437002938
paper δ=1.57,1.57,3300,-0.04036780630940484
paper δ=1.57,1.57,3320,-0.03653335398155377
paper δ=1.57,1.57,3340,-0.03271820258680691
paper δ=1.57,1.57,3360,-0.028922228138640094
paper δ=1.57,1.57,3380,-0.025145307460547883
paper δ=1.57,1.57,3400,-0.02138731819553641
paper δ=1.57,1.57,3420,-0.017648138781623857
paper δ=1.57,1.57,3440,-0.013927648474236776
paper δ=1.57,1.57,3460,-0.010225727337399348
paper δ=1.57,1.57,3480,-0.006542256233956323
paper δ=1.57,1.57,3500,-0.002877116824265613
paper δ=1.57,1.57,3520,0.0007698084251615
paper δ=1.57,1.57,3540,0.004398636257690214
paper δ=1.57,1.57,3560,0.008009482619115715
paper δ=1.57,1.57,3580,0.011602462666019164
paper δ=1.57,1.57,3600,0.015177690764744511
paper δ=1.57,1.57,3620,0.0187352805030514
paper δ=1.57,1.57,3640,0.022275344680906528
paper δ=1.57,1.57,3660,0.02579799532185234
paper δ=1.57,1.57,3680,0.02930334367596288
paper δ=1.57,1.57,3700,0.03279150021609212
paper δ=1.57,1.57,3720,0.03626257465515437
paper δ=1.57,1.57,3740,0.039716675934755585
paper δ=1.57,1.57,3760,0.0431539122375284
paper δ=1.57,1.57,3780,0.04657439098832583
paper δ=1.57,1.57,3800,0.04997821885677922
paper δ=1.57,1.57,3820,0.05336550176303945
paper δ=1.57,1.57,3840,0.05673634488442758
paper δ=1.57,1.57,3860,0.06009085264923897
paper δ=1.57,1.57,3880,0.06342912875356888
paper δ=1.57,1.57,3900,0.06675127615773135
paper δ=1.57,1.57,3920,0.07005739708608871
paper δ=1.57,1.57,3940,0.07334759304279714
paper δ=1.57,1.57,3960,0.0766219648102151
paper δ=1.57,1.57,3980,0.07988061245009703
paper δ=1.57,1.57,4000,0.08312363530711764
paper δ=1.57,1.57,4020,0.08635113201927425
paper δ=1.57,1.57,4040,0.08956320052345745
paper δ=1.57,1.57,4060,0.09275993804811833
paper δ=1.57,1.57,4080,0.09594144112696767
paper δ=1.57,1.57,4100,0.09910780560079502
paper δ=1.57,1.57,4120,0.10225912662303926
paper δ=1.57,1.57,4140,0.1053954986628014
paper δ=1.57,1.57,4160,0.10851701550791404
paper δ=1.57,1.57,4180,0.11162377027034154
paper δ=1.57,1.57,4200,0.11471585539356965
paper δ=1.57,1.57,4220,0.11779336265379925
paper δ=1.57,1.57,4240,0.12085638315909364
paper δ=1.57,1.57,4260,0.12390500736438526
paper δ=1.57,1.57,4280,0.1269393250761368
paper δ=1.57,1.57,4300,0.12995942543591354
paper δ=1.57,1.57,4320,0.13296539695704723
paper δ=1.57,1.57,4340,0.13595732750229672
paper δ=1.57,1.57,4360,0.13893530430101464
paper δ=1.57,1.57,4380,0.14189941394789685
paper δ=1.57,1.57,4400,0.1448497424153743
paper δ=1.57,1.57,4420,0.1477863750474171
paper δ=1.57,1.57,4440,0.15070939657357485
paper δ=1.57,1.57,4460,0.15361889110090488
paper δ=1.57,1.57,4480,0.15651494214318973
paper δ=1.57,1.57,4500,0.15939763258313633
paper δ=1.57,1.57,4520,0.16226704472416031
paper δ=1.57,1.57,4540,0.16512326025946322
paper δ=1.57,1.57,4560,0.16796636029840784
paper δ=1.57,1.57,4580,0.17079642535418316
paper δ=1.57,1.57,4600,0.17361353535744684
paper δ=1.57,1.57,4620,0.17641776965643885
paper δ=1.57,1.57,4640,0.17920920703153342
paper δ=1.57,1.57,4660,0.1819879256821082
paper δ=1.57,1.57,4680,0.18475400324473412
paper δ=1.57,1.57,4700,0.18750751679431232
paper δ=1.57,1.57,4720,0.1902485428372529
paper δ=1.57,1.57,4740,0.19297715733631549
paper δ=1.57,1.57,4760,0.19569343569617104
paper δ=1.57,1.57,4780,0.19839745277766951
paper δ=1.57,1.57,4800,0.20108928289369032
paper δ=1.57,1.57,4820,0.20376899983102703
paper δ=1.57,1.57,4840,0.20643667682344358
paper δ=1.57,1.57,4860,0.20909238659055518
paper δ=1.57,1.57,4880,0.2117362013157731
paper δ=1.57,1.57,4900,0.21436819266330076
paper δ=1.57,1.57,4920,0.21698843177824756
paper δ=1.57,1.57,4940,0.21959698929185834
paper δ=1.57,1.57,4960,0.2221939353214566
paper δ=1.57,1.57,4980,0.22477933948181317
paper δ=1.57,1.57,5000,0.22735327088071244
paper δ=1.57,1.57,5020,0.2299157981293547
paper δ=1.57,1.57,5040,0.23246698934343613
paper δ=1.57,1.57,5060,0.23500691214678682
paper δ=1.57,1.57,5080,0.23753563367159813
paper δ=1.57,1.57,5100,0.24005322057257672
paper δ=1.57,1.57,5120,0.24255973902296546
paper δ=1.57,1.57,5140,0.24505525471255396
paper δ=1.57,1.57,5160,0.24753983287206438
paper δ=1.57,1.57,5180,0.2500135382487656
paper δ=1.57,1.57,5200,0.25247643512994955
paper δ=1.57,1.57,5220,0.25492858734583024
paper δ=1.57,1.57,5240,0.25737005826078985
paper δ=1.57,1.57,5260,0.25980091079065915
paper δ=1.57,1.57,5280,0.262221207393452
paper δ=1.57,1.57,5300,0.26463101008630474
paper δ=1.57,1.57,5320,0.267030380440076
paper δ=1.57,1.57,5340,0.2694193795842921
paper δ=1.57,1.57,5360,0.2717980682112966
paper δ=1.57,1.57,5380,0.27416650657852415
paper δ=1.57,1.57,5400,0.276524754515151
paper δ=1.57,1.57,5420,0.278872871425051
paper δ=1.57,1.57,5440,0.2812109162849765
paper δ=1.57,1.57,5460,0.2835389476539376
paper δ=1.57,1.57,5480,0.2858570236710989
paper δ=1.57,1.57,5500,0.2881652020610659
paper δ=1.57,1.57,5520,0.2904635401482665
paper δ=1.57,1.57,5540,0.29275209483807885
paper δ=1.57,1.57,5560,0.29503092263928465
paper δ=1.57,1.57,5580,0.2973000796537235
paper δ=1.57,1.57,5600,0.2995596215907881
paper δ=1.57,1.57,5620,0.3018096037650366
paper δ=1.57,1.57,5640,0.30405008109937626
paper δ=1.57,1.57,5660,0.3062811081248924
paper δ=1.57,1.57,5680,0.308502738992388
paper δ=1.57,1.57,5700,0.31071502746885926
paper δ=1.57,1.57,5720,0.3129180269415883
paper δ=1.57,1.57,5740,0.3151117904232592
paper δ=1.57,1.57,5760,0.31729637055292415
paper δ=1.57,1.57,5780,0.31947181959822046
paper δ=1.57,1.57,5800,0.3216381894607707
paper δ=1.57,1.57,5820,0.32379553167834274
paper δ=1.57,1.57,5840,0.32594389742814656
paper δ=1.57,1.57,5860,0.3280833375267207
paper δ=1.57,1.57,5880,0.33021390243720816
paper δ=1.57,1.57,5900,0.3323356422643542
paper δ=1.57,1.57,5920,0.3344486067739467
paper δ=1.57,1.57,5940,0.3365528453751381
paper δ=1.57,1.57,5960,0.3386484071316431
paper δ=1.57,1.57,5980,0.3407353407743585
paper δ=1.57,1.57,6000,0.3428136946864697
paper δ=1.57,1.57,6020,0.3448835169215272
paper δ=1.57,1.57,6040,0.34694485519395357
paper δ=1.57,1.57,6060,0.34899775688791124
paper δ=1.57,1.57,6080,0.35104226906184977
paper δ=1.57,1.57,6100,0.3530784384494723
paper δ=1.57,1.57,6120,0.35510631145461957
paper δ=1.57,1.57,6140,0.3571259341663904
paper δ=1.57,1.57,6160,0.35913735235504873
paper δ=1.57,1.57,6180,0.36114061147389975
paper δ=1.57,1.57,6200,0.36313575666099496
paper δ=1.57,1.57,6220,0.36512283275129676
paper δ=1.57,1.57,6240,0.3671018842598528
paper δ=1.57,1.57,6260,0.3690729554072618
paper δ=1.57,1.57,6280,0.3710360901051786
paper δ=1.57,1.57,6300,0.3729913319646698
paper δ=1.57,1.57,6320,0.37493872429899966
paper δ=1.57,1.57,6340,0.37687831012266315
paper δ=1.57,1.57,6360,0.378810132164233
paper δ=1.57,1.57,6380,0.38073423285027275
paper δ=1.57,1.57,6400,0.38265065432415213
paper δ=1.57,1.57,6420,0.38455943844022045
paper δ=1.57,1.57,6440,0.3864606267725321
paper δ=1.57,1.57,6460,0.3883542606051549
paper δ=1.57,1.57,6480,0.3902403809472048
paper δ=1.57,1.57,6500,0.3921190285290663
paper δ=1.57,1.57,6520,0.3939902438039269
paper δ=1.57,1.57,6540,0.39585406695383085
paper δ=1.57,1.57,6560,0.3977105378833983
paper δ=1.57,1.57,6580,0.3995596962343484
paper δ=1.57,1.57,6600,0.4014015813795879
paper δ=1.57,1.57,6620,0.4032362324235237
paper δ=1.57,1.57,6640,0.4050636882118681
paper δ=1.57,1.57,6660,0.40688398732527276
paper δ=1.57,1.57,6680,0.40869716809049805
paper δ=1.57,1.57,6700,0.4105032685698973
paper δ=1.57,1.57,6720,0.4123023265790948
paper δ=1.57,1.57,6740,0.4140943796725196
paper δ=1.57,1.57,6760,0.4158794651598612
paper δ=1.57,1.57,6780,0.41765762010004437
paper δ=1.57,1.57,6800,0.419428881303503
paper δ=1.57,1.57,6820,0.4211932853392568
paper δ=1.57,1.57,6840,0.42295086852683994
paper δ=1.57,1.57,6860,0.42470166694835143
paper δ=1.57,1.57,6880,0.4264457164446469
paper δ=1.57,1.57,6900,0.4281830526242061
paper δ=1.57,1.57,6920,0.4299137108536115
paper δ=1.57,1.57,6940,0.4316377262652793
paper δ=1.57,1.57,6960,0.4333551337657866
paper δ=1.57,1.57,6980,0.4350659680243609
paper δ=1.57,1.57,7000,0.4367702634848172
paper δ=1.57,1.57,7020,0.4384680543650745
paper δ=1.57,1.57,7040,0.4401593746559058
paper δ=1.57,1.57,7060,0.44184425812485983
paper δ=1.57,1.57,7080,0.44352273831921707
paper δ=1.57,1.57,7100,0.44519484856712666
paper δ=1.57,1.57,7120,0.44686062197683896
paper δ=1.57,1.57,7140,0.44852009143994565
paper δ=1.57,1.57,7160,0.4501732896349324
paper δ=1.57,1.57,7180,0.45182024902345574
paper δ=1.57,1.57,7200,0.45346100186011995
paper δ=1.57,1.57,7220,0.45509558018665075
paper δ=1.57,1.57,7240,0.45672401584064914
paper δ=1.57,1.57,7260,0.45834634044422273
paper δ=1.57,1.57,7280,0.45996258542473356
paper δ=1.57,1.57,7300,0.4615727820002462
paper δ=1.57,1.57,7320,0.46317696118549634
paper δ=1.57,1.57,7340,0.4647751537978593
paper δ=1.57,1.57,7360,0.4663673904557015
paper δ=1.57,1.57,7380,0.46795370157988714
paper δ=1.57,1.57,7400,0.46953411739198714
paper δ=1.57,1.57,7420,0.4711086679247387
paper δ=1.57,1.57,7440,0.47267738301317763
paper δ=1.57,1.57,7460,0.47424029230219844
paper δ=1.57,1.57,7480,0.4757974252494819
paper δ=1.57,1.57,7500,0.47734881112063476
paper δ=1.57,1.57,7520,0.4788944789950733
paper δ=1.57,1.57,7540,0.4804344577669326
paper δ=1.57,1.57,7560,0.4819687761450666
paper δ=1.57,1.57,7580,0.4834974626563735
paper δ=1.57,1.57,7600,0.4850205456455683
paper δ=1.57,1.57,7620,0.4865380532807535
paper δ=1.57,1.57,7640,0.4880500135434147
paper δ=1.57,1.57,7660,0.4895564542462125
paper δ=1.57,1.57,7680,0.4910574030169528
paper δ=1.57,1.57,7700,0.4925528873167764
paper δ=1.57,1.57,7720,0.4940429344297286
paper δ=1.57,1.57,7740,0.49552757146685167
paper δ=1.57,1.57,7760,0.4970068253689135
paper δ=1.57,1.57,7780,0.4984807229083401
paper δ=1.57,1.57,7800,0.49994929068591887
paper δ=1.57,1.57,7820,0.5014125551417123
paper δ=1.57,1.57,7840,0.5028705425402791
paper δ=1.57,1.57,7860,0.5043232789914214
paper δ=1.57,1.57,7880,0.5057707904351503
paper δ=1.57,1.57,7900,0.50721310265169
paper δ=1.57,1.57,7920,0.5086502412588629
paper δ=1.57,1.57,7940,0.510082231719025
paper δ=1.57,1.57,7960,0.5115090993300271
paper δ=1.57,1.57,7980,0.5129308692341112
paper δ=1.57,1.57,8000,0.5143475664204402
margen δ=2,2.0,20,7.788702025982683
margen δ=2,2.0,40,7.582505279522113
margen δ=2,2.0,60,-0.5993997064153638
margen δ=2,2.0,80,-1.2604574969347149
margen δ=2,2.0,100,58.002730823234906
margen δ=2,2.0,120,23.141592225586162
margen δ=2,2.0,140,98.86926110267983
margen δ=2,2.0,160,0.4098522609048323
margen δ=2,2.0,180,0.5327768491733063
margen δ=2,2.0,200,0.546242814251501
margen δ=2,2.0,220,0.5907843650560914
margen δ=2,2.0,240,0.9842404225939216
margen δ=2,2.0,260,0.47311959787287744
margen δ=2,2.0,280,0.8652965616765358
margen δ=2,2.0,300,0.7749555942088215
margen δ=2,2.0,320,0.7689599789788326
margen δ=2,2.0,340,0.8100804246504174
margen δ=2,2.0,360,0.7741131922885113
margen δ=2,2.0,380,0.793915518064839
margen δ=2,2.0,400,0.7887463760545093
margen δ=2,2.0,420,0.7867524715450335
margen δ=2,2.0,440,0.7904485123250516
margen δ=2,2.0,460,0.7877112847206407
margen δ=2,2.0,480,0.7889637559630389
margen δ=2,2.0,500,0.788766115213053
margen δ=2,2.0,520,0.7885089822966111
margen δ=2,2.0,540,0.7888183486074235
margen δ=2,2.0,560,0.7886208727307862
margen δ=2,2.0,580,0.7886957398928213
margen δ=2,2.0,600,0.7886956894332549
margen δ=2,2.0,620,0.7886693181015205
margen δ=2,2.0,640,0.7886939077392727
margen δ=2,2.0,660,0.7886803030191157
margen δ=2,2.0,680,0.7886843018221641
margen δ=2,2.0,700,0.7886853771528686
margen δ=2,2.0,720,0.7886829640148677
margen δ=2,2.0,740,0.7886848329909013
margen δ=2,2.0,760,0.788683943165244
margen δ=2,2.0,780,0.7886841126999221
margen δ=2,2.0,800,0.7886842687583973
margen δ=2,2.0,820,0.7886840635198785
margen δ=2,2.0,840,0.7886841996790299
margen δ=2,2.0,860,0.7886841452411282
margen δ=2,2.0,880,0.7886841479129987
margen δ=2,2.0,900,0.7886841646348285
margen δ=2,2.0,920,0.788684148111104
margen δ=2,2.0,940,0.7886841576060711
margen δ=2,2.0,960,0.7886841545903549
margen δ=2,2.0,980,0.7886841540494242
margen δ=2,2.0,1000,0.7886841556177294
margen δ=2,2.0,1020,0.7886841543473714
margen δ=2,2.0,1040,0.7886841549775374
margen δ=2,2.0,1060,0.7886841548386834
margen δ=2,2.0,1080,0.788684154745718
margen δ=2,2.0,1100,0.7886841548813188
margen δ=2,2.0,1120,0.7886841547877598
margen δ=2,2.0,1140,0.7886841548270802
margen δ=2,2.0,1160,0.7886841548234953
margen δ=2,2.0,1180,0.7886841548129075
margen δ=2,2.0,1200,0.7886841548240798
margen δ=2,2.0,1220,0.7886841548174237
margen δ=2,2.0,1240,0.7886841548196512
margen δ=2,2.0,1260,0.7886841548199155
margen δ=2,2.0,1280,0.7886841548189466
margen δ=2,2.0,1300,0.7886841548198325
margen δ=2,2.0,1320,0.7886841548193473
margen δ=2,2.0,1340,0.7886841548195183
margen δ=2,2.0,1360,0.7886841548194942
margen δ=2,2.0,1380,0.7886841548194198
margen δ=2,2.0,1400,0.7886841548195149
margen δ=2,2.0,1420,0.7886841548194027
margen δ=2,2.0,1440,0.7886841548194502
margen δ=2,2.0,1460,0.7886841548195082
margen δ=2,2.0,1480,0.7886841548195095
margen δ=2,2.0,1500,0.7886841548194488
margen δ=2,2.0,1520,0.7886841548194052
margen δ=2,2.0,1540,0.7886841548194733
margen δ=2,2.0,1560,0.788684154819545
margen δ=2,2.0,1580,0.7886841548193827
margen δ=2,2.0,1600,0.788684154819477
margen δ=2,2.0,1620,0.7886841548195294
margen δ=2,2.0,1640,0.7886841548194008
margen δ=2,2.0,1660,0.7886841548195623
margen δ=2,2.0,1680,0.7886841548193795
margen δ=2,2.0,1700,0.7886841548195409
margen δ=2,2.0,1720,0.7886841548193708
margen δ=2,2.0,1740,0.788684154819478
margen δ=2,2.0,1760,0.7886841548194391
margen δ=2,2.0,1780,0.7886841548194854
margen δ=2,2.0,1800,0.78868415481951
margen δ=2,2.0,1820,0.7886841548193838
margen δ=2,2.0,1840,0.7886841548194635
margen δ=2,2.0,1860,0.7886841548194794
margen δ=2,2.0,1880,0.7886841548193672
margen δ=2,2.0,1900,0.7886841548193578
margen δ=2,2.0,1920,0.7886841548192443
margen δ=2,2.0,1940,0.7886841548193003
margen δ=2,2.0,1960,0.7886841548193597
margen δ=2,2.0,1980,0.788684154819383
margen δ=2,2.0,2000,0.7886841548194021
margen δ=2,2.0,2020,0.7886841548193138
margen δ=2,2.0,2040,0.7886841548193676
margen δ=2,2.0,2060,0.7886841548193761
margen δ=2,2.0,2080,0.7886841548193599
margen δ=2,2.0,2100,0.7886841548194163
margen δ=2,2.0,2120,0.7886841548194033
margen δ=2,2.0,2140,0.7886841548193595
margen δ=2,2.0,2160,0.7886841548194319
margen δ=2,2.0,2180,0.7886841548194004
margen δ=2,2.0,2200,0.7886841548193727
margen δ=2,2.0,2220,0.7886841548193005
margen δ=2,2.0,2240,0.7886841548194238
margen δ=2,2.0,2260,0.7886841548193854
margen δ=2,2.0,2280,0.7886841548194292
margen δ=2,2.0,2300,0.7886841548193423
margen δ=2,2.0,2320,0.788684154819395
margen δ=2,2.0,2340,0.7886841548193915
margen δ=2,2.0,2360,0.7886841548194437
margen δ=2,2.0,2380,0.788684154819371
margen δ=2,2.0,2400,0.7886841548193718
margen δ=2,2.0,2420,0.7886841548194266
margen δ=2,2.0,2440,0.788684154819337
margen δ=2,2.0,2460,0.7886841548193111
margen δ=2,2.0,2480,0.7886841548193835
margen δ=2,2.0,2500,0.7886841548193213
margen δ=2,2.0,2520,0.78868415481942
margen δ=2,2.0,2540,0.7886841548193698
margen δ=2,2.0,2560,0.788684154819386
margen δ=2,2.0,2580,0.7886841548194305
margen δ=2,2.0,2600,0.7886841548193746
margen δ=2,2.0,2620,0.788684154819411
margen δ=2,2.0,2640,0.7886841548192727
margen δ=2,2.0,2660,0.7886841548194459
margen δ=2,2.0,2680,0.7886841548193024
margen δ=2,2.0,2700,0.7886841548193927
margen δ=2,2.0,2720,0.7886841548193348
margen δ=2,2.0,2740,0.7886714509694301
margen δ=2,2.0,2760,0.5618163084127465
margen δ=2,2.0,2780,0.37123664974765974
margen δ=2,2.0,2800,0.30095346309625404
margen δ=2,2.0,2820,0.23688633351779886
margen δ=2,2.0,2840,0.1835914687140302
margen δ=2,2.0,2860,0.14115891561862481
margen δ=2,2.0,2880,0.10774154188875577
margen δ=2,2.0,2900,0.08148526481392085
margen δ=2,2.0,2920,0.06434745536540915
margen δ=2,2.0,2940,0.051885598390894995
margen δ=2,2.0,2960,0.04168926263604689
margen δ=2,2.0,2980,0.03366158165891325
margen δ=2,2.0,3000,0.027177953352834162
margen δ=2,2.0,3020,0.02184191512207232
margen δ=2,2.0,3040,0.017457181808876884
margen δ=2,2.0,3060,0.013834807652159355
margen δ=2,2.0,3080,0.010833820805088976
margen δ=2,2.0,3100,0.008352593153916019
margen δ=2,2.0,3120,0.006308785923232916
margen δ=2,2.0,3140,0.004635827880809757
margen δ=2,2.0,3160,0.0032786577301831986
margen δ=2,2.0,3180,0.0021902138295748015
margen δ=2,2.0,3200,0.001329437128276001
margen δ=2,2.0,3220,0.0006599013728155712
margen δ=2,2.0,3240,0.0001489304048940513
margen δ=2,2.0,3260,-0.00023292569174991281
margen δ=2,2.0,3280,-0.000512183611453116
margen δ=2,2.0,3300,-0.0007125742854413222
margen δ=2,2.0,3320,-0.0008551095398403087
margen δ=2,2.0,3340,-0.000958116366169615
margen δ=2,2.0,3360,-0.0010372732390574323
margen δ=2,2.0,3380,-0.001105671278090988
margen δ=2,2.0,3400,-0.001173913173026057
margen δ=2,2.0,3420,-0.0012502545773141302
margen δ=2,2.0,3440,-0.0013407861660255896
margen δ=2,2.0,3460,-0.001449649811288281
margen δ=2,2.0,3480,-0.0015792793218638275
margen δ=2,2.0,3500,-0.0017306547944993735
margen δ=2,2.0,3520,-0.0019035595931217383
margen δ=2,2.0,3540,-0.002096829990337415
margen δ=2,2.0,3560,-0.0023085892201346637
margen δ=2,2.0,3580,-0.0025364597771020915
margen δ=2,2.0,3600,-0.0027777499456782388
margen δ=2,2.0,3620,-0.003029612559014487
margen δ=2,2.0,3640,-0.003289175703647617
margen δ=2,2.0,3660,-0.0035536464453499103
margen δ=2,2.0,3680,-0.003820389627405731
margen δ=2,2.0,3700,-0.004086984417081162
margen δ=2,2.0,3720,-0.004351261597333185
margen δ=2,2.0,3740,-0.0046113246747125445
margen δ=2,2.0,3760,-0.004865557782186275
margen δ=2,2.0,3780,-0.005112623130154772
margen δ=2,2.0,3800,-0.005351450476627876
margen δ=2,2.0,3820,-0.0055812207605129525
margen δ=2,2.0,3840,-0.00580134572052683
margen δ=2,2.0,3860,-0.00601144500873148
margen δ=2,2.0,3880,-0.006211322024168425
margen δ=2,2.0,3900,-0.006400939438643963
margen δ=2,2.0,3920,-0.006580395165282202
margen δ=2,2.0,3940,-0.006749899337475076
margen δ=2,2.0,3960,-0.006909752706486115
margen δ=2,2.0,3980,-0.007060326737351819
margen δ=2,2.0,4000,-0.007202045579529724
margen δ=2,2.0,4020,-0.007335370001139208
margen δ=2,2.0,4040,-0.007460783308717011
margen δ=2,2.0,4060,-0.007578779222257904
margen δ=2,2.0,4080,-0.007689851631536861
margen δ=2,2.0,4100,-0.007794486131670173
margen δ=2,2.0,4120,-0.007893153211492455
margen δ=2,2.0,4140,-0.007986302952630614
margen δ=2,2.0,4160,-0.008074361090800276
margen δ=2,2.0,4180,-0.00815772628234204
margen δ=2,2.0,4200,-0.008236768424176612
margen δ=2,2.0,4220,-0.00831182787266665
margen δ=2,2.0,4240,-0.008383215420681552
margen δ=2,2.0,4260,-0.008451212892510555
margen δ=2,2.0,4280,-0.0085160742335934
margen δ=2,2.0,4300,-0.00857802697809568
margen δ=2,2.0,4320,-0.008637273991961727
margen δ=2,2.0,4340,-0.008693995400729968
margen δ=2,2.0,4360,-0.008748350623328696
margen δ=2,2.0,4380,-0.008800480444956404
margen δ=2,2.0,4400,-0.008850509073803508
margen δ=2,2.0,4420,-0.00889854613713267
margen δ=2,2.0,4440,-0.008944688581506892
margen δ=2,2.0,4460,-0.008989022450479781
margen δ=2,2.0,4480,-0.009031624523271713
margen δ=2,2.0,4500,-0.009072563800327296
margen δ=2,2.0,4520,-0.00911190283351946
margen δ=2,2.0,4540,-0.00914969889631746
margen δ=2,2.0,4560,-0.009186005001496108
margen δ=2,2.0,4580,-0.00922087076883525
margen δ=2,2.0,4600,-0.009254343155465302
margen δ=2,2.0,4620,-0.009286467055630274
margen δ=2,2.0,4640,-0.00931728578534623
margen δ=2,2.0,4660,-0.009346841460720231
margen δ=2,2.0,4680,-0.009375175285614858
margen δ=2,2.0,4700,-0.009402327758853078
margen δ=2,2.0,4720,-0.009428338813602834
margen δ=2,2.0,4740,-0.009453247900859722
margen δ=2,2.0,4760,-0.009477094026248705
margen δ=2,2.0,4780,-0.009499915751141248
margen δ=2,2.0,4800,-0.009521751165358128
margen δ=2,2.0,4820,-0.009542637840163305
margen δ=2,2.0,4840,-0.009562612767259823
margen δ=2,2.0,4860,-0.009581712290380021
margen δ=2,2.0,4880,-0.0095999720326407
margen δ=2,2.0,4900,-0.009617426825441934
margen δ=2,2.0,4920,-0.009634110640450538
margen δ=2,2.0,4940,-0.009650056527599146
margen δ=2,2.0,4960,-0.009665296560045491
margen δ=2,2.0,4980,-0.00967986178946462
margen δ=2,2.0,5000,-0.009693782208499238
margen δ=2,2.0,5020,-0.009707086724056228
margen δ=2,2.0,5040,-0.009719803140504767
margen δ=2,2.0,5060,-0.009731958150260948
margen δ=2,2.0,5080,-0.009743577334970928
margen δ=2,2.0,5100,-0.009754685172896127
margen δ=2,2.0,5120,-0.009765305054062003
margen δ=2,2.0,5140,-0.009775459301867412
margen δ=2,2.0,5160,-0.009785169199193262
margen δ=2,2.0,5180,-0.009794455019322378
margen δ=2,2.0,5200,-0.009803336060165469
margen δ=2,2.0,5220,-0.009811830682066675
margen δ=2,2.0,5240,-0.009819956345655896
margen δ=2,2.0,5260,-0.009827729652756587
margen δ=2,2.0,5280,-0.009835166386916798
margen δ=2,2.0,5300,-0.009842281554311973
margen δ=2,2.0,5320,-0.009849089423851369
margen δ=2,2.0,5340,-0.00985560356696635
margen δ=2,2.0,5360,-0.009861836896032598
margen δ=2,2.0,5380,-0.009867801701082209
margen δ=2,2.0,5400,-0.00987350968539083
margen δ=2,2.0,5420,-0.009878971998913957
margen δ=2,2.0,5440,-0.00988419927026661
margen δ=2,2.0,5460,-0.009889201636524146
margen δ=2,2.0,5480,-0.009893988771181719
margen δ=2,2.0,5500,-0.009898569910387262
margen δ=2,2.0,5520,-0.00990295387731119
margen δ=2,2.0,5540,-0.00990714910475338
margen δ=2,2.0,5560,-0.009911163656169814
margen δ=2,2.0,5580,-0.009915005244666068
margen δ=2,2.0,5600,-0.009918681251732592
margen δ=2,2.0,5620,-0.009922198742935174
margen δ=2,2.0,5640,-0.009925564483933062
margen δ=2,2.0,5660,-0.009928784954676783
margen δ=2,2.0,5680,-0.009931866362298921
margen δ=2,2.0,5700,-0.009934814653502683
margen δ=2,2.0,5720,-0.009937635526196763
margen δ=2,2.0,5740,-0.009940334440283737
margen δ=2,2.0,5760,-0.009942916627257947
margen δ=2,2.0,5780,-0.009945387100287919
margen δ=2,2.0,5800,-0.00994775066260982
margen δ=2,2.0,5820,-0.009950011916235374
margen δ=2,2.0,5840,-0.00995217527023802
margen δ=2,2.0,5860,-0.009954244947806013
margen δ=2,2.0,5880,-0.009956224994289557
margen δ=2,2.0,5900,-0.009958119283827794
margen δ=2,2.0,5920,-0.00995993152608042
margen δ=2,2.0,5940,-0.009961665273042878
margen δ=2,2.0,5960,-0.009963323925004758
margen δ=2,2.0,5980,-0.009964910736759529
margen δ=2,2.0,6000,-0.009966428823439313
margen δ=2,2.0,6020,-0.009967881166216159
margen δ=2,2.0,6040,-0.009969270617561695
margen δ=2,2.0,6060,-0.00997059990662193
margen δ=2,2.0,6080,-0.009971871644615724
margen δ=2,2.0,6100,-0.009973088329232618
margen δ=2,2.0,6120,-0.009974252349752745
margen δ=2,2.0,6140,-0.00997536599144351
margen δ=2,2.0,6160,-0.009976431440204278
margen δ=2,2.0,6180,-0.009977450786707216
margen δ=2,2.0,6200,-0.009978426030247421
margen δ=2,2.0,6220,-0.009979359083092235
margen δ=2,2.0,6240,-0.009980251774268905
margen δ=2,2.0,6260,-0.009981105852635161
margen δ=2,2.0,6280,-0.009981922991233474
margen δ=2,2.0,6300,-0.009982704789677554
margen δ=2,2.0,6320,-0.009983452778422369
margen δ=2,2.0,6340,-0.00998416842097201
margen δ=2,2.0,6360,-0.009984853117100193
margen δ=2,2.0,6380,-0.009985508205794663
margen δ=2,2.0,6400,-0.009986134967793884
margen δ=2,2.0,6420,-0.009986734628197814
margen δ=2,2.0,6440,-0.009987308359140875
margen δ=2,2.0,6460,-0.009987857281424314
margen δ=2,2.0,6480,-0.009988382467818486
margen δ=2,2.0,6500,-0.009988884944274154
margen δ=2,2.0,6520,-0.0099893656924123
margen δ=2,2.0,6540,-0.009989825651399583
margen δ=2,2.0,6560,-0.009990265719785112
margen δ=2,2.0,6580,-0.009990686757252017
margen δ=2,2.0,6600,-0.009991089586283588
margen δ=2,2.0,6620,-0.009991474993951855
margen δ=2,2.0,6640,-0.009991843733253444
margen δ=2,2.0,6660,-0.009992196524648524
margen δ=2,2.0,6680,-0.009992534057501959
margen δ=2,2.0,6700,-0.009992856991468225
margen δ=2,2.0,6720,-0.009993165957723217
margen δ=2,2.0,6740,-0.009993461560123396
margen δ=2,2.0,6760,-0.00999374437644127
margen δ=2,2.0,6780,-0.0099940149596589
margen δ=2,2.0,6800,-0.009994273838663265
margen δ=2,2.0,6820,-0.009994521519668488
margen δ=2,2.0,6840,-0.009994758487020973
margen δ=2,2.0,6860,-0.009994985203976885
margen δ=2,2.0,6880,-0.009995202114007498
margen δ=2,2.0,6900,-0.009995409641281696
margen δ=2,2.0,6920,-0.009995608191616118
margen δ=2,2.0,6940,-0.009995798153365237
margen δ=2,2.0,6960,-0.009995979898081429
margen δ=2,2.0,6980,-0.009996153781217475
margen δ=2,2.0,7000,-0.009996320142880495
margen δ=2,2.0,7020,-0.009996479308415587
margen δ=2,2.0,7040,-0.009996631589231666
margen δ=2,2.0,7060,-0.009996777283069795
margen δ=2,2.0,7080,-0.009996916674977124
margen δ=2,2.0,7100,-0.009997050037531818
margen δ=2,2.0,7120,-0.009997177631532643
margen δ=2,2.0,7140,-0.009997299706667379
margen δ=2,2.0,7160,-0.009997416501551523
margen δ=2,2.0,7180,-0.009997528244709678
margen δ=2,2.0,7200,-0.009997635154433415
margen δ=2,2.0,7220,-0.009997737440150886
margen δ=2,2.0,7240,-0.009997835301700583
margen δ=2,2.0,7260,-0.00999792893042839
margen δ=2,2.0,7280,-0.0099980185094883
margen δ=2,2.0,7300,-0.009998104214045263
margen δ=2,2.0,7320,-0.009998186211659828
margen δ=2,2.0,7340,-0.009998264662711072
margen δ=2,2.0,7360,-0.009998339720587762
margen δ=2,2.0,7380,-0.009998411532015732
margen δ=2,2.0,7400,-0.009998480237478654
margen δ=2,2.0,7420,-0.009998545971262929
margen δ=2,2.0,7440,-0.009998608861892825
margen δ=2,2.0,7460,-0.00999866903245902
margen δ=2,2.0,7480,-0.009998726600525667
margen δ=2,2.0,7500,-0.00999878167850619
margen δ=2,2.0,7520,-0.00999883437435168
margen δ=2,2.0,7540,-0.009998884790884635
margen δ=2,2.0,7560,-0.009998933026825838
margen δ=2,2.0,7580,-0.009998979176469153
margen δ=2,2.0,7600,-0.009999023329938293
margen δ=2,2.0,7620,-0.009999065573727966
margen δ=2,2.0,7640,-0.009999105990351328
margen δ=2,2.0,7660,-0.00999914465879689
margen δ=2,2.0,7680,-0.009999181654795082
margen δ=2,2.0,7700,-0.009999217050572155
margen δ=2,2.0,7720,-0.009999250915450045
margen δ=2,2.0,7740,-0.009999283315450188
margen δ=2,2.0,7760,-0.009999314314072118
margen δ=2,2.0,7780,-0.009999343971992394
margen δ=2,2.0,7800,-0.009999372347141901
margen δ=2,2.0,7820,-0.00999939949487051
margen δ=2,2.0,7840,-0.009999425468464579
margen δ=2,2.0,7860,-0.009999450318559717
margen δ=2,2.0,7880,-0.009999474093838532
margen δ=2,2.0,7900,-0.009999496840767619
margen δ=2,2.0,7920,-0.009999518603771651
margen δ=2,2.0,7940,-0.009999539425570567
margen δ=2,2.0,7960,-0.00999955934677058
margen δ=2,2.0,7980,-0.00999957840619493
margen δ=2,2.0,8000,-0.009999596641258577
aleatorio δ=2,2.0,20,34.230873149780514
aleatorio δ=2,2.0,40,-0.3742916794304785
aleatorio δ=2,2.0,60,-0.12986787172423742
aleatorio δ=2,2.0,80,-0.1910504358327727
aleatorio δ=2,2.0,100,-0.24989968207407
aleatorio δ=2,2.0,120,-0.22469146920912492
aleatorio δ=2,2.0,140,-0.28401202002284875
aleatorio δ=2,2.0,160,-0.2526253759403696
aleatorio δ=2,2.0,180,-0.2797306280296005
aleatorio δ=2,2.0,200,-0.2695343849150805
aleatorio δ=2,2.0,220,-0.27546343817281427
aleatorio δ=2,2.0,240,-0.2762629347665083
aleatorio δ=2,2.0,260,-0.2755280531243649
aleatorio δ=2,2.0,280,-0.27802130690692606
aleatorio δ=2,2.0,300,-0.277030074797568
aleatorio δ=2,2.0,320,-0.278436305533388
aleatorio δ=2,2.0,340,-0.2782636669581312
aleatorio δ=2,2.0,360,-0.27875424713191427
aleatorio δ=2,2.0,380,-0.278967758298154
aleatorio δ=2,2.0,400,-0.2791105529250034
aleatorio δ=2,2.0,420,-0.27934363472041557
aleatorio δ=2,2.0,440,-0.279418412415005
aleatorio δ=2,2.0,460,-0.27956906913053337
aleatorio δ=2,2.0,480,-0.2796392180649504
aleatorio δ=2,2.0,500,-0.2797239502324753
aleatorio δ=2,2.0,520,-0.2797851675684977
aleatorio δ=2,2.0,540,-0.2798352194974226
aleatorio δ=2,2.0,560,-0.2798807607030208
aleatorio δ=2,2.0,580,-0.279913886696292
aleatorio δ=2,2.0,600,-0.2799447822028963
aleatorio δ=2,2.0,620,-0.27996812308570207
aleatorio δ=2,2.0,640,-0.2799885367774927
aleatorio δ=2,2.0,660,-0.2800050170473652
aleatorio δ=2,2.0,680,-0.2800186513045975
aleatorio δ=2,2.0,700,-0.2800300720803555
aleatorio δ=2,2.0,720,-0.28003934214899034
aleatorio δ=2,2.0,740,-0.28004714464482705
aleatorio δ=2,2.0,760,-0.2800535071199186
aleatorio δ=2,2.0,780,-0.280058814097966
aleatorio δ=2,2.0,800,-0.28006318452017764
aleatorio δ=2,2.0,820,-0.2800667997408952
aleatorio δ=2,2.0,840,-0.28006979415926136
aleatorio δ=2,2.0,860,-0.28007226356307724
aleatorio δ=2,2.0,880,-0.2800743108236089
aleatorio δ=2,2.0,900,-0.2800760000739737
aleatorio δ=2,2.0,920,-0.28007739878486004
aleatorio δ=2,2.0,940,-0.28007855458353614
aleatorio δ=2,2.0,960,-0.28007951040686446
aleatorio δ=2,2.0,980,-0.2800803009433375
aleatorio δ=2,2.0,1000,-0.2800809543853181
aleatorio δ=2,2.0,1020,-0.28008149492522616
aleatorio δ=2,2.0,1040,-0.2800819417549222
aleatorio δ=2,2.0,1060,-0.2800823113184676
aleatorio δ=2,2.0,1080,-0.28008261687961566
aleatorio δ=2,2.0,1100,-0.28008286955707135
aleatorio δ=2,2.0,1120,-0.28008307850462416
aleatorio δ=2,2.0,1140,-0.28008325127677053
aleatorio δ=2,2.0,1160,-0.2800833941528079
aleatorio δ=2,2.0,1180,-0.2800835122936439
aleatorio δ=2,2.0,1200,-0.28008360998964277
aleatorio δ=2,2.0,1220,-0.2800836907749324
aleatorio δ=2,2.0,1240,-0.28008375757827675
aleatorio δ=2,2.0,1260,-0.2800838128195945
aleatorio δ=2,2.0,1280,-0.28008385849955
aleatorio δ=2,2.0,1300,-0.2800838962736959
aleatorio δ=2,2.0,1320,-0.28008392750983824
aleatorio δ=2,2.0,1340,-0.2800839533399166
aleatorio δ=2,2.0,1360,-0.2800839746994125
aleatorio δ=2,2.0,1380,-0.28008399236216186
aleatorio δ=2,2.0,1400,-0.2800840069679662
aleatorio δ=2,2.0,1420,-0.28008401904589886
aleatorio δ=2,2.0,1440,-0.2800840290334817
aleatorio δ=2,2.0,1460,-0.2800840372924922
aleatorio δ=2,2.0,1480,-0.2800840441221015
aleatorio δ=2,2.0,1500,-0.2800840497697122
aleatorio δ=2,2.0,1520,-0.28008405443987594
aleatorio δ=2,2.0,1540,-0.28008405830177574
aleatorio δ=2,2.0,1560,-0.2800840614952915
aleatorio δ=2,2.0,1580,-0.28008406413610587
aleatorio δ=2,2.0,1600,-0.2800840663198749
aleatorio δ=2,2.0,1620,-0.28008406812569764
aleatorio δ=2,2.0,1640,-0.28008406961899074
aleatorio δ=2,2.0,1660,-0.2800840708538354
aleatorio δ=2,2.0,1680,-0.2800840718749681
aleatorio δ=2,2.0,1700,-0.28008407271937363
aleatorio δ=2,2.0,1720,-0.2800840734176417
aleatorio δ=2,2.0,1740,-0.2800840739950533
aleatorio δ=2,2.0,1760,-0.28008407447254247
aleatorio δ=2,2.0,1780,-0.28008407486738396
aleatorio δ=2,2.0,1800,-0.2800840751938941
aleatorio δ=2,2.0,1820,-0.28008407546389447
aleatorio δ=2,2.0,1840,-0.2800840756871677
aleatorio δ=2,2.0,1860,-0.28008407587180106
aleatorio δ=2,2.0,1880,-0.28008407602448027
aleatorio δ=2,2.0,1900,-0.2800840761507327
aleatorio δ=2,2.0,1920,-0.28008407625513776
aleatorio δ=2,2.0,1940,-0.28008407634146965
aleatorio δ=2,2.0,1960,-0.28008407641286354
aleatorio δ=2,2.0,1980,-0.2800840764718999
aleatorio δ=2,2.0,2000,-0.28008407652071876
aleatorio δ=2,2.0,2020,-0.2800840765610889
aleatorio δ=2,2.0,2040,-0.28008407659446866
aleatorio δ=2,2.0,2060,-0.28008407662208
aleatorio δ=2,2.0,2080,-0.280084076644904
aleatorio δ=2,2.0,2100,-0.2800840766637869
aleatorio δ=2,2.0,2120,-0.28008407667939356
aleatorio δ=2,2.0,2140,-0.2800840766923025
aleatorio δ=2,2.0,2160,-0.2800840767029764
aleatorio δ=2,2.0,2180,-0.28008407671180213
aleatorio δ=2,2.0,2200,-0.28008407671910296
aleatorio δ=2,2.0,2220,-0.28008407672514135
aleatorio δ=2,2.0,2240,-0.2800840767301282
aleatorio δ=2,2.0,2260,-0.28008407673425756
aleatorio δ=2,2.0,2280,-0.28008407673766955
aleatorio δ=2,2.0,2300,-0.2800840767404951
aleatorio δ=2,2.0,2320,-0.2800840767428286
aleatorio δ=2,2.0,2340,-0.2800840767447581
aleatorio δ=2,2.0,2360,-0.28008407674635294
aleatorio δ=2,2.0,2380,-0.2800840767476741
aleatorio δ=2,2.0,2400,-0.28008407674876556
aleatorio δ=2,2.0,2420,-0.28008407674966634
aleatorio δ=2,2.0,2440,-0.28008407675041425
aleatorio δ=2,2.0,2460,-0.2800840767510279
aleatorio δ=2,2.0,2480,-0.28008407675154423
aleatorio δ=2,2.0,2500,-0.2800840767519603
aleatorio δ=2,2.0,2520,-0.2800840767523124
aleatorio δ=2,2.0,2540,-0.2800840767525985
aleatorio δ=2,2.0,2560,-0.2800840767528404
aleatorio δ=2,2.0,2580,-0.2800840767530353
aleatorio δ=2,2.0,2600,-0.2800840767531978
aleatorio δ=2,2.0,2620,-0.2800840767533348
aleatorio δ=2,2.0,2640,-0.28008407675344527
aleatorio δ=2,2.0,2660,-0.28008407675353725
aleatorio δ=2,2.0,2680,-0.280084076753615
aleatorio δ=2,2.0,2700,-0.2800840767536765
aleatorio δ=2,2.0,2720,-0.2800840767537296
aleatorio δ=2,2.0,2740,-0.28008407675377534
aleatorio δ=2,2.0,2760,-0.2800840767538084
aleatorio δ=2,2.0,2780,-0.2800840767538365
aleatorio δ=2,2.0,2800,-0.28008407675385627
aleatorio δ=2,2.0,2820,-0.280084076753883
aleatorio δ=2,2.0,2840,-0.2800840767538956
aleatorio δ=2,2.0,2860,-0.28008407675391134
aleatorio δ=2,2.0,2880,-0.2800840767539249
aleatorio δ=2,2.0,2900,-0.28008407675393415
aleatorio δ=2,2.0,2920,-0.2800840767539429
aleatorio δ=2,2.0,2940,-0.2800840767539511
aleatorio δ=2,2.0,2960,-0.2800840767539512
aleatorio δ=2,2.0,2980,-0.2800840767539626
aleatorio δ=2,2.0,3000,-0.28008407675395974
aleatorio δ=2,2.0,3020,-0.28008407675396485
aleatorio δ=2,2.0,3040,-0.28008407675396624
aleatorio δ=2,2.0,3060,-0.2800840767539673
aleatorio δ=2,2.0,3080,-0.2800840767539709
aleatorio δ=2,2.0,3100,-0.2800840767539693
aleatorio δ=2,2.0,3120,-0.2800840767539725
aleatorio δ=2,2.0,3140,-0.2800840767539702
aleatorio δ=2,2.0,3160,-0.28008407675397295
aleatorio δ=2,2.0,3180,-0.2800840767539717
aleatorio δ=2,2.0,3200,-0.28008407675397406
aleatorio δ=2,2.0,3220,-0.2800840767539724
aleatorio δ=2,2.0,3240,-0.2800840767539725
aleatorio δ=2,2.0,3260,-0.2800840767539732
aleatorio δ=2,2.0,3280,-0.28008407675396974
aleatorio δ=2,2.0,3300,-0.2800840767539663
aleatorio δ=2,2.0,3320,-0.2800840767539681
aleatorio δ=2,2.0,3340,-0.28008407675396746
aleatorio δ=2,2.0,3360,-0.28008407675396707
aleatorio δ=2,2.0,3380,-0.2800840767539681
aleatorio δ=2,2.0,3400,-0.280084076753966
aleatorio δ=2,2.0,3420,-0.2800840767539677
aleatorio δ=2,2.0,3440,-0.2800840767539674
aleatorio δ=2,2.0,3460,-0.2800840767539678
aleatorio δ=2,2.0,3480,-0.2800840767539674
aleatorio δ=2,2.0,3500,-0.2800840767539678
aleatorio δ=2,2.0,3520,-0.28008407675396707
aleatorio δ=2,2.0,3540,-0.2800840767539677
aleatorio δ=2,2.0,3560,-0.28008407675396707
aleatorio δ=2,2.0,3580,-0.28008407675396707
aleatorio δ=2,2.0,3600,-0.28008407675396707
aleatorio δ=2,2.0,3620,-0.28008407675396707
aleatorio δ=2,2.0,3640,-0.28008407675396707
aleatorio δ=2,2.0,3660,-0.28008407675396685
aleatorio δ=2,2.0,3680,-0.28008407675396707
aleatorio δ=2,2.0,3700,-0.28008407675396707
aleatorio δ=2,2.0,3720,-0.2800840767539677
aleatorio δ=2,2.0,3740,-0.28008407675396707
aleatorio δ=2,2.0,3760,-0.2800840767539677
aleatorio δ=2,2.0,3780,-0.2800840767539674
aleatorio δ=2,2.0,3800,-0.2800840767539678
aleatorio δ=2,2.0,3820,-0.2800840767539674
aleatorio δ=2,2.0,3840,-0.2800840767539678
aleatorio δ=2,2.0,3860,-0.28008407675396707
aleatorio δ=2,2.0,3880,-0.2800840767539677
aleatorio δ=2,2.0,3900,-0.28008407675396707
aleatorio δ=2,2.0,3920,-0.2800840767539678
aleatorio δ=2,2.0,3940,-0.28008407675396707
aleatorio δ=2,2.0,3960,-0.2800840767539677
aleatorio δ=2,2.0,3980,-0.2800840767539674
aleatorio δ=2,2.0,4000,-0.2800840767539677
aleatorio δ=2,2.0,4020,-0.2800840767539674
aleatorio δ=2,2.0,4040,-0.2800840767539677
aleatorio δ=2,2.0,4060,-0.2800840767539674
aleatorio δ=2,2.0,4080,-0.28008407675396707
aleatorio δ=2,2.0,4100,-0.28008407675396707
aleatorio δ=2,2.0,4120,-0.28008407675396707
aleatorio δ=2,2.0,4140,-0.2800840767539674
aleatorio δ=2,2.0,4160,-0.28008407675396707
aleatorio δ=2,2.0,4180,-0.2800840767539674
aleatorio δ=2,2.0,4200,-0.28008407675396707
aleatorio δ=2,2.0,4220,-0.2800840767539678
aleatorio δ=2,2.0,4240,-0.28008407675396707
aleatorio δ=2,2.0,4260,-0.2800840767539678
aleatorio δ=2,2.0,4280,-0.28008407675396707
aleatorio δ=2,2.0,4300,-0.2800840767539677
aleatorio δ=2,2.0,4320,-0.28008407675396685
aleatorio δ=2,2.0,4340,-0.2800840767539677
aleatorio δ=2,2.0,4360,-0.28008407675396685
aleatorio δ=2,2.0,4380,-0.2800840767539677
aleatorio δ=2,2.0,4400,-0.28008407675396685
aleatorio δ=2,2.0,4420,-0.2800840767539677
aleatorio δ=2,2.0,4440,-0.28008407675396685
aleatorio δ=2,2.0,4460,-0.28008407675396707
aleatorio δ=2,2.0,4480,-0.2800840767539674
aleatorio δ=2,2.0,4500,-0.28008407675396707
aleatorio δ=2,2.0,4520,-0.2800840767539674
aleatorio δ=2,2.0,4540,-0.28008407675396707
aleatorio δ=2,2.0,4560,-0.2800840767539678
aleatorio δ=2,2.0,4580,-0.28008407675396707
aleatorio δ=2,2.0,4600,-0.2800840767539678
aleatorio δ=2,2.0,4620,-0.28008407675396685
aleatorio δ=2,2.0,4640,-0.2800840767539677
aleatorio δ=2,2.0,4660,-0.28008407675396685
aleatorio δ=2,2.0,4680,-0.2800840767539677
aleatorio δ=2,2.0,4700,-0.28008407675396685
aleatorio δ=2,2.0,4720,-0.2800840767539677
aleatorio δ=2,2.0,4740,-0.28008407675396685
aleatorio δ=2,2.0,4760,-0.2800840767539677
aleatorio δ=2,2.0,4780,-0.28008407675396685
aleatorio δ=2,2.0,4800,-0.28008407675396707
aleatorio δ=2,2.0,4820,-0.28008407675396707
aleatorio δ=2,2.0,4840,-0.28008407675396707
aleatorio δ=2,2.0,4860,-0.28008407675396707
aleatorio δ=2,2.0,4880,-0.28008407675396685
aleatorio δ=2,2.0,4900,-0.28008407675396707
aleatorio δ=2,2.0,4920,-0.28008407675396685
aleatorio δ=2,2.0,4940,-0.28008407675396707
aleatorio δ=2,2.0,4960,-0.28008407675396685
aleatorio δ=2,2.0,4980,-0.2800840767539677
aleatorio δ=2,2.0,5000,-0.28008407675396685
aleatorio δ=2,2.0,5020,-0.2800840767539677
aleatorio δ=2,2.0,5040,-0.28008407675396685
aleatorio δ=2,2.0,5060,-0.2800840767539677
aleatorio δ=2,2.0,5080,-0.28008407675396685
aleatorio δ=2,2.0,5100,-0.2800840767539677
aleatorio δ=2,2.0,5120,-0.28008407675396685
aleatorio δ=2,2.0,5140,-0.28008407675396707
aleatorio δ=2,2.0,5160,-0.2800840767539674
aleatorio δ=2,2.0,5180,-0.28008407675396707
aleatorio δ=2,2.0,5200,-0.2800840767539674
aleatorio δ=2,2.0,5220,-0.28008407675396707
aleatorio δ=2,2.0,5240,-0.2800840767539678
aleatorio δ=2,2.0,5260,-0.28008407675396707
aleatorio δ=2,2.0,5280,-0.2800840767539678
aleatorio δ=2,2.0,5300,-0.28008407675396707
aleatorio δ=2,2.0,5320,-0.2800840767539677
aleatorio δ=2,2.0,5340,-0.2800840767539674
aleatorio δ=2,2.0,5360,-0.2800840767539677
aleatorio δ=2,2.0,5380,-0.2800840767539674
aleatorio δ=2,2.0,5400,-0.2800840767539677
aleatorio δ=2,2.0,5420,-0.2800840767539674
aleatorio δ=2,2.0,5440,-0.28008407675396707
aleatorio δ=2,2.0,5460,-0.2800840767539677
aleatorio δ=2,2.0,5480,-0.2800840767539674
aleatorio δ=2,2.0,5500,-0.2800840767539678
aleatorio δ=2,2.0,5520,-0.2800840767539674
aleatorio δ=2,2.0,5540,-0.2800840767539678
aleatorio δ=2,2.0,5560,-0.28008407675396707
aleatorio δ=2,2.0,5580,-0.2800840767539677
aleatorio δ=2,2.0,5600,-0.28008407675396707
aleatorio δ=2,2.0,5620,-0.2800840767539678
aleatorio δ=2,2.0,5640,-0.28008407675396707
aleatorio δ=2,2.0,5660,-0.2800840767539677
aleatorio δ=2,2.0,5680,-0.2800840767539674
aleatorio δ=2,2.0,5700,-0.2800840767539677
aleatorio δ=2,2.0,5720,-0.2800840767539674
aleatorio δ=2,2.0,5740,-0.2800840767539677
aleatorio δ=2,2.0,5760,-0.2800840767539674
aleatorio δ=2,2.0,5780,-0.28008407675396707
aleatorio δ=2,2.0,5800,-0.28008407675396707
aleatorio δ=2,2.0,5820,-0.28008407675396707
aleatorio δ=2,2.0,5840,-0.2800840767539674
aleatorio δ=2,2.0,5860,-0.28008407675396707
aleatorio δ=2,2.0,5880,-0.2800840767539674
aleatorio δ=2,2.0,5900,-0.28008407675396707
aleatorio δ=2,2.0,5920,-0.2800840767539678
aleatorio δ=2,2.0,5940,-0.28008407675396707
aleatorio δ=2,2.0,5960,-0.2800840767539678
aleatorio δ=2,2.0,5980,-0.28008407675396707
aleatorio δ=2,2.0,6000,-0.2800840767539677
aleatorio δ=2,2.0,6020,-0.28008407675396685
aleatorio δ=2,2.0,6040,-0.2800840767539677
aleatorio δ=2,2.0,6060,-0.28008407675396685
aleatorio δ=2,2.0,6080,-0.2800840767539677
aleatorio δ=2,2.0,6100,-0.28008407675396685
aleatorio δ=2,2.0,6120,-0.2800840767539677
aleatorio δ=2,2.0,6140,-0.28008407675396685
aleatorio δ=2,2.0,6160,-0.28008407675396707
aleatorio δ=2,2.0,6180,-0.2800840767539674
aleatorio δ=2,2.0,6200,-0.28008407675396707
aleatorio δ=2,2.0,6220,-0.2800840767539674
aleatorio δ=2,2.0,6240,-0.28008407675396707
aleatorio δ=2,2.0,6260,-0.2800840767539678
aleatorio δ=2,2.0,6280,-0.28008407675396707
aleatorio δ=2,2.0,6300,-0.2800840767539678
aleatorio δ=2,2.0,6320,-0.28008407675396685
aleatorio δ=2,2.0,6340,-0.2800840767539677
aleatorio δ=2,2.0,6360,-0.28008407675396685
aleatorio δ=2,2.0,6380,-0.2800840767539677
aleatorio δ=2,2.0,6400,-0.28008407675396685
aleatorio δ=2,2.0,6420,-0.2800840767539677
aleatorio δ=2,2.0,6440,-0.28008407675396685
aleatorio δ=2,2.0,6460,-0.2800840767539677
aleatorio δ=2,2.0,6480,-0.28008407675396685
aleatorio δ=2,2.0,6500,-0.28008407675396707
aleatorio δ=2,2.0,6520,-0.28008407675396707
aleatorio δ=2,2.0,6540,-0.28008407675396707
aleatorio δ=2,2.0,6560,-0.28008407675396707
aleatorio δ=2,2.0,6580,-0.28008407675396685
aleatorio δ=2,2.0,6600,-0.28008407675396707
aleatorio δ=2,2.0,6620,-0.28008407675396685
aleatorio δ=2,2.0,6640,-0.28008407675396707
aleatorio δ=2,2.0,6660,-0.28008407675396685
aleatorio δ=2,2.0,6680,-0.2800840767539677
aleatorio δ=2,2.0,6700,-0.28008407675396685
aleatorio δ=2,2.0,6720,-0.2800840767539677
aleatorio δ=2,2.0,6740,-0.28008407675396685
aleatorio δ=2,2.0,6760,-0.2800840767539677
aleatorio δ=2,2.0,6780,-0.28008407675396685
aleatorio δ=2,2.0,6800,-0.2800840767539677
aleatorio δ=2,2.0,6820,-0.28008407675396685
aleatorio δ=2,2.0,6840,-0.28008407675396707
aleatorio δ=2,2.0,6860,-0.2800840767539674
aleatorio δ=2,2.0,6880,-0.28008407675396707
aleatorio δ=2,2.0,6900,-0.2800840767539674
aleatorio δ=2,2.0,6920,-0.28008407675396707
aleatorio δ=2,2.0,6940,-0.2800840767539678
aleatorio δ=2,2.0,6960,-0.28008407675396707
aleatorio δ=2,2.0,6980,-0.2800840767539678
aleatorio δ=2,2.0,7000,-0.28008407675396707
aleatorio δ=2,2.0,7020,-0.2800840767539677
aleatorio δ=2,2.0,7040,-0.2800840767539674
aleatorio δ=2,2.0,7060,-0.2800840767539677
aleatorio δ=2,2.0,7080,-0.2800840767539674
aleatorio δ=2,2.0,7100,-0.2800840767539677
aleatorio δ=2,2.0,7120,-0.2800840767539674
aleatorio δ=2,2.0,7140,-0.28008407675396707
aleatorio δ=2,2.0,7160,-0.2800840767539677
aleatorio δ=2,2.0,7180,-0.2800840767539674
aleatorio δ=2,2.0,7200,-0.2800840767539678
aleatorio δ=2,2.0,7220,-0.2800840767539674
aleatorio δ=2,2.0,7240,-0.2800840767539678
aleatorio δ=2,2.0,7260,-0.28008407675396707
aleatorio δ=2,2.0,7280,-0.2800840767539677
aleatorio δ=2,2.0,7300,-0.28008407675396707
aleatorio δ=2,2.0,7320,-0.2800840767539678
aleatorio δ=2,2.0,7340,-0.28008407675396707
aleatorio δ=2,2.0,7360,-0.2800840767539677
aleatorio δ=2,2.0,7380,-0.2800840767539674
aleatorio δ=2,2.0,7400,-0.2800840767539677
aleatorio δ=2,2.0,7420,-0.2800840767539674
aleatorio δ=2,2.0,7440,-0.2800840767539677
aleatorio δ=2,2.0,7460,-0.2800840767539674
aleatorio δ=2,2.0,7480,-0.28008407675396707
aleatorio δ=2,2.0,7500,-0.28008407675396707
aleatorio δ=2,2.0,7520,-0.28008407675396707
aleatorio δ=2,2.0,7540,-0.2800840767539674
aleatorio δ=2,2.0,7560,-0.28008407675396707
aleatorio δ=2,2.0,7580,-0.2800840767539674
aleatorio δ=2,2.0,7600,-0.28008407675396707
aleatorio δ=2,2.0,7620,-0.2800840767539678
aleatorio δ=2,2.0,7640,-0.28008407675396707
aleatorio δ=2,2.0,7660,-0.2800840767539678
aleatorio δ=2,2.0,7680,-0.28008407675396707
aleatorio δ=2,2.0,7700,-0.2800840767539677
aleatorio δ=2,2.0,7720,-0.28008407675396685
aleatorio δ=2,2.0,7740,-0.2800840767539677
aleatorio δ=2,2.0,7760,-0.28008407675396685
aleatorio δ=2,2.0,7780,-0.2800840767539677
aleatorio δ=2,2.0,7800,-0.28008407675396685
aleatorio δ=2,2.0,7820,-0.2800840767539677
aleatorio δ=2,2.0,7840,-0.28008407675396685
aleatorio δ=2,2.0,7860,-0.28008407675396707
aleatorio δ=2,2.0,7880,-0.2800840767539674
aleatorio δ=2,2.0,7900,-0.28008407675396707
aleatorio δ=2,2.0,7920,-0.2800840767539674
aleatorio δ=2,2.0,7940,-0.28008407675396707
aleatorio δ=2,2.0,7960,-0.2800840767539678
aleatorio δ=2,2.0,7980,-0.28008407675396707
aleatorio δ=2,2.0,8000,-0.2800840767539678
