order,m,N,worst,stabilized,absc_ol,normA,normB,condA,dispA
3,1,2,-0.032593214293850495,True,0.11504762540643049,1.2663736567614792,0.09119660019946274,11.615221964003641,0.4409846841807346
3,1,2,-0.017264603253647173,True,0.06227766990629526,1.2587392008495624,0.05387013399514712,112.75192640500416,0.5721421186853937
3,1,2,-0.0032651395818833035,True,0.25319889325869427,1.0249682913211724,0.053624548394144836,50.371730716984594,0.3864706081181817
3,1,2,-0.11909450075527149,True,0.4053019884447855,1.5234851347529998,0.17298021211502854,12.835656305978025,0.8066261904434796
3,1,2,-0.14696986449534158,True,0.8775803213744655,1.405478541245743,0.13217128067022618,19.490396276577,0.945663340932997
3,1,2,-0.015062206616255642,True,0.3437500945744195,1.0899861228849348,0.11799410467192352,25.489691148531005,0.5385710649855985
3,1,2,-0.09153589768853976,True,0.5333599013587587,1.5986777351225099,0.1912104747593135,109.76063020800822,0.9481476807874205
3,1,2,-0.01348498026987277,True,0.35932007154081563,1.1212724420791433,0.07625081233818233,14.049639460307823,0.6416688764798739
3,1,2,0.011877502237023925,False,0.04119389260574202,1.161265718497285,0.13765997079838013,354.082260060222,0.5537780376231997
3,1,2,-0.03313648068008267,True,0.49290776154483107,1.0407436146817857,0.10003823316550853,9.408739842802502,0.9720209063290982
3,1,2,0.00406647751929995,False,0.0023029729357037306,1.281915497499401,0.07456399138806234,452.89540695354947,0.5062821015673552
3,1,2,-0.04014195667512582,True,0.2118351845363169,1.0966002655107603,0.027638177213597213,219.41937966965995,1.0309977837798172
3,1,2,-0.3654785602760445,True,0.2018882229991451,1.164578452496603,0.0962948326028899,6.5398253093559875,0.4698588299548129
3,1,2,-0.04565963485811367,True,0.13474412618842374,1.299442247647973,0.14922669415269593,168.56568925847714,0.7764912488149607
3,1,2,0.02402345000558744,False,0.15732300530463472,1.2849104379558467,0.12207074073061984,116.11682746167538,0.9511867551710025
3,1,2,-0.30638842603984795,True,0.32687377008471113,1.183562210647471,0.2513787877801039,16.925945380043135,0.7624072793765623
3,1,2,-0.04365673377823187,True,0.012151464096410007,1.3380046264797296,0.1254567299980539,184.50516023642749,0.631804797095397
3,1,2,-0.07316247345874127,True,0.3751935792534535,1.554053424081513,0.13877135509696592,12.009174807305529,0.8930661697865301
3,1,2,-0.39670034114361435,True,0.04230480243701845,1.3128069353633591,0.14776475267534828,35.02353160528686,0.6589854015818724
3,1,2,0.002446764867458676,False,0.040691948318538576,1.5076413089844365,0.11261390413282742,39.16097026925372,0.4073747978322973
3,1,2,0.061996012243365685,False,0.5007584989799286,1.1175097629879287,0.06415137041821127,185.80213334800237,0.9986736692374203
3,1,2,-0.12593175249202454,True,0.13805368886508979,1.1647044829686481,0.11577805703950224,6.568783739535997,0.5551406788404037
3,1,2,0.017973818029858528,False,0.2073181149818012,1.7862710728937428,0.12151870314468328,22.311559156319312,1.0837442677674
3,1,2,-0.10750793169173102,True,0.547016149110312,1.0528263595523195,0.09331635049438482,61.13511289578287,0.8182026878092478
3,1,2,0.07742713005190743,False,0.013085423687605367,1.1886967603502445,0.13390835980532528,290.846671837916,0.688091272000947
3,1,2,-0.08019691812603616,True,0.12469769846973794,1.254483045330335,0.041190562809417054,35.31571517197937,0.5794558376802513
3,1,2,-0.06984172258698558,True,0.10514451574489751,1.3133672474836176,0.13224780325357663,14.03056743134748,0.7822867921290942
3,1,2,-0.15430916152444552,True,-0.03236230995510584,1.6461212381587573,0.1701386406917435,32.371861558380004,1.0748785139899015
3,1,2,-0.12517356064283275,True,0.47506770730196796,1.0189512560117462,0.10897651936606995,13.26143654004104,0.5936905054358993
3,1,2,-0.011545728795979676,True,0.603074240034051,1.5818172249874252,0.13906335429432812,9.942296279284774,1.057972194434126
3,1,2,-0.07798054924953972,True,0.1879845701739643,1.2306705702046774,0.12287691359867596,6.104122941202817,0.6976173848225617
3,1,2,0.02313729188389064,False,0.7702692255566426,1.4777485554765641,0.1021806260201314,308.723939257135,1.064557655144794
3,1,2,-0.0359229701600229,True,1.2784548877394275,1.4441408728704694,0.026436071566102365,588.4543132214784,0.7876338091795426
3,1,2,-0.5433336956088088,True,0.547285710532821,1.2861399204936415,0.12775242537825807,7.824386606661992,0.6745536014157582
3,1,2,-0.35322240508275765,True,0.027316711301135443,1.0382642082298164,0.12272690597601645,44.06949112018176,0.3502176931806283
3,1,2,0.0033815164803252494,False,0.16814240665561617,1.2378238944791866,0.10272696035871144,19.264082256353188,0.42519776497615047
3,1,2,-0.0009531638899184068,True,0.03753915381175289,1.672164094568066,0.13614209898013205,74.2017867233029,1.0902930010386185
3,1,2,-0.029855303343306924,True,0.5885284629170583,1.6673335727402834,0.127844494778818,2734.354448531418,1.005804871479302
3,1,2,-0.025034947847039662,True,0.6452888052622391,1.1913596893522536,0.07977740928103183,47.65623447553408,0.487912357642046
3,1,2,-0.05773070286409829,True,0.6010015250950381,1.412790540343072,0.21185790588829098,20.2898425430521,1.1435143386362834
3,1,2,-0.012789163469828217,True,0.7072794903211934,1.4542294200162658,0.06884598595901431,12.48460037663646,1.128656751842264
3,1,2,-0.15582267196052982,True,0.0906776045756094,1.4556371070865224,0.11221285984368307,92.1573200331566,0.6204250926466024
3,1,2,-0.26674014840364557,True,0.032211732931985815,1.4341504201791113,0.11842339181758774,66.71322696154306,0.6539688697506139
3,1,2,-0.0773873579997628,True,0.041414433955999204,1.3172293009430296,0.14374812161006775,185.09272131195223,0.49605284114709775
3,1,2,-0.15725413222711576,True,0.0016520956409457061,1.5458357287932283,0.2236760436392994,10.64530222023186,0.7304344674476609
3,1,2,-0.02153254077420361,True,1.3419320262064949,1.456298300046769,0.173030153986575,141.8508880522026,0.8020650798393102
3,1,2,-0.8119950824226682,True,0.46746481377367566,1.660362555419311,0.13182236679551007,4.861612803328942,0.7337339377047692
3,1,2,-0.3927913694358262,True,0.10413565674466284,1.4482409356564543,0.19096736707900536,17.27733499537872,0.724330693137508
3,1,2,-0.11662819791684317,True,0.05473299012690813,1.08308450083208,0.0499019135618812,42.96963122615872,0.4266161615228845
3,1,2,-0.2755343754139243,True,0.10708726573009311,1.106239618536698,0.05745296947686687,7.857838763599672,0.5995085610556496
3,1,2,-0.011946233743652725,True,0.023286089774212648,1.5720136477441164,0.11769352633793947,74.46538924052123,0.9359444539203946
3,1,2,-0.026943065254329605,True,0.8689835502731574,1.6321186671444456,0.08664638289067302,186.15097471287152,0.8187801562497413
3,1,2,-0.30989280497805277,True,0.3475784469702017,1.1234150046092928,0.2117239028663303,5.030927917768315,0.4749011268862694
3,1,2,-0.16584023759484212,True,0.10055146680227388,1.538795478942364,0.07775176436281521,18.05203273085911,0.7225273316256674
3,1,2,0.008077325127957714,False,0.01659002478055173,1.5858919200915025,0.06441714795829909,103.33271327246537,0.6727436726564547
3,1,2,-0.4337614873838548,True,0.17867877341133914,1.3594301486641545,0.06823268788562831,8.912346904575571,0.44331520160869137
3,1,2,0.005183232443037756,False,0.07940604484840405,1.4037748181570828,0.0480470702975344,63.64757632839381,0.7933950163907088
3,1,2,-0.030744470272314264,True,0.10058326410757235,1.0220239194095997,0.03248708163625189,72.48530922732174,0.37716044917961855
3,1,2,-0.0512209948381888,True,0.2918169812817901,1.2526369182355532,0.10169946506556421,62.343314645110624,1.120993365627468
3,1,2,-0.04821976732514631,True,0.22192775861025324,1.48789180526808,0.10320084965925819,21.806681582846632,0.7032702522240196
3,1,2,-0.20277655848541487,True,0.5998458072400229,1.3623646637266276,0.11386377565233505,4.978465951717936,0.6068055301070117
3,1,2,-0.004067685366149591,True,0.26578115147324377,1.2075947231893944,0.0652706623812369,14.290281442210652,0.8461715904005737
3,1,2,0.0006698704615298767,False,0.6674220512103097,1.594808486111436,0.08528841508842443,319.57360280664125,1.0660789907383341
3,1,2,-0.0012659831925882338,True,0.00043180506824972635,1.0883941114423281,0.05743411913271557,2767.577443591535,0.31452056455475774
3,1,2,-0.32262185127606235,True,0.1652821166503147,1.2858701167152082,0.11880058811470608,8.490169440135224,0.8132709771934948
3,1,2,-0.053228017573819605,True,0.8615597452560437,1.7149332029893507,0.16549593341801003,7.022856625090196,1.1350108282117666
3,1,2,-0.07833294030118149,True,0.39519492181689553,1.1394608623603513,0.08183814489516249,4010.935719523265,0.7334107738814443
3,1,2,-0.05324007226059474,True,0.0906117845012856,1.4155135356902513,0.32493231692449687,18.901013327953223,0.7454307981692305
3,1,2,-0.041523483976925527,True,0.8607427578388571,1.3227277609167938,0.06851580481424695,21.87796164561454,0.8917195553173213
3,1,2,-0.7001440405987988,True,0.5850489697975779,1.4464395206006377,0.12983018477550123,6.630040240211001,0.6096239228364972
3,1,2,0.029043338904900694,False,0.4391468587459616,1.1476033379400155,0.14877452095008417,21.592159712848716,0.9273662039873375
3,1,2,-0.00634877350304279,True,0.5249891504996431,1.3356479715351721,0.17989394965368913,169.9680497902811,0.8269102266645562
3,1,2,-0.01687635969605029,True,0.1702589210971334,1.0137759258663912,0.03016910237404841,25.59762695333728,0.716992271892194
3,1,2,-0.022853774305108245,True,0.49541000067482127,1.0155321008709128,0.05426404238691927,7.7416734569123085,0.7722039795966552
3,1,2,-0.25816271367228716,True,-0.11111621555690655,1.3188816226559432,0.14686974579123557,8.16276619851893,0.6351724885143822
3,1,2,-0.011683939042608431,True,0.06196590080422626,1.3503621244623865,0.07087570892290258,258.47884383910963,0.5510984085419403
3,1,2,-0.04558139515435064,True,0.02776183048223894,1.0612961232236207,0.04913497559892071,28.292764399055464,0.4825885759766086
3,1,2,-0.12748987034107384,True,0.3476772337343263,2.163868322164689,0.19203010224724248,13.718384220780358,0.9726526138448569
3,1,2,-0.14511999654812632,True,0.3526971026952965,1.3491130926719992,0.15471633498218892,7.021714240583549,0.7939043703724661
3,1,2,-0.010306876211249724,True,0.46274519317071366,1.2186092101518953,0.08558811533074889,35.82546207864676,0.8584041932671799
3,1,2,-0.28528114999177173,True,0.3050562808099562,1.1430704639368394,0.08452127351541033,5.323590949380187,0.7116023270140277
3,1,2,0.0694728779103176,False,0.5267752470827115,1.3798666366710883,0.05602852839034862,43.09777676206041,0.9981100757313532
3,1,2,-0.04357879020582036,True,0.2672972667461545,1.2288062835495928,0.10745215142415998,23.070329596186536,0.7710145277286898
3,1,2,0.03713672715379073,False,1.0463308681785006,1.2503541978580563,0.030649845998539732,127.79868835403325,0.7381583598104894
3,1,2,-0.05988874942292313,True,0.006474860507162631,1.3360035213041375,0.1279348479326591,223.49618357214175,0.5707012894697678
3,1,2,-0.0064751653869103655,True,0.11237592657930978,1.1172304790423304,0.12317310978341608,76.10625700002072,0.6769749928479898
3,1,2,-0.21876841855689055,True,0.3089056719991961,1.515947454873983,0.27038088367129004,6.579255460493972,0.7582933278187879
3,1,2,-0.040649850673860545,True,0.3542507075598385,1.4542410461518067,0.18879835771530193,20.485355992030247,0.7292681387788227
3,1,2,-0.015744390939378596,True,0.5229040644807286,1.6339158109989869,0.05547305506336895,51.43099287396097,0.7326445163045117
3,1,2,-0.014398110671372692,True,0.22002522749637987,1.1570769402971717,0.14353848655340312,6.57801790816985,0.8096717443805437
3,1,2,-0.011073846307039448,True,0.24165509314932876,1.4369575069598468,0.0638759447106997,32.431212770643356,0.8808520893508185
3,1,2,-0.7069198090654334,True,0.024188821369538472,1.153662046318059,0.09288420213743581,34.119702664157586,0.5878029985343249
3,1,2,-0.043809546460462735,True,0.07047206343822225,1.205891076049517,0.1577885424999642,36.14741808473548,0.608807992913433
3,1,2,0.0028954645971444614,False,0.1736683723988512,2.0417380809885644,0.28084744351174384,216.3370760947417,1.065814065796331
3,1,2,-0.11335418366794392,True,0.11886051695886504,1.2546410665037313,0.10620084656781194,6.939576525730333,0.9292826223749721
3,1,2,-0.07074574127006417,True,0.31117217924041507,1.3149433459583233,0.029077930009412042,17.33390753979051,0.6174215665764439
3,1,2,-0.0270989734466094,True,0.13170869126945045,1.5891534125261428,0.07588985294411603,28.019210699124653,0.6882200885418751
3,1,2,-0.0003219875538226335,True,0.028224390314888964,1.1126095617533325,0.032773609453723256,531.1455044795431,0.4010304610136986
3,1,2,-0.019065840995647697,True,0.07585681236629138,1.133802457774477,0.07419687845980628,42.371221898964414,0.9462549613179811
3,1,2,-0.15874038123737286,True,0.07733051048323236,1.275828138706447,0.09129755743930462,26.324846271660043,0.7293190213941301
3,1,3,-0.38284549392084233,True,0.3219816135761831,1.19072402870882,0.10528167763855507,30.228197031617125,0.6564644983530585
3,1,3,-0.014844264940890323,True,1.0564837744502118,1.4327261651488923,0.13718989674523002,17.377070087053333,1.2897561060621399
3,1,3,-0.001582311231856078,True,0.4050395041620885,1.3281868789094602,0.03767914582057687,38.23087635296725,0.8012221858700692
3,1,3,0.0010305704061608911,False,0.17913805257340598,1.2916058547347213,0.12784497871409717,27.277096887075974,1.2972025647195853
3,1,3,-0.04674771966237554,True,0.7536666009613664,1.2458104880769383,0.061597433290884636,29.950885880237294,1.0643133965784024
3,1,3,-0.038929975276470824,True,0.15540212650296042,1.510245483044279,0.06045348110423195,4045.64168885839,0.7978004235196943
3,1,3,-0.056509262063220836,True,0.27769313470960805,1.1863693291089352,0.06575133376350742,21.497200687139717,0.8607512005157523
3,1,3,-0.019047461817579846,True,0.35806316996413984,1.6458241620035459,0.19277743030362862,15.240636191080773,1.2188618833032088
3,1,3,0.005545506591855806,False,0.34049885065801544,1.133317677109373,0.016393289749960786,690.2213375933975,0.875681590103617
3,1,3,-0.04452043150074987,True,0.0913003236624508,1.40759706702449,0.14732250105557163,10.118020872406596,0.9733332322237148
3,1,3,-0.03989959569118055,True,0.38737805842546585,1.0704579593113166,0.05970401515493549,16.36702085558736,1.028803619903575
3,1,3,-0.13563281231494942,True,0.08649065249827838,1.2051276957610737,0.2894451927444463,14.032370764665552,0.6558922494320858
3,1,3,-0.010227956217534383,True,0.5682756543815815,1.2666864614199622,0.08402151511624464,170.60468158757817,0.7227165668530384
3,1,3,-0.04978249577042626,True,0.011937086844043487,1.0894273480770817,0.13686418410902143,84.20958878388913,0.6335644286679936
3,1,3,-0.010297039570025007,True,0.22828262576184583,1.55096965102737,0.04369273472653814,93.16578928671277,1.2590626800576508
3,1,3,-0.008480651659723544,True,0.15932583366924022,1.5353386538341287,0.15241278563399832,55.05746502132788,1.1855744363781715
3,1,3,0.005162073620933311,False,0.23588170107742573,1.1913329331623808,0.06855030554021418,8.52846940387949,0.7074632558977532
3,1,3,-0.10382580029060244,True,0.3090426884127704,1.23031765696588,0.09765590392069383,54.531217029026905,0.8994919982560767
3,1,3,0.016938601807397813,False,0.061106283518447074,1.0684479863676901,0.07360225813653724,59.166870390157094,0.6463977670109937
3,1,3,-0.14927944614505598,True,0.28399473506349193,1.7810392302165767,0.09806697801797451,985.1103925818704,1.016105662401682
3,1,3,-0.03891195959923673,True,0.12819389271648482,1.1117760107917976,0.10843027390759827,14.771939770630777,0.6682674449423753
3,1,3,-0.02351754910898994,True,0.5154628835370291,1.4403333072143572,0.18652005526522028,9.261016810128568,1.1150702252818863
3,1,3,0.0009771396890781991,False,-0.02477785822340917,1.1376633674289556,0.11044373081798181,36.23527863956658,0.6093953349937014
3,1,3,-0.026451051963604415,True,0.157442053223214,1.2524901303040212,0.1210042731500586,11.228948215139049,0.8385783998685088
3,1,3,-0.004143753827100345,True,0.06599314183669801,1.3369847866210993,0.10600592284540652,1138.7975623099849,0.7133555624416871
3,1,3,-0.007710369845242501,True,0.2733198407407759,1.257755404348509,0.11999905634528645,29.512196098776432,1.1702702399640759
3,1,3,-0.031234029962808416,True,0.2676567670983838,1.7983590554896973,0.21396626617579853,32.20954363099807,1.234402284961364
3,1,3,-0.024616947608656542,True,0.6755996359720357,1.4498732906070901,0.07139795071179843,21.086152719057438,1.2667057113600966
3,1,3,-0.04285536174656096,True,0.20905796883107192,1.1087399933751632,0.08261111519790394,9.61319968046361,0.6159321744969248
3,1,3,-0.15594850672440613,True,0.0890932284539056,1.3595800869968548,0.04981294068784277,9.362296550576145,0.5995597204340234
3,1,3,0.0017725329144186953,False,0.5852137075449703,1.2905369021786073,0.06796556121064906,62.61168260861743,1.1727440357767152
3,1,3,-0.00929667295067288,True,1.0156131992407,1.1411290479519876,0.03447817735551718,549.5436548816336,0.9484549144556998
3,1,3,-0.11460242342278232,True,0.27417347113476986,1.8757575090934129,0.08187569279697335,148.30203667146287,1.1992076687902837
3,1,3,-0.009518598371008193,True,0.7598677015628619,1.425568713158624,0.09593084171814953,92.54045081751683,1.627262332375277
3,1,3,-0.02495226594602419,True,0.5909579424740838,1.2274197798838216,0.0843373362782275,36.730644819466086,1.1104179422174725
3,1,3,-0.30581956230089974,True,0.09043170786666935,1.1899589392019287,0.14527229751553983,31.234959871475407,0.5300016065205971
3,1,3,-0.08982222700207247,True,0.5182619119456896,1.2987515297779186,0.05987963286630282,30.988435590385905,1.0792568084566867
3,1,3,-0.03473327109995966,True,0.9210444856441756,1.302383556220275,0.15154897660187303,18.19748595695669,1.0306605082349005
3,1,3,-0.15502411201763167,True,0.015141993230618062,1.0478499260850034,0.04759332835175236,98.49373201899397,0.6820854559370412
3,1,3,-0.20121169648038945,True,0.23687561385941658,1.4689668867580092,0.10923108405736186,6.153385245824229,1.1621998180734259
3,1,3,-0.12667574033974538,True,0.24878457824409006,1.3192838887009344,0.15846875995681658,17.11584751148243,1.0994591797515387
3,1,3,-0.08059263724412084,True,1.253812087849076,1.3445066377753754,0.10979129470275172,116.50989153967554,1.4421154466189567
3,1,3,1.6857143417989735e-05,False,8.726332718191339e-05,1.2936203793098013,0.04987692910397356,7705.512014051759,1.1510917968029506
3,1,3,-0.005688093992291193,True,0.30183544264700923,1.0318586702557662,0.07992132031871575,48.17531624406667,0.6879433688925974
3,1,3,0.03685793407186246,False,1.0799852762343427,1.304694012075677,0.18472471518937694,10.17503217954842,0.8568934347972295
3,1,3,-0.08527674109371791,True,0.20654011208044443,1.2752387446413564,0.15077400435685773,16.358516223597217,0.737061505181084
3,1,3,-0.2971760057114245,True,1.2213345057177984,1.5695437612071104,0.20191513611208572,16.572997826314005,1.5947141845198063
3,1,3,-0.10020403696819481,True,0.3502149447976131,1.0820777726459168,0.06342004116835444,9.471177775456367,0.6665779775983551
3,1,3,-0.009708104192319763,True,0.10730816993424178,1.060745069069244,0.014637642496830937,68.5070989508358,0.8555444907146214
3,1,3,-0.058954763710997775,True,0.24233418836992812,1.4549373951660476,0.07588728690932454,43.7805888712006,1.043523120005149
3,1,3,0.008000804352285933,False,0.45303868448369955,1.0774044554635942,0.03907603440347745,20.471442397364545,0.766617438267102
3,1,3,-0.0034258387569276014,True,0.178864921647705,1.0830197204455474,0.03977288663428196,38.493283519171456,0.9188366199767349
3,1,3,-0.05122780258205651,True,1.2227337870133335,1.6829882194325703,0.18229746815990946,155.40945344126266,1.5868346120219594
3,1,3,-0.05506807375271729,True,0.8750963083975842,1.198729722672247,0.07500440688556585,32.743291181088004,0.9252819675781455
3,1,3,-0.032339404000595304,True,0.4468582481136198,1.075557772833874,0.0342968569143345,125.78980317710754,0.8151041388614663
3,1,3,-0.12840782707258006,True,0.03565333242796129,1.279403848198582,0.1297338273249984,83.20412377731063,1.1238804570365255
3,1,3,-0.08150432946980746,True,0.1339723964690494,1.6556449389156003,0.10478324151545723,64.98757473250022,1.0597540259551532
3,1,3,-0.04709687351961464,True,0.06628361319122095,1.3176625794605583,0.07915814152116198,23.32239639974138,0.7516502451375568
3,1,3,-0.0006608972839138411,True,0.7571763078911533,1.5597789144286904,0.07057149220517153,674.8409522758835,1.3042565193372315
3,1,3,0.001757948506335679,False,0.04010540066789062,1.4196517356103098,0.04954091008201159,71.24440173607447,0.9239368393127181
3,1,3,-0.09226410849761091,True,0.21405614502097048,1.2724688730249178,0.1606837195924112,74.57633255604881,0.944871026591117
3,1,3,0.0024222610461142693,False,0.7580131293462563,1.3264588923098306,0.21342905199477033,31.47118710431136,1.189607805352429
3,1,3,-0.0458254973501563,True,0.9591052769267476,1.2476874809291107,0.04806924181252536,24.148256132961695,0.955394886951464
3,1,3,-0.015674605974899038,True,0.4034399000148482,1.7237140228598222,0.10729205716220822,32.2420323762254,0.994293360442605
3,1,3,-0.04338141401551085,True,0.026576527228970408,1.1710886847110311,0.11524245646556565,24.52274822838886,0.9036456187181616
3,1,3,-0.02961391480425725,True,0.06297472165932017,1.3476895567593363,0.11991609565604283,21.62696842569965,0.7010865645935838
3,1,3,-0.059159352789313446,True,0.08781533898265062,1.6541048763809936,0.11384512870141565,46.58156683848084,1.3473871762683773
3,1,3,-0.03572510016665619,True,0.6229425423854259,1.2150668235150004,0.13368799887700622,71.34024882045797,1.0944509058375929
3,1,3,-0.06224340407192731,True,0.3703605030421776,1.2398302458583188,0.11093205653016447,44.97444003454714,0.7354029635436647
3,1,3,-0.10983650907238379,True,0.5326673964999318,1.3851899815415716,0.05287899548577015,27.725475854030464,0.8249995040252586
3,1,3,-0.2562519490033002,True,0.27353756889605885,1.2801466757704454,0.05003451735392418,43.468716461027775,1.0809279265103542
3,1,3,-0.08935812612733349,True,0.2004090168639831,1.6787455897177304,0.1423214637459226,150.45648405883446,1.2622371783024837
3,1,3,-0.04896410993861641,True,0.14908594151417698,1.3234197254231228,0.040881439483147756,21.693345862594512,0.9883684849908578
3,1,3,-0.15052262529247218,True,1.1566308930987406,1.3548821870555792,0.34858924801290914,18.63480541964661,1.1308303057263458
3,1,3,-0.021229681393718267,True,0.6660364618431615,1.2978247282509656,0.045210039359565274,11.022060074590396,1.035398478481999
3,1,3,-0.24019198999877478,True,0.04307171798017187,1.4587243076917218,0.09170960110566814,46.16806542376766,1.464952963792113
3,1,3,-0.0025958117942742782,True,0.45785057131296336,1.2129972592238272,0.10510548846352519,203.06461634333112,0.7747579073642556
3,1,3,0.014420265203394296,False,0.7106943182037319,1.1081433237775715,0.041536208588511106,28.5991925186523,0.9013925369336823
3,1,3,-0.08928451182755444,True,0.229751975041454,1.3231316388173096,0.12149262552394718,7.194610998109095,0.924842517114048
3,1,3,-0.052673367374276914,True,0.9171291693931329,1.9597178838072207,0.18979057108554073,18.4873187471127,1.6585516228381179
3,1,3,-0.01517447765222987,True,0.05328056614487024,1.4899709018066705,0.2253759229354847,57.25581752798476,1.0549674088209662
3,1,3,0.0013985271787085433,False,0.1278491572703392,1.1187363718600152,0.02348036335967874,5649.537888462681,1.052904925740809
3,1,3,-0.024739168923041354,True,0.08198131880162562,1.3059802988811169,0.13371392050463415,21.854303007942093,0.8128338707701914
3,1,3,-0.048307505221981344,True,0.3119474095637681,1.012121519793034,0.12153388246790031,330.62536114625254,0.8385051447398224
3,1,3,-0.19334504704955663,True,0.5313282172579283,1.286214179068584,0.08854801318802134,10.449749468868712,0.9995549702266017
3,1,3,0.043111968220577786,False,0.3445550572424763,1.2678237384677589,0.06680478180039329,27.38150122387785,0.710543260092474
3,1,3,0.004749382315978991,False,0.4130279009430398,1.1802601026745718,0.07367438668619934,771.2035515226976,0.8900514108507133
3,1,3,-0.018158963394849896,True,0.6428909639988454,1.168993667184842,0.12893631447077913,14.86914481430838,1.0067921801604314
3,1,3,-0.4518191090263553,True,0.47607663604689304,1.0190590376368025,0.07613241210603956,6.348569704313253,0.9211697063894961
3,1,3,-0.0007030194695426353,True,0.22923846614583712,1.5373009897170797,0.04546287527735778,177.48618695314022,0.8587237019107024
3,1,3,-0.3545241279868954,True,0.20505806189910067,1.2682775435923763,0.1709593199218622,192.49524801885846,0.9449825137083617
3,1,3,-0.07831517940757135,True,0.05130703247391324,1.1047098556625718,0.08981229834121231,22.421388937572054,0.8251958649524767
3,1,3,-0.1126117234277334,True,0.9180456611372725,1.4488626459483527,0.07064680670588436,12.664625860105202,1.3538598204266956
3,1,3,0.0199213580258373,False,0.10327567146578004,1.0214179889604618,0.042331508599085896,52.832839028299865,0.7122354149780648
3,1,3,-0.12222307990254709,True,0.10609637495056046,1.3646190947697043,0.12247741206487912,76.00767689393876,0.567262132989914
3,1,3,0.023059862577986593,False,1.2396669785150323,1.3827472612626568,0.08022529341912706,76.72746243104385,1.6252846519688784
3,1,3,-0.26900520213050155,True,0.004717606023665111,1.2034220801909112,0.1329869433770331,223.5557927873662,0.7187705933424355
3,1,3,-0.15058960398933346,True,0.0019679547660620134,1.179169375438469,0.07424258427956525,1146.7956645774,1.0033737873664887
3,1,3,-0.374809345961151,True,0.00319866822902096,1.2153611914917113,0.10838118232891539,12.390640126972134,0.6967262898893019
3,1,3,0.002572725577714653,False,0.9526012184968077,1.298350773650972,0.0925167619483182,14.145673222261008,1.2848571599985286
3,1,4,-0.10225859678436128,True,0.9342047399104453,1.4057820202921858,0.06937442304830198,8.851540021226485,1.0645905018723276
3,1,4,-0.01071368922558765,True,0.2256186608546944,1.1430541859386485,0.08913311841517492,8.144782132605096,0.7496805443352736
3,1,4,-0.02785536198429951,True,0.9476458201761705,1.2056123425834746,0.03278723200118844,25.065807626943172,0.6491131210980173
3,1,4,0.005345842925496663,False,0.05417545023165506,1.0926928989139904,0.06779944010786768,119.97266742172467,0.6242233689033972
3,1,4,-0.03523007189522151,True,0.011912734378206835,1.0300708616236707,0.06913394434575287,39.24072011634587,0.6666113311299657
3,1,4,0.08980250217882367,False,0.08826254554966084,1.5338937821502818,0.19128714749611422,32.41110284198825,0.984100143061743
3,1,4,-0.03671647772195018,True,0.4346245767794597,1.2981355663715228,0.09382530461779172,10.01159678797381,1.0922866552188992
3,1,4,-0.16277764187935684,True,0.8173960804772312,1.3956611080071275,0.12316665692245882,61.49318617983901,1.351106699491768
3,1,4,-0.07260262653012362,True,0.16915906148172632,1.4789054790072982,0.1356694136346672,5.998207217051499,1.0335287990042088
3,1,4,-0.2362570736448864,True,0.3863611939349534,1.4412820377274924,0.16818092167787718,103.26663959158626,1.2373074433325586
3,1,4,0.001296847144633323,False,0.038013382328607515,1.2394653849614172,0.03736001688180225,20.614465076655684,1.0108844299041218
3,1,4,-0.025667300112737435,True,0.9630486727872126,1.3000424841499811,0.07431697423432573,28.550541125625543,1.2454410652413561
3,1,4,-0.13422331016588238,True,0.2804032130269707,1.3385220931982469,0.06919582833902081,9.801928063454499,1.3147256648651615
3,1,4,-0.054234018485809186,True,0.7390736360394069,1.2985445478348008,0.1159123998712503,19.283545962742313,1.012224570030712
3,1,4,-0.02709825949334828,True,0.4148689973500072,1.4937088547458215,0.2771450080340473,82.45196266371984,1.2941340740534735
3,1,4,-0.04950274656119878,True,0.10249155419125112,1.1046092883580263,0.07171153666394844,1692.9356450373973,0.6549283041102998
3,1,4,-0.019946395542105446,True,-0.11267407207999958,1.1382039801614237,0.1828888815442843,14.145587551180562,0.6781769615161535
3,1,4,-0.03270509741115526,True,0.9088688254240155,1.1797423039750312,0.04716791716630377,153.54269873244152,1.0351960585365967
3,1,4,-0.017436523186919406,True,0.026787035596118405,1.243854355924408,0.093999358177284,38.897676460938094,0.5730436201179544
3,1,4,-0.026538055372789703,True,0.07296648721076232,1.4651847253125363,0.04793742962216116,16.77603990831524,0.7410645125125331
3,1,4,0.015599588536202863,False,0.2072309923016741,1.1755999104694304,0.08044978779957675,29.031561023633202,1.1548194352891121
3,1,4,-0.024737566187165837,True,1.4068570497431394,1.5654766499395198,0.11901978179187041,11.657578797975459,1.5779534553055519
3,1,4,-0.015565747061494656,True,0.8984997281221575,1.2736480495396985,0.0858152597526827,16.11487434374426,1.1123448864231547
3,1,4,-0.0018984964181390912,True,0.01483269389255352,1.403683397917781,0.07757000638092171,64.61007337038674,1.393386171447919
3,1,4,0.011131620327809337,False,0.015708186074756658,1.3720003739761313,0.12039675456314797,56.63140941467083,0.9390538157956556
3,1,4,-0.07149090050300025,True,0.024781894748019836,1.1243070489630274,0.13561615201275998,211.36856922408927,0.6234115023642535
3,1,4,-0.060601667360657696,True,0.43926157832460316,1.6801650365675647,0.09149193519838622,15.784048844459289,1.2491119756769515
3,1,4,-0.08922602381242295,True,0.1991232356026754,1.4085676424261977,0.15999392863455203,18.036662304938673,1.3086287418419564
3,1,4,-0.002791590327750065,True,0.44238914117892125,1.0921850742978096,0.06167340783645515,157.98015978263246,1.0861537291515828
3,1,4,-0.009717308773225408,True,0.6969989486702362,1.159403363492109,0.09368430632538204,25.264018962219474,0.9837816201177347
3,1,4,0.002862632056230445,False,0.6987489770018248,1.9954415912128196,0.10625600498872964,430.3702491095124,1.3448018048799204
3,1,4,-0.04952886627283168,True,0.5206019193011587,1.2659659499143299,0.060324930323774985,29.021932943332438,1.0442042983513515
3,1,4,-0.03649867713202436,True,0.4568760132724755,1.2668850509692933,0.04949158987142618,25.183502834354584,0.9089253535894757
3,1,4,-0.10573991264676642,True,0.7265685996385849,1.2257682017483635,0.11809701269748128,26.363336103365445,1.0558166702549698
3,1,4,-0.1885182032605342,True,0.29651315690446434,1.5302500214913122,0.2416423035480337,26.67865790961595,1.3547574144782097
3,1,4,-0.05261114256585414,True,-0.055281638505452146,1.4275436999851063,0.11591011799168775,17.717847750587897,0.8497635230702298
3,1,4,-0.06373043571374803,True,0.05143118907937794,1.1170234029546346,0.11893903751084184,41.28231845968059,0.9580263566802899
3,1,4,0.010121760821824657,False,1.0377013541232594,1.2683842038998432,0.09369952858602049,19.37724572648287,0.8805831096064368
3,1,4,-0.027083454112646677,True,0.37457715466050995,1.1729169122733991,0.09548184084010441,26.014803818385207,0.805663944071257
3,1,4,0.05791266138963803,False,0.04395112764798674,1.1838706803901295,0.1198595655087234,24.164184707377892,0.8462741613509961
3,1,4,0.0023773634115147324,False,0.3603107235226632,1.0146129722474788,0.049876719218237914,51.01904435316806,0.8570413327538347
3,1,4,-0.009825948562436322,True,0.4319509756160606,1.3958072401382604,0.1398580995412988,29.791584364870964,1.2181052329060142
3,1,4,0.01621980430849808,False,0.20027430162740834,1.0365356110336372,0.023312035124528067,26.491131116714826,0.7696928237829237
3,1,4,-0.06047475087545628,True,0.8150526143901837,1.2672340848920625,0.07608955332522889,27.263410108592993,1.2234120702157212
3,1,4,-0.1035775880048779,True,0.8403553875061713,1.2680119630990012,0.11370625832304182,7.2244936335032595,1.2603021031863133
3,1,4,0.007317069111146916,False,0.004376876773290919,1.3986892417039574,0.04099288557855807,896.9657714186659,0.6966052124170847
3,1,4,-0.03363382606680316,True,0.8893822802266189,1.7282897047488444,0.09497280551194077,43.99537322274815,1.6373502410375762
3,1,4,-0.11362968935831987,True,0.8124941806149326,1.5912213495391319,0.09471414310804378,19.33865463781822,1.4370752814964058
3,1,4,-0.08122674698845811,True,0.4940905639599747,1.7116531993314006,0.11833947702224967,62.52463304932096,1.5242138709463884
3,1,4,-0.04494735761684843,True,0.9612088794889209,1.1368946106413031,0.028553231599588048,13.665659023935229,0.9638044073661415
3,1,4,-0.0062894578851373185,True,0.24125571197316487,1.5229008983636878,0.054060577108139475,281.63724655539505,1.1770797933209882
3,1,4,0.013828626522386209,False,0.0721311587147222,1.20112677652362,0.044411337051057265,53.22574060361373,0.8270279016454184
3,1,4,0.015713618254311168,False,0.3122948788494426,1.6526061217982497,0.08541646000493174,47.30527739070986,1.048020832303535
3,1,4,-0.07907984226512663,True,0.05852016875902948,1.1463803205597507,0.037308465699564086,29.110676903150065,0.8815366159272868
3,1,4,0.028535880487716183,False,0.00520924829831502,1.3382742864714086,0.12204580101593938,22.854223533662704,1.0026870342472631
3,1,4,-0.035026136913020416,True,0.440379663202902,1.797242081793219,0.0998245889464863,358.0175933910268,1.2097413233734569
3,1,4,-0.15861439844509717,True,0.02603533213362136,1.1222591602700114,0.20227854921196972,98.57913608740112,0.9142266666693071
3,1,4,0.027103095107149096,False,0.16345919222615204,1.5180244155026208,0.07971068944576688,139.47414684800083,1.30582012706568
3,1,4,0.013389603811057579,False,0.3016127422667345,1.0349020639393394,0.057192054628985266,49.433343237534345,0.8567299325508937
3,1,4,-0.013267643536147537,True,0.25552365434143304,1.0975507463907348,0.052592921005374056,15.069154004882671,0.9876577076066393
3,1,4,-0.036088385555121415,True,0.03220529929335303,1.3927971862026052,0.10597380653333685,30.710941685385258,0.7852080844073807
3,1,4,-0.060871902099109865,True,0.19223084648808678,1.2900529249029171,0.140854401397758,9.563780057309902,0.9265761032670732
3,1,4,-0.012876937908844597,True,0.0004642180579470762,1.4508312557776926,0.11953722383312165,2559.858081169599,1.0648676491616638
3,1,4,-0.018610752237354394,True,0.8344752463925877,1.1206863827605553,0.06167172363147936,355.1680861116967,0.9998264828527038
3,1,4,-0.00649488384357848,True,0.07390155932480352,1.6283702243136289,0.10394012480413582,26.441257822269243,1.067118148714074
3,1,4,-0.006632137393373928,True,0.8455458888646608,1.5717519173685017,0.0627006341109126,48.393317657627,1.296203734993745
3,1,4,0.002152621775080313,False,1.4311708945301966,1.5672874753169093,0.06346801504956194,63.71682361406676,1.224829344032096
3,1,4,-0.009947797436149448,True,0.4155443794994859,1.6429488673610855,0.10458928365383548,23.762890517558485,1.3359473105320756
3,1,4,0.025080551915767954,False,0.041613726134101525,1.0999204357921057,0.08537729887391915,43.56345222676913,0.9711856938329563
3,1,4,-0.0852955863506468,True,0.22014650657169887,1.15340732346852,0.19548036648466022,4821.85398777048,0.8218796118928022
3,1,4,-0.005479512809838555,True,0.7675480024583028,1.3186735567881385,0.049270302537944954,147.22623576933896,1.0610885812731685
3,1,4,-0.026025928543576913,True,0.34448498094214997,1.4246087103772616,0.05272845759831689,16.658530250384107,0.9395705811702157
3,1,4,0.017671338787889457,False,0.9155202665471136,1.233249833947916,0.029290285449873898,626.5804864142891,1.0853852471342318
3,1,4,-0.02476044968535552,True,0.27591958572984177,1.5358056584053372,0.07521574628477991,99.31437315312967,1.0350841677255769
3,1,4,0.01607244777030526,False,0.2577286085773919,1.7105530374556246,0.17507326304975682,124.97982872231049,1.3621461427913428
3,1,4,-0.009610509405179048,True,0.08630090444820197,1.011097103723783,0.07154862658947517,102.65442761559116,0.6816665007682133
3,1,4,-0.05733662221028846,True,0.2939896368622159,1.335437332071682,0.133080672975478,10.827062055248186,1.0646816993737762
3,1,4,-0.05587823184080275,True,0.9128622863422994,1.2463375931715575,0.21833741510540897,10.3573209401718,1.0997525140201363
3,1,4,-0.06154783693143319,True,0.5187743853640464,1.0846541652159514,0.045014898562878776,1177.7179074511766,0.8694233913124519
3,1,4,-0.08858788603920845,True,0.015514284994594455,1.5599054850736978,0.2470741484789582,95.87712626261506,0.7839306550080681
3,1,4,-0.015198677332820298,True,0.30129935099327326,1.3401813296198568,0.1494862699558835,801.5177575687575,0.843337727783732
3,1,4,-0.002122583469350847,True,1.0427240380945475,1.1061100069985756,0.10805166214884734,4215.394647535182,1.077905934845738
3,1,4,-0.07841041940038788,True,0.7337157601020254,1.2905482032650089,0.11573577884754731,5.912102679858073,1.2854091109820553
3,1,4,-0.02046286531221499,True,0.561039897252027,1.2013077581788523,0.09885529144009352,17.965595422178072,1.102158463344259
3,1,4,-0.01729287728297657,True,0.4790409732902317,1.7258191154321176,0.07087550905779627,921.3139508176184,1.4748413783815661
3,1,4,-0.11488367172587687,True,0.2963461261760541,1.4040650204895397,0.058033642312333815,24.442912450947674,1.212089496200116
3,1,4,-0.06227376000456475,True,0.4201299663766741,1.2563010392668534,0.0912601988591105,15.737155978532613,1.1459935150563945
3,1,4,-0.08672324087147971,True,0.7170379588344674,1.6242752284815487,0.045166267824198546,23.339019725660542,1.6249344752257604
3,1,4,-0.015530846029068035,True,1.0102644247061716,1.233990651947075,0.042291999412269146,297.1535901075901,1.1511699310649017
3,1,4,-0.012532796371571786,True,0.1913918919531975,1.1403949909489712,0.06237168776898963,105.20778189852422,1.1106582755816592
3,1,4,-0.13421128626081963,True,0.44973012357738923,1.5216646970577454,0.16980768177317207,96.47273259703098,1.282757191261303
3,1,4,-0.07753417376503478,True,0.6675169672131743,1.4406492819702938,0.1322095069993064,9.614222916957743,1.338322998521317
3,1,4,-0.0348571977192631,True,0.31670108604042496,1.6857635234801454,0.0678687275988061,22.67399822712587,1.277759120442976
3,1,4,-0.04460076145138521,True,0.2963266354412736,1.2933487604896954,0.10205362798410005,6.866732445331316,0.8171767816670399
3,1,4,0.00695229796962582,False,0.0003178327576137674,1.5416715794773133,0.1524442856646871,5796.644105033274,0.9184000405426825
3,1,4,-0.03893826749397683,True,0.7751789658811993,1.4061682485444156,0.06649824308721368,158.0224762170584,1.169896196668562
3,1,4,0.002819060688640459,False,0.5382368913405626,1.127652430002326,0.043802803322007325,13.884010600998767,1.0183297924626
3,1,4,-0.2618210173368415,True,0.23220684523449264,1.2856889730037784,0.12320099116973914,30.01084871916186,1.024430389767741
3,1,4,-0.06378939552018308,True,0.5018683722966751,1.4116903070834335,0.1707564188600534,13.238317104969086,1.4265333836507208
3,1,4,-0.03387778417918802,True,0.6843347350627051,1.2115951409869266,0.1055713408655182,72.31393678374089,1.153043252822079
3,1,5,-0.10568339938584308,True,-0.07994609140214712,1.762503656911685,0.09407567205848612,20.741066803637235,1.3924634452155047
3,1,5,0.009091735030844511,False,0.8905810842440213,1.2010931801165574,0.041099649311927756,16.077105826408378,1.027870275099531
3,1,5,-0.007110653682643201,True,0.5564372650949186,1.0212642932117757,0.05445291339564219,422.9392234754191,0.7573485618329664
3,1,5,-0.03570354511027211,True,0.4835301283046684,1.1253630816885973,0.09409239652139473,53.94350533750246,1.0053203757994957
3,1,5,-0.03371221912861295,True,0.20112164444724023,1.1101956501402361,0.031191970468288678,898.6068263405693,0.8389205908577724
3,1,5,-0.08396931815212691,True,0.8409992287774625,1.4005208609050184,0.06285144566120493,9.050362666178659,1.3255052583916243
3,1,5,-0.04940649562320202,True,0.269700753914889,1.5929740220490403,0.18216232598331,114.48376116631076,1.1381118291019081
3,1,5,-0.011458089090246848,True,0.524001732206343,1.5735774870432846,0.22338455251282838,187.5395680820366,1.195533804933365
3,1,5,-0.04697376986297819,True,0.0850776716345164,1.1568629953607545,0.07270843063575176,9.121664288059709,0.7747238984725631
3,1,5,-0.028552256523423424,True,0.24664963162094244,1.4434268179433407,0.07928886004505586,49.03965347720583,1.3195972836584469
3,1,5,-0.001113441482755384,True,0.6859760304920492,1.4671313396749381,0.08244396290150512,96.12742564751304,1.3817896029198564
3,1,5,-0.026130858387621816,True,0.4613200055779636,1.3855370264575972,0.0943862953053517,89510.1350083569,1.2921357655790262
3,1,5,0.06271014119640368,False,0.5323968145188278,1.250110733303824,0.04167833401470959,415.58300240073424,1.3042955763396542
3,1,5,-0.019486391922586308,True,0.22217939775737322,1.7461529915808547,0.06929808042362293,79.01588352611992,1.444811146791243
3,1,5,-0.008201090165106466,True,0.17730043355528607,1.0626330051570638,0.06135381557100038,41.85502243208352,0.8201768677466708
3,1,5,-0.057161956230707314,True,0.5802499253166756,1.4795950342227602,0.06487486018648146,40.775690146957594,1.1694331233274953
3,1,5,0.008761684061394747,False,0.5814271861377309,1.0939835907003121,0.037272953561560226,18.9552590988501,0.9687256054797173
3,1,5,-0.011888049986377325,True,0.22606033801210434,1.3282844647191583,0.07376142496164775,23.15485052594696,1.1690482793538297
3,1,5,0.0035855332593448808,False,0.10775637722731257,1.1975041061711298,0.0700896854480118,17.784765177281418,0.8567784635977498
3,1,5,-0.006327441507614878,True,0.22674674930983288,1.4027459804748745,0.03002304663655607,385.41584749270834,1.027636373125028
3,1,5,-0.03145039327928467,True,0.44076656566085237,1.3017734308681475,0.06480633359365437,22.219685025825427,1.165552247990944
3,1,5,-0.024786466169033964,True,0.018942296135970843,1.0687640837555257,0.11256992948220076,276.15408760411214,0.6298642686880499
3,1,5,-0.10918018408830911,True,0.7000710765280288,1.2041389788770993,0.07353838498895707,71.89761382065039,0.8263786346645835
3,1,5,-0.017391791803742895,True,0.009129736404091926,1.2992504343320834,0.11928420119534919,70.47283518153351,0.8797230233641946
3,1,5,-0.010380603544111324,True,0.2981530049861216,1.2640133717234388,0.0790441424739567,18.068513793480065,1.1753205836738772
3,1,5,-0.04963269146463536,True,0.46687043229946346,1.5579131551871073,0.14593163273425053,96.0670850273989,1.1854237142513633
3,1,5,-0.05655844415733506,True,0.3692435842665284,1.533883165562939,0.09748885912352938,30.481012153941702,1.278242203891708
3,1,5,-0.014847056302322643,True,0.14072214217232018,1.087969697776508,0.04588972622726413,21.73041051540913,0.8674849902311937
3,1,5,-0.0017781277841528431,True,0.7311578389586095,1.2644509926460807,0.02955974803748528,106.20202693720269,1.1151670344493598
3,1,5,0.010409711071586742,False,0.4786743533990319,1.200424231997411,0.04421088683793872,19.590734889953975,1.2052019748765037
3,1,5,-0.05730758076242366,True,0.030807806133019366,1.449456545505861,0.058923191764781,95.49472811490259,0.8232184071673782
3,1,5,-0.00012874347033451231,True,0.2489358724039262,1.036695193837233,0.044560073972252305,165.26393842934843,0.9533364937531161
3,1,5,-0.04637879817531536,True,0.3192445050209185,1.34969005225669,0.0996078560231677,14.29252906258052,0.7783687717031439
3,1,5,0.006306945217375251,False,0.15895122916456986,1.0377698802776794,0.10176537845462091,142.69045341196903,0.9899804324818452
3,1,5,0.012036470467482486,False,0.7042565879705873,1.2794957120979389,0.0712606914679047,8.877308242756497,1.0968600476795418
3,1,5,-0.02996201959819004,True,0.7464182949114966,1.463541116235558,0.053927668126915504,15.822734256119038,1.566430884001001
3,1,5,-0.10771132121490712,True,-0.051138181528454583,1.4792305454492887,0.2053760035010922,13.273730021235963,1.2327408409698117
3,1,5,0.005383759688975585,False,0.8400099749496007,1.2504664757716308,0.01958823676454641,217.50515251433904,1.1745056204541322
3,1,5,0.014227698038540888,False,0.3859107628544893,1.2243538019421016,0.07962691436992761,28.52133417577554,1.0171927368362026
3,1,5,-0.04184114597705197,True,0.021421253835888294,1.1317485458860737,0.21607478370132172,41.72030769948698,0.6509734487315537
3,1,5,-0.021375988722399982,True,0.6265127768258014,1.7396883876639042,0.18064682926483996,17.47662720098282,1.3241056661885657
3,1,5,0.006154316390540396,False,0.21235259669286782,1.090705331701629,0.04389855327801066,266.4907369268277,1.1247630315460313
3,1,5,-0.06773533706145221,True,0.061370452294789275,1.1170029407439712,0.11366032783126671,34.082860350409696,0.663097150892666
3,1,5,0.0662795198385438,False,0.6371517005760153,1.2353713329417784,0.18861915842338792,25.35034446401131,0.9657508690093309
3,1,5,-0.01605300095235838,True,0.22864289490857664,1.0461136995251945,0.06594102237484309,220.0169829681186,0.9641067403695325
3,1,5,-0.07609367124544619,True,0.41978567518007837,1.2912196457426255,0.18696183009545322,45.593484117927936,1.3486746788653552
3,1,5,-0.018728856001143428,True,0.7673067820303532,1.5298738298710826,0.12961149618585852,1981.2750347612805,1.4062279677643577
3,1,5,8.798579466880292e-05,False,0.46335711914778677,1.4066659135993795,0.03747110601818213,19685.913547841275,1.198870222241679
3,1,5,-0.011391805706608582,True,0.34405067021938707,1.8904502059943697,0.10376071160869134,25.54182456952481,1.6849192611080113
3,1,5,-0.010913961569237287,True,0.01622956298678756,1.4807368816866122,0.09349191567893061,18.430322619742366,0.8871354997828451
3,1,5,0.02465515214038035,False,0.5324857785945047,1.4404673651845326,0.09278144363693568,64.09186979561197,1.2494665836389631
3,1,5,-0.19498655549837426,True,0.6162183170407923,1.3593457568593437,0.1589971150315505,42.25027263372792,1.1337553125150805
3,1,5,-0.017818909897533174,True,0.4688012298549908,1.1605537813066396,0.07139737283249561,15.588993659502227,1.1412024851054743
3,1,5,-0.13128583985417352,True,0.21019006919963767,1.2079583890631291,0.13685519026594176,10.516335044973118,0.9523896741866905
3,1,5,-0.013356740628176354,True,0.5284606243451162,1.6911245764520515,0.12558941350621652,13.731865310878494,1.4406169114669785
3,1,5,0.014506319850688551,False,0.3162404749786852,1.3038072920253423,0.08302467142699324,18.06703477502302,1.0577884596716272
3,1,5,-0.027125428402767486,True,0.5586665844126951,1.1784905113832014,0.05306136630064171,24.216492516840017,1.2042494511819577
3,1,5,-0.020076073033627174,True,0.44724604323321254,1.2287326587909522,0.09009337358588537,53.14754384113857,1.3588216259093766
3,1,5,-0.05283580830606316,True,0.07796338264479824,1.2651493464739103,0.21197665582235764,10.70840939941927,0.8414722146557871
3,1,5,-0.03329628335073612,True,0.021303506226910133,1.2094444310367287,0.04487662844554617,70.92472072669982,1.0220986829419685
3,1,5,0.016302392883238315,False,1.0585596625943698,1.09160948182843,0.06084011422912648,383.56550758797533,0.8754342730547339
3,1,5,-0.0172769006292953,True,0.14765524066451444,1.145355937140124,0.06161452676034435,477.81970755361317,1.028325370251901
3,1,5,-0.0025718383171333815,True,0.8490055260402094,1.3098215170900525,0.07909064693657898,45.01839993335169,0.9278915303706645
3,1,5,-0.01279707982734879,True,0.5079632715143361,1.2739488276349111,0.0633103238169712,98.65417679962967,1.1457930109081373
3,1,5,0.002865433793578148,False,0.12888931658152245,1.0838229992357413,0.10755422015916484,21.35500146323412,0.6710973392723812
3,1,5,-0.026795869599019837,True,0.2058957361083662,1.4954205354911427,0.18127960816942326,12.33480681515479,1.2740261196357598
3,1,5,-0.07255014224951037,True,0.2939294258194101,1.1505717865418281,0.06404851656112984,58.31189856348453,1.0163931220590348
3,1,5,-0.04066245036674247,True,0.36291938499958976,1.73123144881681,0.05137405754415886,32.726682922592616,1.0300250789632848
3,1,5,-0.01046059720209084,True,0.6381286350022283,1.4510888969053684,0.05877574272814215,19.662311837474654,0.9528492309880107
3,1,5,-0.16242556523379173,True,0.02607483756926685,1.4635486018875972,0.16695333602770066,111.65337512687825,0.9352728021912412
3,1,5,-0.01743527404742554,True,0.4418858757263144,1.1821501021115652,0.1794327730545421,72.61127922866432,1.0200965658193952
3,1,5,-0.009390705796780863,True,0.048295307500203916,1.3172824559833107,0.11013050148142833,317.93446981125084,1.1645147278934578
3,1,5,-0.08622445152772662,True,0.0924151460929592,1.7623464224554375,0.0861087902947078,506.97405532420316,1.3555478548732687
3,1,5,-0.029685275191964934,True,0.16418017270693802,1.3462995162029399,0.05568286227712455,56.61601176626023,0.9132122985451512
3,1,5,-0.008068331011699214,True,0.34491891571155386,1.459656017856928,0.1250416613387144,1133.7757583073806,0.9095540740770156
3,1,5,-0.17059273920889764,True,0.1109929642765163,1.2243819612997122,0.12113761902281482,1338.940701120767,0.8670482468181687
3,1,5,-0.047111739584697034,True,0.11241362598879523,1.0660081120976388,0.0975146150956332,23.85072024727055,0.9924501398702497
3,1,5,-0.022536964983337578,True,0.3135064200936662,1.1404364798151474,0.03181097835735035,59.88456921697074,1.0790198463509832
3,1,5,-0.022154708205093743,True,0.33511677198792134,1.3098913140949229,0.04349502097188394,109.64344714074059,0.9404734144894398
3,1,5,-0.10835023517790833,True,0.31822259206824555,1.3637614495808545,0.24230823360691126,20.485904813966737,1.2499866845723575
3,1,5,-0.0037686406191513814,True,0.26685685924768726,1.6367442812847628,0.1442594449345133,25.762492271137035,1.093279644595761
3,1,5,-0.08465454940589612,True,0.4097535420674503,1.1398725368734173,0.12739595202426407,3.8779921196085385,0.9321987567214337
3,1,5,-0.06257447862523016,True,0.1470121091485963,1.4088887904625205,0.0855837421847611,8.546016628076407,0.9565518664336379
3,1,5,-0.06377476105198264,True,0.2600704940369854,1.5652828270843107,0.10794261474801298,8.660984612983084,1.2492213377013146
3,1,5,0.0006167150451478508,False,0.2507871185902573,1.1007293306307464,0.06407468950598047,8.64695652509733,0.7595094609225131
3,1,5,0.004750281028989306,False,0.6108189150423969,1.0894423509826716,0.03835738007202086,54.24280887395909,0.9414538297424336
3,1,5,-0.017793390014658565,True,0.18290829427647792,1.0759565767213446,0.06915216480981991,20.150019797524212,0.8630313303569914
3,1,5,-0.01368331846222845,True,0.28781438635847945,1.2808233690087583,0.029093846076172807,78.86666312591481,0.9853851532557325
3,1,5,-0.14137438203891778,True,0.1689177119157419,1.127076488284414,0.16287488558115634,14.078825114480148,0.9321530902839499
3,1,5,0.02212921002540847,False,0.6781971724049083,1.0446748180906322,0.042440361316909425,102.45305625747142,1.1500516297675316
3,1,5,-0.009473616433445034,True,0.466173845730074,1.5350408456756013,0.048043934142732905,198.2824662926279,1.2607563214557729
3,1,5,-0.013793288474849785,True,0.6321819901926801,1.3721326371320486,0.09022794187125494,60.25496892108269,1.1013109852398577
3,1,5,-0.03109125935756716,True,0.976943910945628,1.6615774754426782,0.0813315756020695,166.08339944450518,1.8350194927631014
3,1,5,0.01126618774286155,False,0.5729498846183968,1.115472801032474,0.11201089903098867,37.53191709490414,1.171171809191344
3,1,5,-0.0017280075440413087,True,0.10383722174661396,1.2144002836264347,0.09451053943846527,1686.435075424258,0.8451414872244853
3,1,5,-0.011561769076528497,True,0.48771897890695914,1.1978889216942104,0.054457781757976616,12.103514540667252,0.8823730678177699
3,1,5,-0.08770252771951334,True,0.14110133550630763,1.5478210821746297,0.14544271330092012,23.099971826529696,1.0956522757595224
3,1,5,-0.010202659289889605,True,1.1294335668148396,1.6807503268777164,0.07454715709681257,49732.55691420251,1.3962789376550848
3,1,5,-0.012254937527219524,True,0.3558303973251553,1.1080873647732168,0.07917926962126712,30.444364389671527,0.974060281862458
3,1,5,-0.061786416998678345,True,0.182877443740891,1.2937268925016008,0.11405535083343483,40.870297506334474,0.7421087356436648
3,2,2,0.004266792870777449,False,1.0132641530129594,1.4155913524051147,0.16056525098204805,40.56638160813322,0.9507410061298809
3,2,2,-0.009985529344763234,True,1.1935908900356598,1.280468052635265,0.09419211920988997,23.723816967235326,1.1214299453509038
3,2,2,-0.07215910194907135,True,0.25478470713636003,1.3449848649773075,0.14532186253357787,26.861446128126804,0.7469253517303063
3,2,2,-0.030442630509493036,True,0.7811036029614247,1.4252922987822314,0.06441432730294143,36.818444401594135,0.9850825761460945
3,2,2,-0.1735585427350692,True,0.9078557190349674,1.7422045008947948,0.2715903042332605,23.242173305303545,0.7536478670053488
3,2,2,-0.016972462429835262,True,0.9555154319709409,1.174197694937054,0.15894397023296958,4.713563524166623,0.7499673578550059
3,2,2,-0.2313393668072895,True,0.006752666673168291,1.583125334677017,0.07797450990577982,187.85466580686312,0.7742443310471497
3,2,2,-0.012475096938024578,True,0.6021621470369655,1.2297839056659159,0.04884598327699306,46.82415477526546,0.6511852229748191
3,2,2,-0.010002657142398558,True,0.19325851429121454,1.263749783930118,0.09844828870400821,27.499724921416533,1.0200549936960657
3,2,2,-0.08910200915805565,True,0.8115614771963542,1.7867281725922621,0.12797683075042474,15.49427740870947,0.9609928407498876
3,2,2,0.0032645407945105435,False,0.22073004231580495,1.35805302329406,0.21115337475400128,6.187038763885866,1.1269487304840426
3,2,2,-0.000757841733030379,True,0.030816888604129265,1.568359549407158,0.11041762182704329,148.03876138425815,1.0798706785469299
3,2,2,-0.06876595683960904,True,0.28097949093012076,1.4992742167440998,0.07867058858691349,15.378021012332011,0.7101915849912298
3,2,2,-0.4069666573188172,True,0.7140014297184913,1.0783019207299764,0.08972737701323036,5.7493772646309,0.7400130525234025
3,2,2,0.06582281655798733,False,1.203453569017447,1.5183122109518399,0.03434738797303519,40.78636514949639,1.3242580794674106
3,2,2,-0.05136460489818238,True,0.584057873171042,1.0977897071153515,0.022336679069503214,31.938980707564312,0.30183882105298193
3,2,2,-0.08338780757906195,True,0.1417973941788694,1.4540720190552259,0.09037232089853364,11.320058867783759,0.852244686395553
3,2,2,-0.13459470747234714,True,0.9289943008014748,1.395193393012034,0.11575192793662616,84.05118689125904,0.655063756625404
3,2,2,-0.02032796788134833,True,0.8271466495904011,1.2325239034056026,0.04716836750563269,124.33613569778353,0.734232851263376
3,2,2,-0.07487474756488116,True,-0.017209243399550427,1.3370455602159073,0.08513385098474575,516.8297092262801,0.7994358644874042
3,2,2,-0.23699609499302796,True,0.689182904152414,1.860064371136948,0.11766712356202368,33.77176608301862,1.18429894093436
3,2,2,-0.006364823982299178,True,0.5562123198069078,1.165736404451969,0.06114889947220653,57.04055414205247,0.5846058108171849
3,2,2,0.040596752744800915,False,0.7716846851303973,1.463639506587066,0.050765846052664244,117.31753160129817,0.48336931373604675
3,2,2,-0.36140775519462875,True,0.5211903522773061,1.6597211674567791,0.17201683391573358,4.356203134234946,0.7888825807902893
3,2,2,0.10916188865343102,False,0.17183717584569752,1.0156113720650939,0.040913984101006606,39.00221782700314,0.8367979137765209
3,2,2,-0.11252701180840385,True,0.964445009548069,1.1818080137168492,0.07922054323331658,12.084161622178467,0.7991370279705586
3,2,2,-0.009866827661701308,True,0.9527454438398424,1.21377588984847,0.028733349656276393,200.23842933719538,0.8137407923877025
3,2,2,-0.08425907903286985,True,0.5610566200866481,1.1690380287640838,0.03376491153545938,13.899478552710695,0.5025381512310738
3,2,2,-0.19110218817687163,True,0.005092741001094405,1.3282093663479302,0.08692433111996614,53.409367545783155,1.0582424159261496
3,2,2,0.012914672840820665,False,0.07454026580941236,1.2307811909435813,0.0233042520702635,49.25135408499212,0.517275737229838
3,2,2,-0.025532168338780838,True,0.3624815882101267,1.3761681914786925,0.10296095699165271,14.89113499354829,1.0520060477994115
3,2,2,-0.030545150296083675,True,0.4731336639588639,1.3903283160667796,0.1086016984218535,11.888480323297342,0.7596593163249181
3,2,2,-0.024183277087070805,True,0.018444218630935656,1.211587510181426,0.09430599915490558,57.955193636728154,0.6496436150881372
3,2,2,-0.07256783945837902,True,0.15145263678457402,1.435207130081286,0.0714410111882819,36.18736040703968,0.8108538887906851
3,2,2,0.17096696383098528,False,0.9250180721005863,1.3756695366080007,0.06911360010234634,203.188846125683,0.5774734932093436
3,2,2,-0.04831253281416406,True,0.08067908029309805,1.6808951840649125,0.10326326579195529,54.81208231622606,1.2723332567367271
3,2,2,-0.06489756104367753,True,0.14470926423060124,1.2416341718787827,0.07962553314385391,34.409010775914716,1.0279656653274014
3,2,2,0.0019730630293788853,False,0.9724205397940805,1.509921573177332,0.09445462410805701,15.09986402290444,0.3292560666690432
3,2,2,0.0635179216358848,False,0.36814378614806714,1.131335806656825,0.03271731827161921,93.84334263769355,0.8639049795183408
3,2,2,-0.08793637695768698,True,0.1741397500588417,1.384057475766987,0.08741645849745398,21.473192796234958,0.9420874533929883
3,2,2,-0.00869481248514232,True,0.32278848460505083,1.2415192072165822,0.10586386188693177,18.526762005548495,0.4994670322536713
3,2,2,-0.08329067285963773,True,0.6742356751686659,1.0594046274845095,0.08615144325239263,5.230756381093277,0.6290398677014444
3,2,2,-0.4829204385526132,True,0.24887695567650436,1.3502378622175861,0.11007607082419824,14.13740314999274,0.9556330941531395
3,2,2,-0.03280768871334699,True,0.03504992508460087,1.3970892623380522,0.10211572658076258,73.02126761580219,0.7324833477383382
3,2,2,-0.0615753586523928,True,0.08356087470091392,1.1419066513718326,0.10436112652922819,218.68043466030207,0.5514607567124344
3,2,2,-0.17612994453526554,True,0.02662562466357382,1.3617179382617797,0.12479633997402793,54.46792481559631,0.6317444193766724
3,2,2,-0.15851092593121255,True,0.5736327310809896,1.6818416329047718,0.17171620891777264,7.796173519336674,0.9042465825543178
3,2,2,-0.012120482694435762,True,1.1587024794593632,1.4951453898589269,0.06770827776097509,8.036470839185025,0.9628356091471927
3,2,2,-0.016963286701516252,True,0.47667560744337323,1.1705418069510096,0.08029459883247697,72.07688151694511,0.8646792262250067
3,2,2,-0.03748071673195348,True,1.0000150534702597,1.6908387436407866,0.0507350146525258,1951.339936826658,1.5874843836414783
3,2,2,-0.16014242097331782,True,0.8276616912295524,1.1866810190679296,0.09254802190155655,17.603347279368624,0.49665134929693433
3,2,2,-0.24661459970645144,True,0.14711918177320804,1.6543257901264097,0.06870084954303717,25.00009114697675,0.8732113886120355
3,2,2,-0.27999768186667706,True,0.5253031405239313,1.709339629251719,0.14832068510161306,23.024816612452387,1.1525278556890697
3,2,2,-0.2298651607975071,True,0.36549604226991245,1.065384332646283,0.16735923292226476,14.345569601722257,0.7580619331374383
3,2,2,-0.04814205922528855,True,1.153916403359183,1.472271946325499,0.057679061562555714,18.859734576557166,0.8871402344030026
3,2,2,0.07397723948711919,False,0.603515277877088,1.3148782682950888,0.05986970101883094,25.555956117368776,0.5324059884204383
3,2,2,-0.02259531041275143,True,-0.03501260765129199,1.5265835122399278,0.0610926842891126,20.179513202673274,0.7729678593081031
3,2,2,0.06085603076422315,False,0.2424168123573771,1.097413713539587,0.1605720919732387,192.50979190625063,0.5820277557851645
3,2,2,-0.15183969527128857,True,1.0351151229768252,1.1351428228823601,0.07609083470967118,12.021337555864509,0.9368756501731961
3,2,2,-0.09664205920382905,True,1.0291977694513417,1.3974388373671307,0.09436297077450377,24.71814837051813,0.7819731201146286
3,2,2,-0.03264075046891438,True,0.2402404612770717,1.0632249097788617,0.04319331894464102,28.62738068506521,0.44179715818231907
3,2,2,-0.056162514531973476,True,0.23222119884862613,1.100608096251245,0.04219609767539235,107.2327132614886,0.8951439530874343
3,2,2,-0.14889921710723483,True,0.17527564408144175,1.1014118923290004,0.08165165828833579,18.253335748492567,0.3841893604832917
3,2,2,-0.3344635450410775,True,0.31217588870920177,1.4397921181121371,0.22783693873571204,9.707258802452047,0.7157311875552697
3,2,2,-0.06372201780830514,True,0.19874955340200473,1.1190456366932091,0.10790796472942607,36.14533933358385,0.5435081527297121
3,2,2,-0.026554925346709665,True,1.3447700530313242,1.8729478663982986,0.11414835450790844,10.640978282733869,0.8418897350706764
3,2,2,-0.05074266112099439,True,0.37129723587932406,1.1384163618533603,0.03883671815436297,114.31321968629281,0.926606580324865
3,2,2,-0.1186451246268771,True,0.17016659489035493,1.5924234474314702,0.09241963457650183,18.32019932927082,0.5718539766134837
3,2,2,-0.04862032649778163,True,0.010457770689334955,1.4964037108662296,0.2194756485347221,108.25585447064555,0.7233767025261019
3,2,2,-0.011912340010340906,True,0.7370826659127041,1.5895602885001014,0.13733819511833625,29.28940975510752,0.6955400221561835
3,2,2,-0.09712229254754601,True,0.21880574926130142,1.0307225789879106,0.10084206056663789,38.00883082800182,0.7735713757971128
3,2,2,0.024239491202887046,False,0.2355424463011845,1.0621468474913,0.042710967602913104,109.69864460715276,0.7544114203859422
3,2,2,-0.37557504764774013,True,0.07280604209871203,1.2062462365825886,0.11285964905186188,91.15621557363632,0.4583137044816088
3,2,2,-0.011102486356957344,True,0.18191382872792491,1.0591224453943382,0.09616105032226613,8.247469829710814,0.5096630399531284
3,2,2,-0.10573668904384463,True,0.1944586346815114,1.4110085709826699,0.2938355029413692,9.688376812093448,1.2020008230507937
3,2,2,-0.02088645474811583,True,0.8301374129290127,1.4232613836213253,0.12341107663913967,10.419356851790575,0.720784256020019
3,2,2,-0.12062142325489751,True,0.1295525479892244,1.3416798803498309,0.1360045783217787,71.95110972299155,0.4305052144767741
3,2,2,-0.20387445212636598,True,0.1441848689694638,1.3492020054106317,0.08829582659843177,16.68456974329171,0.6854933692473365
3,2,2,-0.023082465181719816,True,0.5494650912120205,1.8498385053448283,0.13472656817239462,10.294817768627894,0.672337828732002
3,2,2,0.004093250084121229,False,0.968251274047083,1.2561683038827336,0.020930352401693244,34.79184403576616,0.7155523539717983
3,2,2,-0.08167491196922454,True,0.48171124233017326,1.1036611419737516,0.03490476086972444,17.353695405122973,0.7671983197451486
3,2,2,-0.29232206671497096,True,0.2448228263528032,1.3267066451702725,0.1967281389665476,4.000881992987935,0.9048333895008742
3,2,2,-0.0078361959563495,True,0.030542700541058787,1.4387522975149276,0.0664300037009143,41.345237984970986,0.4086914420851917
3,2,2,-0.5728142566959552,True,0.46990887196125375,1.1336959169249294,0.10356846123653239,8.55642385682957,0.7844681499311588
3,2,2,-0.16913004103295534,True,0.2014823359178644,1.5511938370815315,0.07821615995995543,28.190592101395655,0.8008245900806418
3,2,2,-0.1530065755829685,True,0.45604003813468086,1.314647449110607,0.06855706363045827,46.787565151136974,0.5287733177102718
3,2,2,-0.01592903195866425,True,0.2685182260100909,1.5304607224543936,0.0767221669539401,48.54532723885261,0.9388121801109575
3,2,2,-0.021582292128107514,True,0.3424707617220737,1.286317421270074,0.07518185171201827,59.186238530941125,0.7592759535725532
3,2,2,0.05378842576392521,False,0.12972942290227096,1.3597156947210858,0.036764354329953765,133.1699783614787,0.6905870692680846
3,2,2,-0.08728411519900023,True,0.02319171304268597,1.1529581434060443,0.0639741658828905,34.27089186187468,0.5738586483123357
3,2,2,-0.020674617096294944,True,0.14781388503101495,1.0681856389018747,0.16052684248154783,19.01269680146337,0.531577591949274
3,2,2,-0.06420610064235216,True,0.6031033035184337,1.3380600729693117,0.10575882479905734,14.265076296782073,0.9431180283287616
3,2,2,-0.11575770999021807,True,0.2857859673702441,1.1690628847082944,0.09296394436453637,12.421189867410167,0.8111075318727577
3,2,2,-0.033182327341678836,True,0.24947597629995844,1.2241094539605055,0.06800091813215027,22.110900837445605,0.970291531431953
3,2,2,-0.01605562384257344,True,0.9545572790465009,1.3662778945233371,0.08894960324483768,20.434418338346042,0.526703186594214
3,2,2,-0.047861220915158126,True,0.23665783133604687,1.1922714150829865,0.04438931671406434,57.76262242598837,0.48498714672234694
3,2,2,-0.11003193932392548,True,0.5893862243694645,1.1313450216699692,0.036266147638867256,15.251646724298595,0.6575581324478282
3,2,2,-0.0464397986192921,True,0.9929261600686065,1.2142514056259688,0.1464890267261221,7.152900765976468,0.500309443385229
3,2,2,-0.016973752755876155,True,0.38522714092197,1.1687853040703629,0.034743845779802614,15.52980831831343,0.9158541364223514
3,2,2,-0.12900955855399146,True,0.81848096842165,1.6467274855592569,0.08263538517687534,11.443242251916494,0.9395268662593033
3,2,3,-0.05876840800616263,True,0.05597833213155002,1.3054590620425397,0.04857708192956854,128.5044197935895,1.0643583184136716
3,2,3,0.035104195830286185,False,0.1312420234664185,1.3815411332767258,0.07955009088693472,9.002651365507797,1.4136633156731273
3,2,3,-0.4863546842892952,True,0.25568871766908163,1.0668003811504356,0.08343193945520926,21.784875775286626,0.6156423684716291
3,2,3,-0.04314099917524827,True,0.09862264670188949,1.3986216708059773,0.11238990720409357,30.546554956698,0.8824656885650818
3,2,3,-0.07259449871359216,True,0.6857507810698814,1.260416975428616,0.06910064744047581,24.83477314858482,1.3097167829836744
3,2,3,-0.34790753456829726,True,0.8011495141000542,1.348904692619334,0.18651013065182265,48.092188415857784,1.416635668855762
3,2,3,-0.013824103162313348,True,0.24952683311950763,1.3327407701566811,0.06768585470663883,119.01396414865931,1.3367253473857643
3,2,3,-0.01789074174300853,True,0.5602086910598177,1.4233761869655344,0.10354869443468166,461.7173703285218,1.137831484912085
3,2,3,-0.04481029673957259,True,0.7843563876250784,1.6426297800664842,0.09722317738600511,52.79377701306215,1.2434274201977218
3,2,3,-0.04969270429479124,True,0.13973302035795776,1.1502318678692116,0.06755210731303696,20.32461508363292,0.5970860399363477
3,2,3,-0.34708316886849006,True,0.1714888706841582,1.5429624819943915,0.14858135261484276,62.951836081536264,0.7006072319981601
3,2,3,-0.1222846882820202,True,0.33436601955539924,1.0764819833403125,0.048156034292808396,12.444562645374695,0.8063365155583254
3,2,3,-0.011300229206231454,True,0.09573304742992939,1.4039519303219772,0.1167535758670218,66.2120805365461,0.7338213112559862
3,2,3,-0.0063279063566831755,True,0.5813529858306904,1.4655761729830974,0.14498037841103617,19.85534088847419,1.529965514838901
3,2,3,0.34768650224771674,False,0.1683154916366465,1.4283246183715446,0.058911824557497265,30.39468918919877,1.2977174098936506
3,2,3,-0.032379265215394026,True,0.32504589746819657,1.1724092218390205,0.04413981255893002,32.09502683160986,0.7068619830425366
3,2,3,-0.010080479963664526,True,0.7539187534067341,1.2731174077161127,0.073598753181203,22.062556178648464,1.0190465447872414
3,2,3,-0.04946623902338041,True,0.6089100066168756,1.2368015909132781,0.08506640683564526,9.474348412538845,0.9702967401602222
3,2,3,-0.03260321441948521,True,0.5003096222184183,1.6055558810675903,0.08729837009392967,37.54667753621546,1.4726752007930874
3,2,3,-0.02959000940464106,True,0.23897444840123694,1.381778554646739,0.0653351740754,327.93401200725947,1.1495319299654523
3,2,3,-0.29861672842505504,True,0.30742496349433024,1.2980587668675863,0.08118665142067888,120.04318264329142,0.9272037783961207
3,2,3,-0.012350704121614355,True,0.5440828579760099,1.4130330649870657,0.03502465099910981,44.82838384373531,1.6916306401971763
3,2,3,0.012867629856290757,False,0.2758555650777609,1.2916493497038004,0.0270671501742735,408.2173568749111,0.7561503440569655
3,2,3,-0.707580620445657,True,0.05617715173308939,1.4536631819081631,0.18331178737889955,17.315107323127325,0.6826502387667134
3,2,3,-0.02855785185288531,True,0.20192723291589898,1.3278612287236382,0.11374388719240658,53.71062198283278,0.7056118573804545
3,2,3,-0.06111610278687483,True,0.39796740404246633,1.6490063964544928,0.11426854559691615,11.642515670777858,1.277235630161463
3,2,3,-0.014106750129177486,True,0.13951010966695776,1.304975342034622,0.10345400383236857,11.490812042861382,0.843625839862174
3,2,3,-0.037222596429919735,True,0.014909965954744201,1.3367210296378444,0.038269690218350506,284.29403721120156,1.1824360274016577
3,2,3,-0.013046388615805649,True,0.5362636494775125,1.1378505966549226,0.126196722266443,18.858910959121065,0.9151492911645892
3,2,3,0.007848027905148144,False,0.24524158719851072,1.0181913640148164,0.019327497418683542,56.8232628233532,0.8818038712204573
3,2,3,-0.026777898315321794,True,1.428300718585663,1.7251640867185756,0.0990239909833191,22.37464180653529,1.3214567793927523
3,2,3,-0.04128967797140617,True,0.34714447302258133,1.4666098836015273,0.07309064229306468,10.972323581152024,0.8588772943465834
3,2,3,-0.01741076964422033,True,0.9950829380111267,1.1271785879095384,0.028205198487573916,24.60083708097876,1.0977673182507153
3,2,3,-0.11181063002958848,True,0.4365042549735281,1.1029564641596774,0.08923736820446333,41.6917381207555,0.6832338696008886
3,2,3,-0.051185952506583726,True,0.36916731141549847,1.0804866627950251,0.08435743373636435,72.42283064705012,1.04696611672314
3,2,3,-0.0420123929257478,True,1.1229034652333258,1.5808434746822821,0.11474272768279674,21.206121428738225,1.172574722534559
3,2,3,-0.1443283741671231,True,0.24083099674802283,1.4178768792340952,0.1635528965313191,13.451262062557614,1.1085028284802307
3,2,3,-0.09169250885549907,True,0.20944932095665136,1.2380448966359094,0.06407830688808264,28.976577033714637,1.0158513807438796
3,2,3,-0.04432742592320478,True,0.5438085171428652,1.6809963857556263,0.1758741470637143,14.094323892107091,1.177960906313219
3,2,3,-0.020435324639598716,True,0.5179171297062981,1.218310647845684,0.06677931682488687,92.85696815533332,0.9599119041348438
3,2,3,-0.024901795577287236,True,0.026435934803024884,1.2034939325666147,0.03226686489114537,26.287162410014634,0.6445966813850496
3,2,3,-0.011234757929943865,True,0.5663842118340141,1.6362643985489074,0.03125139532454628,89.71941352534512,1.4378389807550083
3,2,3,0.029275436289496783,False,0.39429798883435724,1.024405842158546,0.03215663689882882,224.681739905016,0.862566982242877
3,2,3,-0.03497888544937359,True,0.14141636086915793,1.470680325189052,0.1464790115103279,72.40169231197532,0.8935096453087452
3,2,3,-0.04236273193018445,True,1.0335185654735073,1.1240828835426222,0.04667970729469846,41.40648547562975,0.6524717068026599
3,2,3,-0.04309198888928505,True,0.8352536622514835,1.2915884040301049,0.17241078101493318,4.690259405732248,1.3707753254433515
3,2,3,-0.039101675606005706,True,1.016835789637992,1.2722294858474283,0.07816703405115792,15.753369733722035,1.1460472256903718
3,2,3,-0.10782704433317525,True,0.45664613812284904,1.2067779582020093,0.11235925401525887,22.1022995407556,0.7511098308587573
3,2,3,-0.049344176401853804,True,0.711623425161443,1.3718547989006513,0.05331779817528122,119.99095101997078,1.2755448027429885
3,2,3,-0.014217110283305131,True,1.1135094892712365,1.2209339240710702,0.07549629097890613,40.26909808414744,1.1451996011072658
3,2,3,-0.030362102035472602,True,0.33054480826602095,1.5631914650636147,0.22409372278263678,78.64291357520545,1.3844747694906876
3,2,3,-0.010890154093694315,True,0.27887004748693767,1.3492846888680332,0.07813332564986918,46.92951191310069,0.8984663867807368
3,2,3,-0.02328238811705454,True,0.6984499235318252,1.3178899236219197,0.0475907259998568,102.74646232894216,1.1221783023227443
3,2,3,-0.014615349239589551,True,0.013458437164051817,1.3104925781158578,0.12481551788968087,111.19913009206026,0.8663593073089031
3,2,3,-0.01890265641366606,True,0.627999928624116,1.2955397180974488,0.0789816629934297,18.750763893005402,0.8983106940499824
3,2,3,-0.34630478425841665,True,0.2625417872444585,1.4235924100131165,0.1315868886897879,16.747638904094654,0.7994502803685578
3,2,3,-0.4976051848159905,True,0.2999163770530626,1.3853389528566489,0.07871286086243304,40.245709864751504,0.5626679928690196
3,2,3,0.04676520065102243,False,0.6865555151918012,1.3682789436569878,0.05014848962101796,32.72292952533475,1.2733151427228715
3,2,3,0.08560332602527654,False,0.49069404379020193,1.029667332276556,0.02393505363650879,42.49645013478033,1.03181728934079
3,2,3,-0.045167057044041156,True,0.2797144202215467,1.4566262521014413,0.10625381952226355,24.91918486117876,0.6480595331903923
3,2,3,-0.03183339971183218,True,0.44968773587705396,1.147693127747051,0.02865108878795448,18.068693278494912,0.9002549253348238
3,2,3,-0.002806740906557241,True,0.7752625674635059,1.249897788479289,0.050917511233890114,39.66239314931972,1.3760325423720912
3,2,3,0.003779208981812608,False,0.2438475500988418,1.3901416107649402,0.041011078964165254,333.92881290519654,1.072791655101729
3,2,3,-0.004754886122046886,True,0.17136505678301905,1.082341016512154,0.04817864280300872,22.108262479630625,0.7542408921492699
3,2,3,-0.08068997515212564,True,0.12910937192219066,1.3222041900830195,0.13670690819794154,6.717262706525455,1.0758410713215962
3,2,3,-0.1560441997088756,True,0.9207069069081583,1.4186553597553038,0.09667951858338483,20.413701059225435,0.7922740075141597
3,2,3,-0.032959666643537555,True,0.18389302992503548,1.3801034813917012,0.07816172476614776,23.740743372896617,1.0309294043583586
3,2,3,-0.06348499091035278,True,0.18932350102408563,1.2949823760394767,0.11384924150473229,4.413777369097443,0.948105151479635
3,2,3,-0.011399099012114836,True,0.9477841797236995,1.524758612272017,0.0795615245068041,42.77883670828006,1.19655547660755
3,2,3,-0.011307552336470857,True,0.06978269717421354,1.1252614274447033,0.027630200883920614,58.23907108728959,0.8856960631372884
3,2,3,-0.03313653237618397,True,0.23250949682764524,1.5289771703683068,0.13195531637162944,43.00086676122149,1.2525884209930516
3,2,3,-0.16715661819884392,True,0.48882941978026984,1.203370695774454,0.09299142392731746,12.3396670096867,1.316134108152931
3,2,3,-0.01958294339581411,True,0.6650251856163418,1.402154821367955,0.039306875129430305,49.64804985538537,1.1048114229080752
3,2,3,-0.05597585288863818,True,-0.026844200162725932,1.0645178891600466,0.09413575428414848,17.079862019971046,0.6930630296269388
3,2,3,-0.12954809988037919,True,0.7709027703246101,1.525520192180556,0.06921693306323698,82.98261461183235,0.8451476484486471
3,2,3,-0.06744795496131113,True,1.0365441694773758,1.4909142733107217,0.04857444958632403,29.98375282046945,1.6259771605375253
3,2,3,-0.023061265408137327,True,0.14214275378893917,1.2525466923560555,0.13022160340848224,135.64229051551837,1.0116986343829755
3,2,3,-0.05237744061660473,True,0.3353160939484666,1.1395308066223253,0.10905861012731084,8.071517916486593,1.0390840724307078
3,2,3,0.03264743416035554,False,0.5131303328694536,1.3566039898516706,0.09355728717260445,63.51671308024982,1.141923228261218
3,2,3,0.028894751965020244,False,0.8019930308882245,1.40200195790684,0.043861747908910946,61.340287588672965,1.0830865085888044
3,2,3,-0.021163925571516588,True,1.018562568042734,1.3582866338523718,0.08307287269433146,156.60524989845382,1.081307623725752
3,2,3,-0.012003346693503014,True,0.04861626777100678,1.363094832332278,0.039020320098258156,43.92035059682668,1.217222725863099
3,2,3,-0.01577971311855793,True,0.1707791090028759,1.5897240083654387,0.08173835434479783,64.47295807556895,1.0402338490418563
3,2,3,-0.0835409224205014,True,0.08242043787248803,1.4076005405899394,0.042049930813312146,32.134074959107636,1.0278541442358105
3,2,3,-0.021279901520494894,True,0.42614683257776587,1.2621324130797023,0.04234012792610295,8.641430673919507,1.0189297864438545
3,2,3,-0.03407217294829415,True,0.14598354115879492,1.4939593303843772,0.1158869052743373,30.552360700355617,0.7924651812130281
3,2,3,-0.02015356195838277,True,0.2961977484974308,1.299800370431881,0.06957546005856309,152.26853555023357,1.014091430368955
3,2,3,-0.03524908483562828,True,0.6770309607183651,1.1399640596488414,0.02697826968459646,60.05331727270602,0.922353009952169
3,2,3,-0.06302665511487583,True,0.9874572248069193,1.4565455146652482,0.06914586238004601,19.59200454744621,1.4457566321188853
3,2,3,-0.005220996440338491,True,0.8060814383220275,1.3642253024217865,0.038210847901457255,108.86000912361244,1.0377061155660092
3,2,3,-0.06825295549701527,True,0.8056754263314615,1.3358832151086653,0.09584014570411163,20.261393505977978,1.250784684767578
3,2,3,-0.03266115157011044,True,0.7096077600764857,1.0402531006942735,0.023394745912637308,30.50754990818247,0.8856262416648407
3,2,3,-0.0034492162259922225,True,0.5297082094864178,1.2434005739840486,0.049727747215161426,26.914006108717377,1.123582126015226
3,2,3,-0.01243118009121659,True,0.7656451288355951,1.146063886169256,0.08513768499627132,10.386326542891915,0.9813948632359402
3,2,3,-0.15503813346254108,True,0.13775401856937608,1.289972292237902,0.12059064884905007,8.3740601241253,0.6030877269485677
3,2,3,-0.005183974872086335,True,0.7224446441371777,1.386276196374603,0.0793336275263587,221.50397231601602,1.2247584159817366
3,2,3,-0.012865788803921958,True,0.19234501519872774,1.3467582342008482,0.05064783429382339,23.449738571685636,0.9554695904894687
3,2,3,-0.012516177831669167,True,0.9180042173042984,1.0699553250134866,0.06892664394508217,19.43099368309804,0.9593631060828589
3,2,3,-0.006392162098976483,True,1.250128183329722,1.4728409132147453,0.13446728493675666,175.91554263321154,1.2139251808931026
3,2,3,-0.020838355620395824,True,0.6742717696768097,1.1247808085538924,0.0390300772194636,32.27040889775925,0.8319980777069012
3,2,4,-0.02819572866876071,True,0.2274192265460679,1.1077200798685272,0.057394702170417984,141.8267895989736,0.9577582889746185
3,2,4,-0.03477924636196618,True,0.15299165166613307,1.3382276082511264,0.10304426196389696,24.538296919313623,0.9028080831216404
3,2,4,-0.10883124031926641,True,0.07250044342422314,1.0734198156025254,0.12247911031400656,111.5546807466116,0.8901003380571788
3,2,4,-0.023310689950140052,True,0.39989785820072943,1.345691857873203,0.11127373499061761,193.5997170565407,0.9461765677410949
3,2,4,-0.02101805005903976,True,0.42819404020969143,1.5412118727579303,0.142666001451336,15.486956974981638,1.2171454043750987
3,2,4,-0.04374297695544456,True,1.198282426444848,1.9944898732368,0.08043599451680772,715.9149981717516,1.5699388258151101
3,2,4,0.020701857833681156,False,0.529763239672635,1.079095121931282,0.053831612076615375,158.13106656983632,1.01303702492647
3,2,4,-0.013214178536194122,True,0.36579354891083016,1.0158369822490307,0.060977173102777275,21.46381498252643,0.8328942500612354
3,2,4,-0.04165526919161053,True,0.16161932038644758,1.4135846751647676,0.17318040759467057,27.615157211439254,1.3729462873389486
3,2,4,-0.03788696528899312,True,0.20792831384931457,1.3191872308744002,0.1335302406967945,22.02246968547647,0.7737750386399013
3,2,4,-0.011529670216299893,True,0.01990227132939584,1.5475373914934505,0.1215057025743655,35.22392273530702,0.9169585755923454
3,2,4,0.028116556384385444,False,0.7000342909746453,1.778017539356986,0.05678579806638803,409.90190494627075,1.1841116345514384
3,2,4,-0.021128264491944534,True,0.39490492193793963,1.0686435074735645,0.0818166824123235,267.30447082155456,0.8549894375558145
3,2,4,-0.013655205114386365,True,0.7112210828579807,1.3937200578631557,0.043722408492740436,55.09704734118025,1.1119927449992708
3,2,4,-0.03425479955000972,True,0.5399356654833785,1.3842006537103673,0.09191251002935308,85.32474503946435,1.24889675295315
3,2,4,-0.023326807753683985,True,0.17719377152588378,1.4430074476926162,0.13647469293915615,10.429069801329858,0.8645407267789704
3,2,4,-0.021077068059212927,True,0.1790414021792547,1.0386701909839215,0.1026712340566294,645.6029206641948,0.9000461515707804
3,2,4,-0.03370648066968049,True,0.14934905497775416,1.37826520362659,0.10416034061081869,41.73783037247879,1.2216917118725175
3,2,4,-0.052581751836081506,True,0.18691760838214583,1.2522602189660692,0.20751405704058049,11.054441845566634,0.9356317351294936
3,2,4,-0.01392724088135221,True,0.3574207369040901,1.2608325457753171,0.19038439263169668,158.11879212921988,0.8677863910927354
3,2,4,-0.03240767305985499,True,0.16844118197850647,1.8206169261388847,0.07138945210344838,105.56578899854836,1.0613484870335355
3,2,4,-0.01596162663816718,True,0.215377020220549,1.0835010831450853,0.07663208148717564,946.0609642845761,1.1102732908976922
3,2,4,-0.0619584655184897,True,0.9956467700773379,1.058189298775318,0.0844291023526989,10.231510695070394,1.0858834115803715
3,2,4,-0.029648267876185505,True,0.0018161469255606425,1.1329462839895992,0.04515283177776769,771.0124678801236,0.9236696173422001
3,2,4,-0.004544666474675544,True,0.31951730982091264,1.4293854879415078,0.07268582843529257,429.8544668922325,0.786681908593797
3,2,4,-0.025754403631592496,True,1.311493243338512,1.437923109651244,0.06651554490837137,24.802619017332525,1.0419156131575837
3,2,4,-0.02333418576901866,True,0.6753540394950509,1.7415924951252335,0.13508842481352007,51.02432967090523,1.4351303176684245
3,2,4,-0.10881575196586066,True,0.12425284636740874,1.4499733238957844,0.1677874410747816,344.72989183792396,0.9063511969025626
3,2,4,-0.0624690647834615,True,0.6747883377844823,1.2849152641102706,0.07049970471001367,70.2543794910473,1.139520647467169
3,2,4,-0.039956657831926534,True,0.6027065391802785,1.4783314882413425,0.04328084858780997,430.9057154840022,1.2929568223789034
3,2,4,-0.007893538017422708,True,0.03935092735074538,1.1341355528533408,0.029395934645842614,64.21890236820104,0.9258091416474474
3,2,4,-0.021979971028009273,True,0.3216156264763071,1.1499632543294527,0.04434975705700928,44.711811351777165,0.7738506089930215
3,2,4,-0.04346671773662675,True,0.20234569539691938,1.4461167570861817,0.13534052529116597,12.205002435034787,1.0193375300149525
3,2,4,-0.017545884808479552,True,0.524545423155221,1.2191526119667815,0.053851346999701344,13.838369101518762,1.150574728972583
3,2,4,-0.01413965549010799,True,0.5835057785689066,1.2252834156215875,0.05303222676681003,366.590572104502,1.1493917396270348
3,2,4,-0.04015870501709566,True,0.130260678177851,1.0581504506927863,0.025191236128269096,103.10238183831137,0.6642831732510942
3,2,4,-0.03165314998301836,True,0.5502372750025128,1.406987500865314,0.15068843006102156,18.23388753806927,1.5128705142722607
3,2,4,-0.0071225433665238315,True,1.1500369464720952,1.1649655047789158,0.043515845149770055,27.498794086644583,1.0473699996569095
3,2,4,-0.040089110987123915,True,0.6687276937789621,1.1904145220894173,0.08537443399601226,49.60761150224799,0.8739269183987906
3,2,4,-0.015203616095701413,True,0.41696104951357316,1.581368662175856,0.09847070913004663,165.16715833234733,1.589367162440411
3,2,4,-0.08234801574965522,True,0.040928629529339275,1.0776100634421035,0.08382118976998293,41.72858922225229,0.8090587486730797
3,2,4,-0.029756268209723682,True,0.5055601526585219,1.3187498096553387,0.2620635345429552,16.00508693957573,1.2972919393438493
3,2,4,-0.03314296655065962,True,0.29493754990503196,1.1826146141336344,0.04270406203070838,6230.357919043166,1.00975269785409
3,2,4,-0.034756832583288766,True,0.5833108080476013,1.6561171690911782,0.12464798230716415,9.617977864625434,1.2668871751189164
3,2,4,-0.0826243117884505,True,0.7795739681611569,1.4636447303050093,0.1423352028446948,26.807787342858624,1.23622790366631
3,2,4,0.3006164149824283,False,0.11250052977696083,1.2429391316370166,0.03390578577896457,33.45809244040612,0.7721759607788498
3,2,4,-0.0525260705617939,True,0.41717548247706,1.5988836708038805,0.10884454835707086,14.848461747181542,1.6925826188812068
3,2,4,-0.08367438202276165,True,0.1782360719446869,1.399980698196052,0.05123832922825455,48.096911335693186,1.3429916231585466
3,2,4,-0.2174974102351295,True,0.685821575398344,1.1774117803942796,0.11647285538552216,7.5107460374594455,1.0928428782376132
3,2,4,-0.05257424143230221,True,0.9619211893754114,1.3594491958159998,0.13137364517512076,22.06754074630263,1.3555243491510602
3,2,4,0.012963879438516845,False,0.5949611692490826,1.507730709998535,0.09497018225857543,346.6059411494643,1.2176010964917798
3,2,4,-0.051430190216405366,True,0.8948837931808643,1.7296848365865074,0.08045733902449644,55.31642166515582,1.3552201834080078
3,2,4,-0.07111548568984405,True,0.3324493640227557,1.493067805446004,0.06257421378156798,87.88547576176133,1.1062848678582842
3,2,4,-0.05744724046993767,True,0.5726932256106719,1.345365164033488,0.14081216908871494,102.99315679738908,1.2056558991582786
3,2,4,0.007419511731493224,False,0.6726010834170594,1.2542517983668913,0.02407902073832016,26.311537934169646,1.216003496638163
3,2,4,-0.020068521744827112,True,1.0161023953320454,1.5503226000186954,0.1716641752634532,5.183075625047164,1.3779280410416836
3,2,4,0.06176553370148837,False,0.5237571033236578,1.3921697574446728,0.0714829288469345,81.00138683860095,1.1124573888074774
3,2,4,-0.0019250401907102506,True,0.41748323385384656,1.3285404014594533,0.047375907122130884,11.308478963579507,0.9810780920839601
3,2,4,-0.07139916996198777,True,0.2931456348548508,1.202039578413061,0.06096055673626996,108.32700414117058,0.7662848089695596
3,2,4,-0.07100258328395213,True,0.5310968826561768,1.1052682863485812,0.1358619962992788,98.16940347551571,0.9198635846904923
3,2,4,-0.0032192281819215384,True,0.9722620831791239,1.6003349650279235,0.10695758024602996,37.011477024866494,1.57279797239094
3,2,4,0.0025447593814656353,False,0.09138487808029093,1.1616216628982663,0.06390668819785547,252.09713982483174,0.5880787159788637
3,2,4,-0.004058085991963278,True,0.46420740288651247,1.2187691261461697,0.07598953784016914,68.10364436760845,1.0043183855997089
3,2,4,-0.05796997416392192,True,0.39563568693794604,1.4263719214211572,0.14596312266218053,10.675135535049993,1.0962105320529394
3,2,4,-0.06571945913073245,True,0.5595214943952266,1.4037626439245556,0.13274867508492239,35.77771921738756,1.060750695137221
3,2,4,0.0034267390502650237,False,0.521471347676439,1.1878466910168373,0.03897335750511674,35.652937487301195,0.8666659397670372
3,2,4,-0.10736699161228348,True,0.0325506402997595,1.6245024323626818,0.1416305632018329,59.75761754445127,1.3594079906927528
3,2,4,0.04787469149294227,False,1.2169342570475277,1.4575212289828516,0.0833694511729679,58.16869222564965,1.641624369487064
3,2,4,-0.02413455028363486,True,0.13875260764329897,1.5576282605984224,0.1595053391088396,48.15638749755217,1.024028601633733
3,2,4,-0.035413646449982406,True,1.1548496730167288,1.4558993562373523,0.13118582868262174,13.848569813371432,1.1133839831562686
3,2,4,-0.03292362608394662,True,0.4169841787190706,1.228609279438325,0.03177090812577823,72.82296941200441,1.1599620912450357
3,2,4,-0.11352831539389092,True,0.06354731172013664,1.4059800871777683,0.14814044038265278,23.559217183872196,0.9232471708078922
3,2,4,-0.10034189730991631,True,0.19473704592608776,1.1783161844423442,0.12501130324839932,38.720582919525704,0.8606454395260755
3,2,4,-0.011553935088910106,True,0.5247183111118887,1.164641709855717,0.16254058454518272,71.33464221603394,1.0959468883028913
3,2,4,-0.013038499100600509,True,1.1559619809008042,1.9081329037786305,0.17611337088106618,17.19403907467181,1.4235211875069889
3,2,4,-0.001581632187589156,True,0.608002610689085,1.7139231625195592,0.17535870491948363,370.3603778828444,1.5518669120549087
3,2,4,-0.02478436614915022,True,0.27505841993533764,1.5170443687240422,0.05439146472839855,27.918387769080482,1.3500822385976035
3,2,4,-0.10734590306289188,True,0.1993834687777277,1.461412123595187,0.15004790742862242,24.43837046265402,1.0229555576132876
3,2,4,-0.10181663829424956,True,0.09861541840587895,1.3965563939687884,0.09870998328822853,29.18349229396136,0.8072682938630195
3,2,4,0.07081104471293104,False,0.09599963243430074,1.4609931629197033,0.0523141295461838,225.23995495302734,1.140915039642861
3,2,4,-0.02632075272544332,True,0.2913274310735516,1.1273267258855058,0.08613057214882891,20.930120702453713,1.2291702660471133
3,2,4,-0.08137634996893806,True,0.2809626739170469,1.1522609891114315,0.16102736203799026,10.028805693391876,0.8188442505657277
3,2,4,-0.054219191715013396,True,0.38137798300687853,1.1339595670575158,0.06921035052882965,114.67218790648727,0.9099797486284689
3,2,4,-0.0715505462286519,True,0.503354020246991,1.5466867845176844,0.20951960401712766,47.771364533330626,1.1292627857792703
3,2,4,-0.01988612849348013,True,0.13041070632085028,1.1511632651738741,0.039580373650641876,31.115927204358652,0.8776109749464958
3,2,4,-0.03152274092656869,True,0.5348092755960535,1.180147468945671,0.0648584748997289,35.04312984691,1.1533135311279539
3,2,4,-0.030179735422526718,True,0.22472561234755473,1.575230794188823,0.08240236026802486,21.54355844924526,1.2803481719543284
3,2,4,-0.08543930940808245,True,0.23375494109957806,1.2148099493403752,0.09187417099214178,43.4677753897903,1.0736965422884917
3,2,4,-0.050011880912056716,True,0.4445767968796632,1.3804253069486712,0.11707095675466626,89.6268176252351,1.2244921257127983
3,2,4,-0.045212135442702216,True,0.04553808531404857,1.1241112599343546,0.22785596319394527,36.94705575973223,1.0118813555853132
3,2,4,-0.0927237749332803,True,0.5379786538375396,1.177821812133461,0.12875336965158252,40.44211847873129,0.8930680963389566
3,2,4,-0.2743182259712886,True,0.219977329533661,1.1429848460438763,0.22688576463864749,12.803386307041212,0.9378529000821447
3,2,4,-0.015536615235016442,True,0.5024165986187197,1.0373101307231747,0.07741184601546915,52.50359951227912,0.7808642539192288
3,2,4,-0.06239130079414397,True,0.515689288291024,1.4986047342591737,0.06969369078476285,92.16069022165318,1.2330685470806073
3,2,4,-0.032552421250957475,True,0.2326064470011609,1.239971312589946,0.1996327952944048,11.989202797172066,0.8652710566196639
3,2,4,-0.01013911850361407,True,0.05479511671700863,1.3196064490010162,0.05536768705766212,492.52278526694926,0.9399916808274753
3,2,4,-0.027168139441312977,True,0.32089785220853506,1.1414328539264522,0.07808100275886261,19.19942619003656,0.9318605295691349
3,2,4,-0.012931491593546953,True,0.3424601272022189,1.5597587288744363,0.12249108352596878,27.191204057908735,0.8755182739628504
3,2,4,-0.027103681158651017,True,0.41790206307613675,1.1838789925445006,0.03145974970802745,39.58719032832725,0.6774279064519307
3,2,4,-0.010724802534067962,True,0.6150288811451177,1.1133388786260716,0.10163298802180797,39.53603506308226,1.2057824659191605
3,2,5,-0.018078620251230547,True,0.25586979884482575,1.0853130846135368,0.12094122564798548,10.761973838828085,0.8181422717148754
3,2,5,-0.016566603894385946,True,0.44096963771834846,1.3466387016570618,0.10736890371911977,13.772048234197538,1.0564282108980767
3,2,5,-0.04809159510997178,True,0.49711825158998274,1.1467623805149672,0.03952289566972727,729.3341493222719,0.864681083400702
3,2,5,-0.017275863438763955,True,0.35256718965368383,1.6845992860009045,0.0667109683209431,103.98380218826233,1.4101191904228587
3,2,5,-0.08373429602814483,True,0.7124076815384394,1.585502921404648,0.06049535504031666,14.29189336121834,1.4948812966806588
3,2,5,-0.022992849241470936,True,0.1362203793642941,1.1745495460989106,0.11442903859545843,45.19270262278593,0.9589898892805749
3,2,5,-0.05280107057312378,True,0.23199752253415895,1.3849064334020273,0.09648537630360449,26.53602448170236,1.027897033597971
3,2,5,-0.024308479926788237,True,0.1658049396256693,1.0700937080170543,0.04535162785370778,467.0553280474066,1.0452944741309418
3,2,5,0.12662489302422203,False,0.9483340953190742,1.5837649422918683,0.14631788310966437,62.277729523140216,1.3067567764187678
3,2,5,-0.07301864672008085,True,-0.022674496851722098,1.1757717387565767,0.05688639523022442,52.566970752648125,1.015602989683884
3,2,5,-0.03224731979363089,True,0.31406200103277676,1.1601319930929428,0.06800788428907131,54.71951473143889,1.0030418158189673
3,2,5,-0.00251463573322884,True,0.3001326382199382,1.0792630059101278,0.028219079462309168,103.10161443569086,0.7963532787209526
3,2,5,0.027997030460826165,False,0.07544344157941979,1.5210528484676793,0.04994378128647515,267.0825227753366,1.0037430506716005
3,2,5,-0.012440485588505548,True,0.44994023892759405,1.0912340317242502,0.05502089660707206,29.233879216991937,1.2103611581254474
3,2,5,-0.08510609811616171,True,0.8751289955070994,1.5492392835274675,0.08138761986464854,752.5256556910482,1.1843715000173338
3,2,5,-0.05518027378139245,True,0.1994628214080399,1.390300954747453,0.0862363881755469,437.09687781653963,1.086287969766454
3,2,5,-0.05210719017730314,True,0.36607215307279056,1.087697658974809,0.09770788746815803,10.927200448943665,0.8113372761570727
3,2,5,-0.03762568714225965,True,0.1799239924782102,1.6980500078482195,0.12064260211566045,21.422001259784736,1.2207733968367556
3,2,5,-0.010409636372286656,True,0.1697144858581635,1.5682648129335186,0.13144091433734437,90.51892338955174,1.0069555738107516
3,2,5,-0.08147831571218923,True,0.8892154510322614,1.2071938602205574,0.07022571711280755,99.84704550234002,0.8857916815137528
3,2,5,-0.026304010020536703,True,0.10350424441644432,2.1835065988634774,0.09182102650234152,119.67653446809528,1.4947740027794603
3,2,5,-0.10580919736814479,True,0.4683503937887736,1.4987138369008937,0.20956426747737725,243.81685199187322,1.2356055994392912
3,2,5,-0.021172925720663,True,0.7118038595177363,1.2357360455465232,0.05169042974242721,15.195236074332614,0.966109259423787
3,2,5,-0.016050706218066323,True,0.38526510553645343,1.228707738679916,0.16370240908475614,20.445203125816892,1.030083289093282
3,2,5,-0.019821194302401715,True,0.11469115428413362,1.2551574666438596,0.05558222673785424,51.71938006109466,1.0767289372885722
3,2,5,-0.045451641252262934,True,0.6622176824841793,1.8156226539835658,0.13848224267175632,11.08431477309958,1.2613542233758068
3,2,5,-0.0565136724767281,True,0.6780078505584377,1.0693649897759123,0.0644238888114688,28.781357143075116,0.9722097200348196
3,2,5,-0.0362686204310147,True,0.20821175104770429,1.5562410710511956,0.11595784148169637,15.975371630082527,1.164439542537564
3,2,5,-0.11676864120587965,True,0.5683991390653867,1.0810069869134924,0.07209270792376625,15.292211808556011,1.10338185787354
3,2,5,0.010276134061673298,False,0.13862879411558818,1.3570389260441216,0.1535397537028068,30.09354020180023,1.1330498372733535
3,2,5,-0.01990310323360561,True,0.31413091960704415,1.9104307068927482,0.1349876585966359,93.64706274704706,1.3640381070032879
3,2,5,-0.0362387998363964,True,0.033978121731581094,1.4000598666435682,0.12281765001262075,51.759701689314376,0.9180295204417918
3,2,5,-0.036797528665603874,True,0.6170060688569143,1.3222696958420923,0.0762862133743151,41.90940654178039,1.065515221729537
3,2,5,-0.011474791747130918,True,0.21062803078932438,1.0688670353900356,0.03568759444339853,3642.789716964346,1.1280256821040064
3,2,5,-0.02307723197884976,True,0.1168626483353124,1.3568304390707262,0.08842904405913607,55.68992549302409,1.1930375037921448
3,2,5,-0.005353774027797182,True,0.2364998291545551,1.1103099080710983,0.03113620266802935,97.75669512474505,0.9993432825137851
3,2,5,-0.06662868701140283,True,0.3690399483677818,1.1319826718669384,0.07358706186156343,21.9574586657392,1.0355298338349208
3,2,5,-0.02615864060264947,True,0.8150852076856068,1.2574313502054668,0.1389510920391244,112.14008923501378,1.2405290554646213
3,2,5,-0.09197448991445129,True,0.17424565302174705,1.4650312383603867,0.14652627802549242,12.861577155323612,1.3115138454848339
3,2,5,-0.04892670164570641,True,0.9778832354943694,1.1379542423614082,0.06140892613211975,17.09430837316004,1.295497891344984
3,2,5,-0.012112733314642576,True,0.38559880093753496,1.2460397990362828,0.0699999978686988,76.52618640901929,1.0030954723312617
3,2,5,-0.020491905834777082,True,0.38375561842204425,1.8351656469511397,0.09285463191579021,250.71777235489034,1.8307003016837504
3,2,5,-0.10448858443914481,True,0.6070510886709319,1.3504694997088975,0.10166333996828132,72.70117991501033,1.3082382256489733
3,2,5,-0.014362460474546125,True,0.7929012118412447,1.2802656441929992,0.068764061941962,22.190352457668304,1.2717149122466336
3,2,5,-0.060204810584573554,True,1.2632971725628452,1.4683277078096524,0.14798321617565302,28.766799478990684,1.1690313565066621
3,2,5,0.013075321897461571,False,0.04970519359487371,1.0686933094973852,0.08307104746442247,98.51263823923674,0.6770689743040866
3,2,5,-0.028147933613936454,True,0.6280977514753008,1.5087981994428539,0.09486969509846209,452.7006483638484,1.1380576838724514
3,2,5,0.004620849771919448,False,0.021214339885769637,1.4435762126759577,0.05632295635140864,360.85317703718886,1.2674641550521235
3,2,5,0.07909803374744272,False,0.3177732054743202,1.0784504959458379,0.017934026984132597,114.29448209860503,0.9188524328390132
3,2,5,-0.038924912071618654,True,0.7093372945029889,1.3655092999721072,0.14539528931497311,52.132318796704524,1.1525162607535056
3,2,5,-0.0396973180600257,True,0.09645935579303355,1.3471892102952503,0.16805872124959495,24.133032600145025,1.2479983097389318
3,2,5,-0.014107184474098644,True,0.08932055927459608,1.1228701130968815,0.23312769571308736,17.037383931657576,0.8128365642799049
3,2,5,-0.024693371126785213,True,0.11742155376094524,1.1836462025959136,0.04940112149823389,32.24222559685031,1.0345945721980156
3,2,5,-0.029715917869623024,True,0.2860398609805657,1.972754275053981,0.10302232263737254,48.17756726399954,1.513534471229306
3,2,5,-0.10115732025717594,True,0.7857345235430864,1.26047866046572,0.122591286722406,262.9301093886614,1.0669300469613057
3,2,5,0.007086488547307025,False,0.5033899496701613,1.5244667363830877,0.07796173563858834,11.823419977249985,1.4478472699684253
3,2,5,-0.02914876767687193,True,0.1002094062154727,1.3347322228122787,0.15812411730132486,43.608540178583745,1.182661154324423
3,2,5,-0.12401259476724977,True,1.136949115144358,1.3456712025881477,0.08545916623265558,30.174828020460126,1.4120018278229085
3,2,5,-0.01165550211494647,True,0.566398650521102,1.1333423984365232,0.09864318130333782,59.94223029519534,0.9805895790681289
3,2,5,0.009614570850853824,False,0.17206454523229336,1.1894678180710363,0.09810609045081285,78.39159142103429,0.9807775401912989
3,2,5,-0.03246898265577413,True,1.32421761334953,1.3993773453960192,0.167203392526463,49.93252414517001,1.3065784723846332
3,2,5,0.026695977174423992,False,0.4134289714219137,1.5107851720228465,0.12351873285513859,336.04533019887293,1.4173696039584716
3,2,5,-0.023205694914959656,True,0.4990081407548075,1.5283824018290812,0.11584409055907487,46.74845636607557,1.0871523487617745
3,2,5,-0.027070110053876145,True,0.2306652503779277,1.216945882101154,0.17413575519015698,16.053854348121384,0.8182186568061581
3,2,5,-0.025479450348815904,True,0.38545577286200583,1.401795675452168,0.07235709784484892,323.362083693968,1.0181596249998341
3,2,5,-0.02619544386256682,True,0.6466504426726015,1.1299208974167851,0.11479466934348129,152.52947185699853,0.91191513793795
3,2,5,0.01887190347808256,False,0.11842089656410387,1.776516838336532,0.10428362110925209,132.4921609864465,1.2688802315005228
3,2,5,0.01625267635473255,False,0.4213946392939806,1.4697360874374412,0.0841696975708859,48.744353719525186,1.3930143572876792
3,2,5,-0.024277996227338536,True,0.21747345686754452,1.455450114984533,0.1489369477874265,93.01602839481731,1.0340850888388797
3,2,5,-0.01838233955936483,True,0.6990610127828552,1.1624442010559268,0.06780374506906402,59.837165212750605,1.1012884300420487
3,2,5,-0.014130862201928045,True,1.1161401634174506,1.5022177641255183,0.04882575168139853,164.50063042220248,1.3908594533243315
3,2,5,-0.05380392702355638,True,0.233822487198142,1.3833665195488527,0.06136697347036045,115.2146414643866,1.176326202684512
3,2,5,-0.03444269516380195,True,0.8852548147439326,1.3257637055300104,0.09167075891620328,16.2849394097326,1.2889755666283853
3,2,5,-0.033811392310073546,True,0.9357745696008603,1.6572898378838914,0.11722617908053788,36.76193235401892,1.3969899675679955
3,2,5,-0.08069539145573755,True,0.054518790424201824,1.4752719243648322,0.06515181898339568,18.22354425942524,0.9521842848925717
3,2,5,0.01883364418753277,False,0.10708230599057639,1.1999406299134658,0.057875612672275895,46.46163550263736,0.9696485315358778
3,2,5,-0.054129518934701415,True,0.6541419529443984,1.2831064978692794,0.08513954150318374,28.33042417999725,0.9442459654225832
3,2,5,0.005090211812111234,False,0.2838866034508169,1.6839060085212543,0.11105406569936319,641.4560434447076,1.6631334939090798
3,2,5,-0.0046443176492992925,True,0.45284812276523106,1.1158047239628885,0.03861612160774063,466.24647229816173,0.9444145008547715
3,2,5,-0.12250918528701277,True,0.18821884315211523,1.3609221866637649,0.09145165372933604,102.04721444737497,0.8538816888949377
3,2,5,-0.033230104190421536,True,0.6708657899051738,1.184896859984353,0.08172166104720571,20.47016883005955,1.036392949218622
3,2,5,-0.02920012857295422,True,0.22021106094235565,1.3154008451121355,0.04820896057206477,23.284217724212535,1.3613287320421088
3,2,5,-0.014915632482475238,True,0.8697755466862672,1.2495120545225333,0.06124227019701075,522.0401915068869,1.0430155592570423
3,2,5,-0.02134854534134022,True,0.45176537699183683,1.6587339097896698,0.13264816093339632,20.592605139676024,1.2511754156778738
3,2,5,-0.009131985066693278,True,0.571266694187677,1.1768446899560165,0.06811736805757283,21.02681246872755,1.107741601886951
3,2,5,-0.06964834557099359,True,0.3399441347368441,1.0957037840709212,0.06609345698392029,106.28289337984023,0.9123804832311819
3,2,5,-0.01212341109916451,True,0.918644788809387,1.1536010334038413,0.05675382613333245,21.98408181580385,1.0592805524341964
3,2,5,-0.1006647052002257,True,0.11718590053816556,1.5694915191997079,0.15045139982681244,21.553317922267123,1.2378412702057189
3,2,5,-0.08292961343338406,True,0.14850911001074452,1.3865734082788304,0.14233726577528388,181.57483101768275,1.1426225883892918
3,2,5,-0.0036848605404286457,True,0.38951892917724396,1.4434780500789854,0.06749583087974524,37.082883608586,1.104898815611306
3,2,5,-0.03355988030147347,True,0.5987222583330644,1.6179010901436597,0.08637099564943174,59.70837706514162,1.430325570753737
3,2,5,-0.08433766916530851,True,0.07538120150378702,1.2450512402287204,0.13046845260127132,16.194940424583407,1.0600654062779216
3,2,5,0.01905127828404975,False,0.5961813839962218,1.466889698151867,0.056730366441133044,154.701973553038,1.0651225486001747
3,2,5,-0.1656273299697979,True,0.12088295238475402,1.1583967869551006,0.1474840034982438,13.643273157103996,0.7692144838093867
3,2,5,-0.05263745277698689,True,0.601105556886651,1.2573247707494166,0.05835218581137799,78.5681831391225,1.1371064544997038
3,2,5,0.01656309062345639,False,1.0267754077803644,1.35468230484494,0.12084918372270177,98.63333067744995,1.2096966726934715
3,2,5,-0.01088992623138903,True,0.34350978863888815,1.0908415827825881,0.03465336400293645,170.36776467485626,1.074997668923888
3,2,5,-0.033937114173408604,True,0.31629563037777325,1.4737809030804,0.07354377008404474,66.01652536124179,1.3304686369869136
3,2,5,0.015075225189661201,False,0.2805641248335193,1.2596402246692286,0.11177642678031344,120.58737945182565,1.25282277549547
3,2,5,0.0011104325242423663,False,0.44397144353508494,1.3081046329050419,0.0662664046659099,12.740766315696186,0.9502921043430981
4,1,2,0.001012539402583849,False,0.23158758658134945,1.1153580839840735,0.03155682898996232,67.88255547137494,0.794833690621584
4,1,2,-0.030503871958666565,True,0.6771411939954746,1.2662295246502533,0.057237171312166824,30.03217356201654,0.7825793517013738
4,1,2,-0.06991909080736432,True,0.12377398182575092,1.4839269643564463,0.10219151958874709,36.3345264327321,0.8208614603615106
4,1,2,-0.15499293342289883,True,0.0034148660416746107,1.3821250737242956,0.08581992100183032,405.95356542845303,0.6295940635007017
4,1,2,-0.0274638675901272,True,0.03669325610647638,1.2561118745317712,0.060717405649745426,70.35373798237023,1.0165054468136392
4,1,2,0.10108413495837655,False,0.13224208847682584,1.4881431898164128,0.06811024319046213,37.194856707258204,0.7731203290762365
4,1,2,-0.22536017151035173,True,0.3957984446265452,1.590488936748034,0.1429218948867512,18.237684525989202,0.6696450201850894
4,1,2,-0.08897812461716731,True,0.03942063765043685,1.4715533848252988,0.1018960507594719,5.522010705905398,0.7487264850941077
4,1,2,-0.08252384534208063,True,0.7486504340947043,1.5885907270492308,0.12483215045471682,10.879625465631676,1.1699787541139977
4,1,2,0.014070770757201832,False,0.08630830330845865,1.2885254498105874,0.12672941026457324,93.61832459129045,0.8310235004052469
4,1,2,-0.024470396973506635,True,0.1676707775768308,1.5442878148570176,0.06340319654864175,69.96161684875919,0.9696559495121302
4,1,2,-0.035803265393406294,True,0.3230570500887393,1.4749456341317835,0.06134626381288004,16.531688320818652,0.6673760884617027
4,1,2,-0.026270224506179912,True,0.15191536018296836,1.0750011603902563,0.02385164059055716,28.868812610231245,0.5725049945328463
4,1,2,0.002547584474290196,False,0.391478939810703,1.1814426155806628,0.033945193430082,172.60261668891098,0.7560467193067119
4,1,2,0.0034743366927419343,False,0.3520635201913821,1.236666383913985,0.024119169246827332,232.633671318612,0.9587021749591876
4,1,2,-0.20492824471978044,True,0.08875871026841792,1.1710520628505274,0.11027822649195808,27.904328658035126,0.5793823504688851
4,1,2,-0.25691012410244357,True,0.7256245220158908,1.8274283142746324,0.1109815447549852,8.063112444393992,1.4338554898947646
4,1,2,-0.006769177087764835,True,0.0397863343017012,1.121869845929148,0.07545498117291403,81.01702488533644,0.7357807016126093
4,1,2,-0.07650159660667333,True,0.631273144811223,1.6361241971075475,0.06440924139302384,9.929520775845075,0.9715541963091034
4,1,2,-0.03652884055224864,True,0.349911452867232,1.4976526085129502,0.17334059649280575,11.21110612482162,1.0105154521047595
4,1,2,-0.058760347933243195,True,0.7221675805465482,1.51007946047433,0.0660598247449092,30.785852021353538,1.1542002872623287
4,1,2,-0.00013862937576578806,True,0.08967971724839577,1.3134535638665075,0.05318565900648058,149.26189073561665,0.9279073709464637
4,1,2,0.0013089707689255658,False,0.04593653731652237,1.6213193121063918,0.04668730603308666,2226.2551932853166,0.921566445827851
4,1,2,-0.17710122495876762,True,0.2803940243379394,1.4769179224458693,0.15954450636321593,98.73706272661659,0.8488184232749079
4,1,2,-0.014903906738950784,True,0.004491461101209953,1.1590861530189274,0.037839065582136684,16896.18025512872,0.6267661017763376
4,1,2,-0.013002319821933641,True,0.760820203883724,1.7225715282522518,0.17627535345792641,39.91284221421252,0.8212757047626214
4,1,2,-0.07464794055511186,True,0.11375964497649141,1.4196976708658662,0.16319860970538422,27.978187417012336,0.6703813277009574
4,1,2,-0.06875723533796278,True,0.5577392593551252,1.468849169909774,0.08441763794852482,47.61187147756031,0.8973203872563714
4,1,2,-0.012931755761610635,True,0.04807361035395931,1.187540071379154,0.05002417938460859,243.60037360943994,0.7851454289290007
4,1,2,-0.037626406731931315,True,0.9787211619129722,1.3949410371048756,0.05423056925803979,520.5775024856822,0.7087030411033223
4,1,2,-0.32458911871568574,True,0.3969957682835623,1.6441013402828888,0.11624402616684805,6.51503037747473,0.66199174251544
4,1,2,-0.01140139007984084,True,0.40155465602528095,1.5209891094046941,0.03781701404845923,54.97894227533674,1.2686014227237399
4,1,2,-0.008858543975012139,True,0.6835051072385636,1.7657736209676156,0.08222732480472654,31.12690828183712,0.9750471093972384
4,1,2,0.05653778297748083,False,0.04033540283126275,1.3327952879494185,0.06728242975377206,122.7559771201335,0.5448318628784959
4,1,2,-0.016649694102550166,True,0.7281413890520629,1.6204182898362964,0.037234521565222584,166.35540307533344,0.6837904750451448
4,1,2,-0.003502169459353561,True,0.005445643334326929,1.7283429427299168,0.08628920022981851,360.3418863839423,0.6857032884728282
4,1,2,-0.039927698597829665,True,0.02542678902425599,1.3912090184070873,0.0719939130735266,249.2671731252428,0.6431564561045361
4,1,2,-0.0065853671394200735,True,1.1160645465204835,1.9377152977693932,0.1256989808610254,24.001433605043,1.2149607497496548
4,1,2,-0.1903901372201192,True,0.2234949882838241,1.650611634846541,0.09361836021909557,10.843930947929389,0.8561402694915771
4,1,2,-0.04359813438987737,True,0.05247850072959115,1.777251165410879,0.136528533796434,26.011756141451148,0.9622462128413948
4,1,2,0.0715445894319916,False,0.11479157387879295,1.168928257835576,0.09304268532362893,34.03199812962531,0.5902659879125919
4,1,2,0.025580417845401996,False,0.46145141989709537,1.513140739591547,0.08192277466092056,142.89561210580678,0.7803440975518061
4,1,2,0.06155215778949958,False,0.07581111571965009,1.3662479295949477,0.10097370573289811,72.9074236763989,0.7562191492488155
4,1,2,-0.13856258430190732,True,0.15700655503706618,1.4546906961402999,0.12074479575710619,29.880648851967173,0.40664123364835314
4,1,2,-0.005784247020498951,True,0.27073943092418695,1.445724697399244,0.07132306037923095,33.59579221131961,0.9392712072453118
4,1,2,0.015343520186652103,False,0.03869452036264076,1.2436770951839535,0.13784233536076043,41.605323217795245,0.6290789719109815
4,1,2,-0.025752637892290063,True,0.28736698194971494,1.253088169476564,0.032047979180979784,45.32402554721681,0.8898139616427172
4,1,2,-0.043076330566758914,True,0.8489708004616976,1.326097467173338,0.04971815586179745,88.11379126170917,0.956619975378545
4,1,2,-0.07281278697648838,True,0.1866274523650222,1.6053815140521372,0.07876041406604752,11.059934250702481,1.0420478169025715
4,1,2,-0.025380466075739617,True,1.0093952627663312,1.347259316793749,0.026256478095907327,167.27152836294223,0.8822445494945735
4,1,2,0.08871909433293693,False,0.028919131633949845,1.6877845579496324,0.1425472303103511,143.97294031254108,0.6750961264120761
4,1,2,0.04575341803392642,False,0.19775582341364562,1.2742224710068781,0.06537063804020597,29.311538359242046,0.7060832493563766
4,1,2,-0.07444193079390729,True,1.2935198146558557,1.5217674596181532,0.13011549587021218,8.565358484036912,0.8865060220794654
4,1,2,-0.005991997767634893,True,0.8372513753315012,1.460538991687314,0.04845033868016647,189.72280257794412,0.6694054858068155
4,1,2,-0.05615964335443975,True,1.2121272613317082,1.6094887589105582,0.06379327356452111,33.64233561241073,1.4201226086823633
4,1,2,-0.12591267688340851,True,0.23805259379254307,1.249758868763128,0.08092528059943165,267.2997880040415,0.6702533151635578
4,1,2,-0.06430264861913056,True,0.33402027086567354,1.6237523499650675,0.15603406282087817,12.450204900742115,0.9086899717124213
4,1,2,0.0007285477921904163,False,1.1526672760563497,1.6395976868355198,0.052169866708463665,603.326908473435,1.10452602688975
4,1,2,0.07513468914637282,False,0.01935859486733478,1.3899315444279123,0.13388032079905018,83.06326317701935,0.7496145552527474
4,1,2,0.04019897024461658,False,0.4135553796459606,1.1109283173139939,0.0767693442148438,15.836810205892212,0.7998765084056467
4,1,2,0.02041938292359652,False,0.8423891738700895,1.4496959158104177,0.07092369287417598,78.70642766203532,0.8969699686584223
4,1,2,0.01275017422255933,False,0.011052715809100194,1.2441494940715025,0.02910690400346692,274.6144501015588,0.6844804930234811
4,1,2,-0.10051326819980166,True,0.1898551998345351,1.5994235134395776,0.0783449403146305,33.83524780955946,0.6772222726125913
4,1,2,-0.013247092779817527,True,0.2989570572984718,1.2718559494599484,0.1211259767339024,12.13673594274013,0.9936846671598648
4,1,2,0.007276024783478379,False,0.6271185221434924,1.2116900585721087,0.04585686908931096,289.0329208166052,0.5546807684519816
4,1,2,-0.5237449289340061,True,0.5909581559275704,1.2775516468682693,0.18306161318698513,4.015850914759187,0.7888415822630048
4,1,2,-0.2654832331695724,True,0.563461049488099,1.4406680328702328,0.06929443687208627,5.235390954091429,0.7152962604944374
4,1,2,-0.0019363145236215254,True,0.14319406050564532,1.3703747315188655,0.13546614653202646,566.9908699145409,1.0633001356600154
4,1,2,0.0026626611830246273,False,0.5783261501334473,1.520234738364081,0.15338237588608153,158.8341033157291,0.521396646676005
4,1,2,-0.01325332685942483,True,0.6031883469467539,1.6953175968606609,0.12447388554898563,120.94679925418544,0.9723813615873592
4,1,2,-0.05468566200672273,True,0.11167081200809055,1.2427206667983017,0.11819528598917711,9.344274447360965,0.9254646639910736
4,1,2,-0.11126616138166219,True,0.33667775343277084,1.4393868254479105,0.10012429570589824,19.08250001802382,0.6439269423418714
4,1,2,-0.023320065351094973,True,0.2609204151976167,1.0703626502470538,0.07202849682422491,18.36075994675239,0.7738340695109232
4,1,2,0.00037713338390993795,False,0.246129289785321,1.1677712032527716,0.019888107943593924,168.87313082565643,0.9689138754779478
4,1,2,-0.03227206214265262,True,0.45342230368189995,1.3144850111034552,0.04674655393957203,23.1432858510439,0.36957046373251645
4,1,2,-0.051399991636465886,True,0.15765758297227953,1.5091834423204302,0.07007634363158334,56.069235038356595,1.237118346664388
4,1,2,0.056686732165598344,False,0.21527296635376636,1.3634143461253645,0.0804691784317643,121.79723332489758,0.8000287910265245
4,1,2,0.03191131225141362,False,0.07844564014767152,1.1842068269248363,0.10637355237099802,20.32033328564487,0.5590221988569093
4,1,2,-0.05020218240767093,True,0.2849822364056992,1.08902269423936,0.04197867306649383,19.42659355150861,0.6283215255175456
4,1,2,-0.024327175042226368,True,0.10574239089183425,1.4560941834725616,0.12899313110922936,8.752415327724652,0.5819734737196172
4,1,2,-0.07214873268712191,True,0.19944708808895223,1.9990851420890896,0.059182036576779694,30.305628868575422,1.2657005580675158
4,1,2,-0.10204759122645725,True,0.13788662158380224,1.2578083366147255,0.07562302601007023,32.948451743659184,0.5801278333684553
4,1,2,-0.16821453956677143,True,0.10486539530587477,1.53290282879951,0.2569269453833707,22.25318987736135,0.9830936348773018
4,1,2,-0.028806322932602414,True,0.9894565529761005,1.2433458099967254,0.1238735448968116,16.761088724498936,0.9750269420864884
4,1,2,-0.02705662583149826,True,0.13576514531057973,1.5645465098447318,0.11083194041026807,57.48682395036992,1.2316569864967186
4,1,2,-0.04096009420580249,True,0.32797884283158113,1.677577028980986,0.17447646927679022,30.64387031831581,0.9794569760745254
4,1,2,-0.17154623350960285,True,0.1501931493529544,1.5280710835175815,0.18379405630962317,10.783528851252584,0.9031982643915977
4,1,2,-0.03539092212752053,True,0.29535123741177877,1.4934558632620696,0.048793493685188344,47.02531299942064,1.0240284457860633
4,1,2,0.0030719179413167515,False,-0.04138302665874109,1.7497489644026496,0.23909860898132723,59.215375862717735,1.1145630877022763
4,1,2,-0.00787306701246762,True,1.7610372187514935,1.9998146678107935,0.08719581790436279,64.52832527532107,0.5559341105191529
4,1,2,-0.049942864487925176,True,0.13215625465138436,1.418439850396788,0.045021329459090334,15.581585411957084,0.700538612911357
4,1,2,-0.022483159966777348,True,0.04719811232661297,1.3211452875556688,0.11056769124708832,23.698276203336132,0.7839496938324529
4,1,2,-0.03130853611657407,True,0.6042227050673175,1.499225717342977,0.06482432729807304,60.95770377369584,1.3305796738778566
4,1,2,-0.03573604908318928,True,0.2685585562959357,2.2149181550767914,0.12070660260972033,31.308455505767732,1.3533477079836866
4,1,2,-0.007014479261339751,True,0.22647180474577408,1.6608176929755043,0.05804554302309015,137.68498263221565,1.2319619744252286
4,1,2,-0.07228184451939053,True,0.09862454273746052,1.6869948824288334,0.16579791353841627,20.154404705124364,0.8438967025953339
4,1,2,-0.02803533475278308,True,0.4169679738246548,1.3403382933379715,0.0709393351041942,201.9434854536846,1.0164722677332805
4,1,2,0.004294713893931075,False,0.555402027376469,1.8320866535814835,0.17504483698723722,223.79388520971764,1.1222478405817604
4,1,2,-0.039313571899703734,True,0.160998386132661,1.4921406857064397,0.1071072718941498,33.19685017962112,0.7521071226259578
4,1,2,-0.09645338296446886,True,0.118949459994144,1.8824346528487617,0.061432077416844734,75.34113243129138,0.9226032688042931
4,1,3,-0.06298651704706705,True,0.04910853597597299,1.5478253184659836,0.15924580162242122,163.40248042046912,1.0599586013253743
4,1,3,-0.06633651524476523,True,0.9890092447125804,1.575340977424293,0.1615363775399238,63.8842430478994,1.4173316762584054
4,1,3,-0.03683805417358415,True,0.5564538970108268,1.7350855617903362,0.11020560978251312,37.23348304859311,1.1791258571736831
4,1,3,-0.05341783593821829,True,0.02745551022716765,1.2729724390772346,0.14850589205790857,53.743676276743464,0.6807086158992584
4,1,3,0.04675001287507963,False,0.61779784679699,1.435724501038327,0.21493851745338377,21.70091849340194,0.9181872349330353
4,1,3,-0.018278895715155744,True,0.21354867620629878,1.7859120846583028,0.14593583999967233,25.513269360655606,1.480876658678042
4,1,3,-0.011338159037123282,True,0.09027914303429888,1.9939785093084101,0.13166853045622,279.21116874518447,2.013229807522182
4,1,3,0.02141904698027622,False,0.00573539678522927,1.4265864276065063,0.067542329202357,452.51976720083024,0.9769047188954623
4,1,3,-0.018230824671856216,True,0.5745709591576409,1.5411049503783767,0.0999210532180009,60.202250817052146,1.4217102409703422
4,1,3,-0.02206566930623096,True,1.3627029848814196,1.9622714151307266,0.0792531703962869,41.57809771933431,1.561369351931828
4,1,3,-0.03292251553496954,True,0.018466133589814485,1.2045236771227792,0.0792547596121368,81.63379458699198,0.8536814610489042
4,1,3,-0.00734831928607999,True,0.13344816424085504,1.6935822797470579,0.08019870838844093,942.1839344285854,1.7479499008077235
4,1,3,-0.0014955449402821869,True,0.05629237848968854,1.1614874868948362,0.05183080581529378,52.250035241494935,0.9636585345405104
4,1,3,-0.11962302196170174,True,0.33110741853426034,1.2350728311301777,0.05737057772538822,20.427791490942422,0.8470767492195274
4,1,3,0.008686475018725118,False,0.5254708442532635,1.6928702941258968,0.05027028004853591,36.290494595371754,1.238534779412621
4,1,3,0.01195011465611696,False,0.8553624436169944,1.4586980166129113,0.11042479362086277,73.42501390913063,1.1853310993595703
4,1,3,-0.0064173877556168105,True,0.6371495332595832,1.6557684071526373,0.06169559625877482,73.85486436411094,1.2802664205797003
4,1,3,-0.16363227166141542,True,0.36637620405129356,1.4932941656184797,0.09456005238342478,13.694595058972622,0.9791796786800648
4,1,3,-0.01730403061478795,True,0.03900046693307183,1.1244925396935583,0.06665503100148734,51.75210032456476,0.9443894296596124
4,1,3,-0.002214248415135766,True,-0.03473026515536374,1.3552007756079016,0.08145251265277963,45.557540154619154,0.6551219473784857
4,1,3,-0.08770818891997154,True,0.2915163274054471,1.301803676050534,0.07149550904163054,15.03478249600317,0.8820244450904462
4,1,3,-0.03284077990532024,True,0.3030721507624794,1.3679096939077553,0.0665642048680556,57.10955439210885,1.411422000751015
4,1,3,-0.01840891378016157,True,0.720725936039574,1.342638082346422,0.0671627365558374,45.34098816324995,0.8230676086367115
4,1,3,-0.012217952814621708,True,0.8547088545702658,1.8172172501090318,0.05580605855235672,72.23644112428792,1.3259931002074208
4,1,3,0.0330149288061775,False,0.09150748950631395,1.3096401667611046,0.09232367895404626,36.67002074096246,0.7511800837881569
4,1,3,-0.005080368569770528,True,0.29728932965253935,1.444783307991892,0.08492593383352318,43.000521987665,1.1432758538415733
4,1,3,0.04542570231554897,False,0.9769202274877006,1.6034837449802979,0.13837042273202496,40.600085875079614,1.3208091529794141
4,1,3,-0.06743961003529697,True,0.5658963162030641,1.384142143611165,0.23496386697170563,12.59814016301001,1.1114066530710045
4,1,3,-0.04575521368629132,True,0.18194942375449052,1.4919095415084604,0.10755468820738014,1569.6711273145445,0.9803275335436284
4,1,3,-0.1257153190740346,True,0.06295154917503122,1.0402445449450046,0.1325129055239055,17.247644045738962,0.6808410928905885
4,1,3,-0.0779926128479833,True,0.45374101368307007,1.164025990151504,0.042842333815026654,93.75392607210692,0.8936011909011051
4,1,3,0.003755169691198177,False,1.077586801596,1.9004313813466795,0.11105056128438091,323.8165262391577,1.7696020999133992
4,1,3,-0.013816587330747832,True,0.06453172572428317,1.088531668611867,0.03282652364454346,627.8099426119667,0.8704797813859015
4,1,3,-0.018318788021963628,True,0.21767737443939905,1.7827714266336838,0.12212606990756898,1639.2767501160715,0.9327692252577766
4,1,3,-0.037475937227911475,True,0.23266715028534152,1.157718767368031,0.044134323120705254,39.67036631484546,0.7212632824098216
4,1,3,-0.006552713329501119,True,0.046892905557872365,1.318243751883436,0.14722344828265796,194.38811790220208,0.6883766615969161
4,1,3,-0.043978433800952885,True,1.1502382172426546,1.1854131212832533,0.064547569802924,157.0091215380916,0.9204650365785658
4,1,3,-0.033366773078313594,True,0.3177566435337223,1.526709801124686,0.21541549927361953,84.02384730117774,0.9243344677415356
4,1,3,-0.24666633435392873,True,0.6516445970025934,1.4567888883764173,0.1877348710421022,20.62249812757556,1.1294090914785246
4,1,3,-0.03668949279034193,True,0.07689979482852913,2.0297848385583803,0.17299537885241292,13.430952907851218,1.4850966905201408
4,1,3,-0.012189923784813029,True,0.1439185624649144,1.3978318598974737,0.1083528629448984,46.16288413236435,1.049419478156775
4,1,3,-0.029593559496937746,True,0.12892468098697202,1.1489180093786577,0.07257895978736743,10.113889519900924,0.7708914788490295
4,1,3,-0.03384641055941268,True,0.035925942817908,1.7522219051406558,0.09173871874828972,132.58930984875542,1.2728205406136588
4,1,3,-0.000804315671561362,True,0.34064111995346985,1.9973511177773204,0.10034151863664838,24.004988470555976,1.4685251314057115
4,1,3,0.004773941893971234,False,0.49980708369347604,1.6731442723829255,0.11902734107944984,281.79164557817336,1.4869259660209082
4,1,3,-0.01395177843357554,True,0.04868731715589686,1.2361428441339508,0.07048266040390382,72.40027864342008,0.8532764094299128
4,1,3,-0.010989759666284099,True,0.037248658064571845,1.809262596057869,0.10001187556680993,84.97090562027131,1.489673959099296
4,1,3,0.0004869899068529041,False,0.02040851172641297,1.4241314527026172,0.03458475780786484,324.47865497894804,0.9099847031819667
4,1,3,-0.036319273141606684,True,0.3270123848875711,1.336262833854697,0.14909441603953866,24.101947053376975,1.2015375291388
4,1,3,-0.13820476318095398,True,0.42537539012236264,1.6148781142864563,0.10625046001682477,10.552411205819906,1.3554436583261233
4,1,3,-0.177157760039161,True,0.42455516532405224,1.1968330199800972,0.17070672866786726,15.1871386949895,1.0032435124294148
4,1,3,-0.10408498171625544,True,0.890287098831535,1.3764808632705923,0.1404718466837745,6.935695933195997,1.4610033328686955
4,1,3,-0.036258442500389766,True,0.5959100119039102,1.4690483150196842,0.0596419539585317,44.761400441333,1.0427606267456153
4,1,3,-0.02252570185227494,True,0.28819051366016823,1.2302842222974228,0.02967863930760411,30.021046011364636,0.8883695984896671
4,1,3,0.0034716761291176197,False,0.006636648936794093,1.8598186141691624,0.09210880887827594,1736.1826299996126,1.116807662622196
4,1,3,-0.053420527672604204,True,0.22208193785321376,1.1505526751463415,0.10832838269751607,14.581566482517836,0.7061501175183114
4,1,3,-0.05555292480113973,True,0.16044393914688493,1.6981598097202248,0.09243946595241764,172.8066141069888,1.4679679300071145
4,1,3,-0.00016891500410209752,True,0.03987188003556777,1.3365646725620877,0.10124331449786894,90.75999509975007,1.1173651918300043
4,1,3,-0.007965395728991775,True,0.1155950984404072,1.571612216045986,0.0601851649665821,38.956700799620705,1.0068509327878221
4,1,3,-0.010647529415274559,True,1.2202706539888233,1.4164293805984909,0.07314529788390903,57.34785813179366,1.1752041843766456
4,1,3,-0.15818500313497535,True,0.650605440973919,1.3094516890017975,0.2060153331978994,176.01731091332044,1.033527730384706
4,1,3,-0.10835410383834512,True,0.0037522174325505227,1.3687216893151901,0.11578039075865053,41.3420664637562,1.0240056304064251
4,1,3,-0.024760437620965345,True,0.5701331880274828,1.4117564021877456,0.0563320171879633,34.32296767466661,1.4350678689015886
4,1,3,-0.0028928776423174374,True,0.1569113671199051,1.574710584025065,0.07355259784627785,41.2012282752719,1.1871796922337448
4,1,3,0.010890537660141942,False,0.8569365409567498,1.9766611677509682,0.062427119853558144,67.66381264785367,1.4654290229762912
4,1,3,0.0022159394333700344,False,0.47864419719926826,1.1531437899723809,0.058070191898149257,213.34441895732473,1.0240126713633306
4,1,3,-0.12834665177316454,True,0.10604106278878826,1.200177373374812,0.18446750777816828,11.728203413164092,0.6141231850406844
4,1,3,-0.008769336272782303,True,0.40065899462022114,1.4436033233252628,0.13283942565317203,16.62731584801315,1.1761006545808501
4,1,3,-0.019888915848021646,True,0.2769328080131674,1.4153264707015323,0.11044770247445249,19.75872202696683,1.1469650134385398
4,1,3,-0.0002833173605572891,True,0.08362931606469216,1.0702146384704456,0.04587810059239564,28.44050884684431,0.8121919518953622
4,1,3,-0.07385188124450424,True,0.10257945488584758,1.3828266934861546,0.07670866263368345,450.32449099099057,1.1817645838829776
4,1,3,-0.08163776374171625,True,0.36021523652315035,1.3947007591068983,0.10012187833191984,19.578145612971603,1.012684862951904
4,1,3,-0.17676987158007515,True,0.2445686137712458,1.3647049605722081,0.15997252230826392,7.698732126652063,0.991006124800376
4,1,3,-0.058883101653170955,True,-0.0521849175055612,1.5671309248284833,0.10860377050182338,42.85169015194036,1.0464161074250447
4,1,3,0.002268317126979974,False,1.280953297495948,2.0089077546223417,0.07748534205242548,178.7196489040378,1.4353809972943714
4,1,3,-0.12718079667937293,True,0.1063405466497042,1.9820693478190674,0.12234961925475409,95.08318077907312,1.7579893925821235
4,1,3,-0.0915094906427228,True,0.31619024335378787,1.2546251738964649,0.09769338724941205,21.893214076091464,0.9675360301908115
4,1,3,-0.021678581685079776,True,0.2194606339888513,1.5248258620096204,0.09029379690997096,301.004688685348,1.2673223366704416
4,1,3,-0.040180050385000596,True,0.6346669967223143,1.3786870130860525,0.11314273803295237,10.088522946780246,1.0612156814515148
4,1,3,-0.0024720508874396924,True,0.332129787647734,1.5811878230677767,0.19210233577357488,112.9577471047829,1.358994834555412
4,1,3,-0.009234038084705506,True,0.11612813618255234,1.69316643021569,0.0679850894223921,367.7691648413871,1.2735397293881139
4,1,3,-0.1813296971605103,True,0.061565713117870687,1.844360889434508,0.16832235065745393,24.333839386751734,0.9872769521360868
4,1,3,-0.001524353047535533,True,0.4756239069609382,1.3567064572358651,0.04807880147497175,37.358974254388336,1.083946875326676
4,1,3,-0.03579843159585961,True,0.09472971851207623,1.3748582162969627,0.28068736078857354,37.80563832099937,0.7530042542272251
4,1,3,-0.02840476769352148,True,1.0259743444883513,1.8753950897399532,0.1481057805989707,13.62559960263667,1.3577670233889765
4,1,3,-0.00014988854814435015,True,0.07818349042555257,1.3972023225195822,0.06250242560802488,1367.6701856262493,0.9698878855244463
4,1,3,0.002843373227676153,False,0.2085771306134053,1.5057384513190795,0.054465157071950855,21.34058550769211,1.0681811099365692
4,1,3,-0.030959386720654465,True,0.5951903322362238,1.1970956111447468,0.06125401195168301,15.709809808441262,0.9715407805607644
4,1,3,-0.06498805200404344,True,0.6949071113514512,1.1750095273031775,0.04504434384072932,14.491818822325266,0.6172007246167167
4,1,3,-0.0007202382937567156,True,1.0145941804406444,1.1643061748939605,0.05339346303681849,284.8106484217048,0.9849720642302863
4,1,3,-0.05610151660944811,True,0.8193816719855066,1.5513218683775538,0.08934928068241867,30.573550679958053,1.1956711986258317
4,1,3,-0.07251078724812718,True,0.8562939811021135,1.6499338822754683,0.09485185028535366,760.7106408441728,1.1859790576860028
4,1,3,0.04981625777987234,False,0.4762554763315183,1.1467693017239686,0.046124304605652006,23.69843072473829,0.9967377813819451
4,1,3,0.015888964418328225,False,0.10956640728046636,1.401946573598615,0.056824444444324336,481.8351413375228,1.3895011970962459
4,1,3,-0.015420775590992539,True,0.6694128147195254,1.7373614841028748,0.08291305359737668,44.58636961301337,1.3630066250178137
4,1,3,0.010012362126001262,False,0.09867522905428248,1.35295297146444,0.1383643356666055,16.291539554493962,1.1982663866282202
4,1,3,-0.053927323029734686,True,0.1946867797111903,1.6408840710760195,0.10777128920261989,10.52216923559774,1.0597720237033816
4,1,3,-0.1258316319604496,True,0.03457814641579085,1.1526783300950263,0.06624212224100307,55.652860040038874,0.7777156415291562
4,1,3,-0.013828760500997333,True,0.7687320380947349,1.645630910099248,0.0856055919491167,84.71184718841661,1.5684902888362269
4,1,3,-0.042655515425850714,True,0.015298338768364428,1.2993041908386977,0.03398216681268871,71.64538321837884,0.8295962481227973
4,1,4,0.0532009418951961,False,0.24210627030236598,1.4094692090596275,0.021157121119829165,105.06835791399037,1.2929126693125819
4,1,4,0.01283997937724967,False,0.14795684303301423,1.8728052401562858,0.06270466739033081,2523.927741299231,1.5053810961461336
4,1,4,-0.01592536811372804,True,0.028742345183487183,1.3223892066929306,0.08225336752634928,384.6657552019648,1.0552330994530847
4,1,4,-0.06244727978959576,True,0.40598215680793037,1.474433784756742,0.14903926476195004,208.5597604807067,1.136215661975536
4,1,4,-0.000803714442036428,True,0.7204144125387338,1.3412597872535055,0.11154150816673522,103.2073603105678,1.3680768435877548
4,1,4,-0.13053041182541175,True,0.23586476541422943,1.6221404350712232,0.11208444510012973,18.95307319317662,1.2875808666438682
4,1,4,-0.05074520013870302,True,0.007939063054544592,1.4502375550591828,0.05388534440180094,184.7359268696573,1.122352672812762
4,1,4,-0.11853935118648198,True,0.4644303514532139,1.768584496571938,0.11959447259760689,15.448428675357134,1.632074461910478
4,1,4,-0.003406491041256121,True,0.1619415390224131,1.302359424957597,0.12503873552997108,162.6242449550614,1.0407856725989733
4,1,4,0.0027483269763127556,False,0.19309417605145118,1.6344131264646897,0.07254526019320304,42.87816265765288,1.4351198742568545
4,1,4,0.01140034144430406,False,0.2291382785601064,1.1955799207649496,0.03885997147568603,296.37769605687544,0.9798000357684111
4,1,4,-0.0008898707885805368,True,0.007891662125798815,1.6431823030726327,0.06316871230230382,283.9552077143449,1.3262427415644282
4,1,4,-0.04117073996390416,True,0.2111344574218909,1.4633232271546641,0.11199777004708653,32.75782039116152,1.2201389616602383
4,1,4,-0.05516251238528742,True,-0.031724199395562286,1.8673323585165522,0.13341020627413452,127.44797675038056,1.374985466915051
4,1,4,-0.01902662747002371,True,0.14936414281017907,1.6737782709209141,0.1546009836069457,15.956931599254053,1.0848176551856794
4,1,4,-0.0018508260583718348,True,0.7437060844036885,1.3172880568584209,0.0408021002693337,1941.7719712176042,1.4014830666991556
4,1,4,-0.16322634870596112,True,0.2032508883120362,1.5158512685661754,0.0959267230923295,5.264987279477853,0.882800947188511
4,1,4,-0.06333883784247568,True,0.7170376193062252,1.3776203471372088,0.09683880259376403,115.65153923816082,1.1063028355608278
4,1,4,0.013703942180671724,False,0.06595663585217311,1.4330060328573078,0.22054436467820104,92.71227416075709,0.9522411394922804
4,1,4,-0.012848854318959102,True,0.037398566014671515,1.3548849493548105,0.07491487743853814,35.773250272780665,1.3171297907082722
4,1,4,-0.012066815612027949,True,0.08714226088468321,1.1758856644691373,0.10588213769693154,17.695770180166562,0.9246823107764476
4,1,4,0.014140496093756432,False,0.6070939173675705,1.1887267195290652,0.05852454183859971,409.1389473354349,0.8210020939563989
4,1,4,-0.06530884781539957,True,0.21920380300303444,1.6123933053947264,0.13678943567353208,72.48420899643999,1.0878336382226494
4,1,4,-0.18293446767963772,True,0.2667211690320752,1.207861483838958,0.1247244916990411,16.125141338544278,0.9988122562260636
4,1,4,-0.002888935342684382,True,0.24494295127577775,1.3851445183152973,0.049013937204149684,1586.5267186651088,1.0387748764698739
4,1,4,-0.002980178434922688,True,0.08055237575914477,1.333726384188562,0.04278881399802529,39.81134256343737,0.8602503349772094
4,1,4,-0.19962282879453563,True,0.9583696814878286,1.5529518944805882,0.16588805969523387,17.87900334583804,1.4957390560050607
4,1,4,-0.1339148623681626,True,1.0622469910336105,1.3200048309149155,0.1186296667107528,21.41839501804726,1.6324203439503189
4,1,4,-0.07658927299412249,True,0.916724270012858,1.3917731349462266,0.07804738997463014,45.656748775983544,1.1871838604072729
4,1,4,-0.013551076064431296,True,0.272191634505782,1.3093401773869178,0.1262020447408455,321.58972819691803,1.2667775447784504
4,1,4,-0.017019003073381892,True,0.18242527360120317,1.3872356885971564,0.0731072667128792,24.256354719459257,1.2139471184622777
4,1,4,-0.3230295608596206,True,0.5543091159274337,1.6597046400131648,0.2506311285515916,72.62917438263968,1.420847731475543
4,1,4,-0.03405415616753521,True,0.06344028640894799,1.4230492767351453,0.03954946539010245,43.72603901551212,0.9152984402470857
4,1,4,-0.21517115955476462,True,0.16478311975794538,1.3729074001851629,0.253589875208172,27.122091299416635,1.182981949000984
4,1,4,-0.010535771717520036,True,0.23668975560469352,1.5640006565840585,0.1760900076288015,76.03800116114809,1.0508527905294471
4,1,4,0.0007813086791963849,False,0.2338465800098839,1.4810040178207968,0.04023255731901827,185.85082523289853,1.4646449513393025
4,1,4,-0.007624780757116571,True,0.3989040696872888,1.2048473728891316,0.02143349909975061,418.5575830406815,1.268948752270744
4,1,4,-0.00952948416426248,True,0.09444445584569466,1.2564458972818586,0.06772970524913777,149.18270686717526,0.7675805780725048
4,1,4,-0.006291135584099578,True,0.08124313548991163,1.2257325995327013,0.047188001580944265,51.91932239135182,0.9743910666714224
4,1,4,-0.0025295127382962213,True,0.9140695618070773,1.4490681812755515,0.07537092108220156,59.54449483998584,1.454447486580191
4,1,4,0.008641852124589042,False,0.7271989216674424,1.5933308612972248,0.03236131679935017,70.25156463641619,1.3829151842470067
4,1,4,-0.021957502014237296,True,0.022731238559969752,1.5673600801874499,0.09212504743632471,51.1172081988395,1.1785822376075559
4,1,4,-0.011814478388906195,True,0.8829365613382707,1.3730333579020046,0.08575125938546234,17.5987815750779,1.1999096368381954
4,1,4,0.011001740916843899,False,0.04279359953970939,1.25685943258578,0.12716670590999735,73.4462738347598,0.9892987216623856
4,1,4,-0.16138462671234233,True,0.380617130657777,1.4029742577379978,0.09128401476044598,116.48284264968346,1.1309432709543423
4,1,4,-0.004280329417045172,True,0.3025237416610292,1.6690637529233212,0.0597873782386917,60.50755201405416,1.4564859375998325
4,1,4,0.015561243043536335,False,0.413340983032474,1.20783949258814,0.04856377437393318,98.42866202802107,0.9938573003362434
4,1,4,0.01670458775217279,False,-0.005453353780606266,1.8663277294632938,0.08401142666499466,24.19758528545033,1.1553528610335968
4,1,4,0.011298445780618569,False,0.36346188955530984,1.6995181282771823,0.044772996291001836,43.68679728969044,1.2943936924712565
4,1,4,-0.01468146084508301,True,1.5601840749818026,1.7392895549248504,0.07944527679142431,29.311066100309127,1.71254019636318
4,1,4,-0.001480285382194278,True,0.35211088792081036,1.5637375183710622,0.11040672843302687,263.92472895370935,1.3709465215687715
4,1,4,-0.0019671731504088403,True,0.27875164281838843,1.3851877260919547,0.056502387517229205,31.19371214423324,1.0471792956858055
4,1,4,-0.012925657743537418,True,0.26342880387201145,1.6021494240774914,0.10221017115306817,87.1100396209772,1.3416547764532818
4,1,4,-0.04062936037325462,True,0.41503289220683315,1.349581005413739,0.10331668812260417,337.5426428313011,1.324210865007992
4,1,4,-0.12089070662572092,True,0.10426955611386535,1.30736529076483,0.10376836732537406,7.282263118667985,0.6584935619052881
4,1,4,-0.1444851020128007,True,-0.014626905002910983,1.4758677140619227,0.17233265167675788,267.48263571034164,0.9971003597611507
4,1,4,0.00759614316106473,False,0.13113544695034027,1.5214240076328878,0.15320737476506394,57.5632951389523,1.2326228129511991
4,1,4,-0.03225009099222041,True,0.07001186445664948,1.3620735265422133,0.10027731660202867,157.70333341049377,1.048879149125894
4,1,4,-0.0223996023565993,True,0.45447930717082713,1.1011230639919403,0.09727751905629169,8.37479710265228,1.1071415966403466
4,1,4,0.0015707681901523853,False,0.8700140767718519,1.363724499787282,0.04431106976982365,137.2578539787878,1.3335935638618528
4,1,4,-0.017012244903204264,True,0.29219804407043315,1.5368334988234116,0.12897236961461217,536.7864552690249,1.1623367541788128
4,1,4,-0.046988474974692884,True,1.0123883597484877,1.7458077202455997,0.08089176732567989,35.35426669680053,1.6481619760974793
4,1,4,0.0036849194057497156,False,0.401268091724119,1.2538200756489761,0.061704309922239096,32.70143291919496,1.0534537466559866
4,1,4,-0.002482956510799644,True,0.137921329242197,1.2436742995316628,0.04596078125308429,47.123683830347346,0.8312789058952397
4,1,4,0.00223665883386765,False,0.4463777525500532,1.2643920556808361,0.08040422075987483,1096.3718087782868,1.0560103884627834
4,1,4,-0.006422955730656495,True,0.23189963464227675,1.1794821804539781,0.07081353802524713,191.45134716299933,0.867050444007484
4,1,4,-0.026915994347259737,True,0.9014291935723906,1.2462581998908744,0.08668959987553354,95.65518268706019,1.3971299034080866
4,1,4,-0.006643899705509579,True,0.017616828228192695,1.4461994964141673,0.093443861163607,109.18273472781473,0.8971335760498937
4,1,4,-0.031170805934144244,True,0.15089229040458307,1.4651497487509055,0.10580376514675847,465.3618561361749,1.147472324317367
4,1,4,-0.017624653084120964,True,0.28783385804521133,1.4650324921038238,0.0587334990996289,36.1122261789687,1.2124782178259133
4,1,4,-0.04725607710026271,True,0.17109691666884796,1.351209265356156,0.03265133225310811,26.46988581227221,1.0693415245331772
4,1,4,-0.029502454732859226,True,0.7815341646687949,1.378087838314411,0.04092878560468347,48.53424452959699,1.243960909080224
4,1,4,-0.1929148294476874,True,0.26467177921474583,1.6432658616143536,0.126747010752081,408.6673584568464,1.489097058736839
4,1,4,-0.02086456913572336,True,0.5676641260196602,1.3487685126578701,0.06312740914783029,90.54003934754503,1.1410460627713621
4,1,4,-0.04218504888945829,True,0.22922853849791514,1.430518405343597,0.1276067953734494,6.33623766304538,0.8815141438742841
4,1,4,-0.003968566212383104,True,0.12862437547111766,1.5687788471386748,0.047235690088552225,179.7030953143013,1.667210648662796
4,1,4,-0.00578984449519497,True,0.4119279828741617,1.7649474369857154,0.08960461821889994,130.9142119327439,1.8287769192326104
4,1,4,-0.014545671358996457,True,0.046956003953988405,1.3936387175469112,0.13564052455843648,34.83157966901204,1.0444294261045752
4,1,4,0.056505970715573534,False,0.11352157861050996,1.6086737534809668,0.14931697313406758,89.60076197091861,1.094630174570004
4,1,4,-0.0007387695392206763,True,0.19556371171144882,1.301676717040115,0.07187498740672535,1942.2771360322388,1.0065521204802839
4,1,4,-0.14260253548903992,True,0.048937229685543475,1.4618551934981407,0.1386067884588096,111.3232611664316,1.006018208648252
4,1,4,0.0010127341276128673,False,0.6012198727970128,1.5591603002905576,0.10153102076530798,228.04673217512317,1.4635652389157312
4,1,4,-0.011907239857554708,True,0.7203826320099864,1.5542621813278223,0.13408264061623776,520.3460999652121,1.3636013120177028
4,1,4,-0.008910045084725787,True,0.21728473242638147,1.5360625379587365,0.07533954631743667,66.8050511706611,1.1264330970439544
4,1,4,-0.04500675297930936,True,0.1535275787245425,1.5265522408983694,0.07728475768822957,14.859961355424595,1.0036647833271015
4,1,4,-0.07688729043047843,True,0.4535759334464555,1.5270679816004036,0.09608098093622194,37.92159990362686,1.3830399180315083
4,1,4,-0.010006708879631428,True,0.640887941382526,1.4602374063108239,0.07919063436503701,41.46655077463825,1.3549330681446572
4,1,4,-0.02433178645754534,True,0.08436827469401831,1.385800886676785,0.17286064687408806,21.23498543141133,1.081420445160074
4,1,4,-0.10693471470471325,True,0.032337542478527,1.9402479225863556,0.17044950499504888,37.86686131862722,1.6544068126000449
4,1,4,-0.001076562365105368,True,0.9188601495980568,1.5035865634508254,0.05445589946889261,144.81270505335135,1.4265856154872003
4,1,4,-0.0494838682989866,True,0.4121025267913303,1.9679447838525295,0.06962727859021424,541.7158627861425,1.419581147905338
4,1,4,-0.05971058355966974,True,0.16242555683507964,1.3541559527507454,0.1476413977092706,49.464978889062294,0.9651797195889129
4,1,4,-0.007022816744661874,True,0.15582170414327925,1.3806928833978607,0.07058577723902869,158.2331838779272,1.2938674349895707
4,1,4,-0.013494986132326057,True,0.6574413908598931,2.1183937566242106,0.0743998093467487,57.956774180537096,2.2406058109961524
4,1,4,0.021204205651490605,False,0.9027963926934608,1.256002827529307,0.02567905513392182,56.801305801678765,1.0054747600278477
4,1,4,-0.025626110920236075,True,0.6691977194575929,1.189488058699467,0.03020020953845446,46.86868010117904,1.2535852569313428
4,1,4,-0.11677931079422164,True,0.21556958611767274,1.2324322137273214,0.13368717925668624,98.46466178635649,0.9204739571932339
4,1,4,-0.014231114329436021,True,1.1935340627348312,1.8055430006608757,0.13328136807707217,94.73877554215602,1.628827187522706
4,1,4,-0.030292082898310535,True,0.40764631168443954,1.479586319067105,0.15683372234606538,22.113322645836945,1.346853617019339
4,1,4,-0.006884996876980155,True,0.506228839367,1.830440318120044,0.1524728229934735,38.756226499129475,1.2994128146998243
4,1,5,-0.017780373436771732,True,0.21382583583908446,1.7894557276021865,0.05321611110215936,77.08027428687933,1.3221377085843962
4,1,5,-0.03327159438787331,True,0.03452977412591122,1.3545664309151404,0.15092268659638625,118.15024809985492,1.1378045694652057
4,1,5,-0.05123937364213299,True,0.3346927600177282,1.4721339407805454,0.10003593670554595,11.657101466583873,1.5380570146586965
4,1,5,-0.039590555206170545,True,0.10538758863183462,2.1461975264754076,0.10488749069971326,30.95167253113774,1.5371988798730736
4,1,5,-0.028459069347566535,True,0.4246461677598773,1.6749533801057503,0.15863611905265765,522.7327945174308,1.4343847660131137
4,1,5,-0.007684772011664457,True,0.24328220936439732,1.2957775256382156,0.05795917010888458,324.1941671095192,1.156863273974905
4,1,5,-0.03280000151756507,True,0.23314699289698074,1.3912183058158354,0.14490829071489178,26.470952289027625,0.888054114846285
4,1,5,-0.0308198694736015,True,0.16337483884717063,1.50962855422168,0.10401459307126641,136.72618990739642,1.1290260109539807
4,1,5,-0.04941671422021156,True,0.4025998179020371,1.6164553148301426,0.06972338576569788,29.795534828040935,1.2474210251406952
4,1,5,-0.012418800144800153,True,0.0010407439816901563,1.7823753994494407,0.08579508772868472,1127.6216930505047,1.3000138642225003
4,1,5,-0.0542636292085145,True,0.07802481630699865,1.425436049938043,0.10870226656555713,36.48872211198353,1.2184461526559003
4,1,5,-0.037146661120677466,True,0.19946962522755804,1.1896835634236742,0.14706011383790496,35.68877748326999,0.798273294054356
4,1,5,-0.10670654131561218,True,0.08291086164867713,1.40100555278882,0.09755470998187088,20.920831775487628,1.0079475703602916
4,1,5,-0.06416580561375368,True,0.5387991227192224,1.1119209078029944,0.062005586221209906,11.731920179515628,0.87597064632235
4,1,5,-0.14347650198806974,True,0.01892092863409652,1.1279022831824501,0.10928650561836495,45.86704516973919,0.6810130773065344
4,1,5,-0.05442766393934014,True,0.8128156857082931,1.6807606471517178,0.07542846723981629,20.14104517260308,1.4126161272346427
4,1,5,-0.04552640997073176,True,1.2023096869978271,1.52062687335603,0.09824890488177668,69.39722428679698,1.4440435080431435
4,1,5,0.009482314596823336,False,0.11336734789090547,1.188964827339019,0.06140799907928747,300.30361958795817,0.8884567842708261
4,1,5,0.0008879397476863981,False,0.32923842834230554,1.4587117206635651,0.049273924021580186,1403.5660570171965,1.3065693574977912
4,1,5,-0.02425639852445417,True,1.0842551765607094,1.42825059324316,0.17335587287001705,14.36913136908115,1.1821290205023667
4,1,5,-0.07190274574929299,True,-0.016329565035450598,2.093340813500636,0.0841762275539075,326.1879446096721,1.549015094581782
4,1,5,-0.043949587265845025,True,0.23927313379575973,1.3556842797721689,0.14208904581679946,38.34318220891611,1.105026390318021
4,1,5,-0.01996831626346191,True,0.09742003440624956,1.2940191776423624,0.13478422579295035,147.20491752193,0.8838055782349902
4,1,5,-0.038179265351638944,True,0.3596131274216206,1.578711699407854,0.20407019811967164,42.3691962993733,1.3579153481707245
4,1,5,-0.020523241989498668,True,0.2590989208233177,1.365085908090544,0.06822243186511423,58.524655895421475,0.9814320262093408
4,1,5,-0.02588651849490502,True,0.03815078075306733,1.1634967753092527,0.053044739405120216,69.94512462438173,1.0093682591175044
4,1,5,-0.10240239669481671,True,0.4846153724782091,1.2311442363655867,0.06897397888126769,31.4376021251701,0.8514198665728338
4,1,5,-0.06473240259724672,True,0.5152651412307871,1.6819164651068252,0.09254997534068113,14.642644057917076,1.494154482675669
4,1,5,-0.12842463950916563,True,0.21221839161906797,1.3908527947551401,0.11502875398918622,21.10726482885513,1.1133090497338307
4,1,5,0.005722127151578019,False,0.8989315653732848,1.4055935312293004,0.12007533211248506,130.49312708580837,1.6279708461810434
4,1,5,-0.02817405662167377,True,0.25650184408045185,1.4088277349736753,0.09517933914383218,66.90709081584814,1.2247686654803676
4,1,5,-0.021169201907162764,True,0.28120174074987314,1.3358778148184376,0.09872608915758012,167.27452370332563,1.0710533322738196
4,1,5,0.01392056689209976,False,0.20880735458379748,1.504781107667342,0.2712953204017379,368.363797352319,1.135961771807199
4,1,5,-0.052605274721216996,True,0.2941897553928729,1.4429830513945743,0.11262167465531242,33.414625804783746,1.139026644247825
4,1,5,-0.1368550763885027,True,0.09376173768122352,1.2794361351555725,0.1256688139340859,25.21474828618632,1.0862326586034825
4,1,5,-0.10780622366436854,True,0.3171242225887563,1.731849490649895,0.23053742503710312,984.4411270030942,1.102696669297921
4,1,5,0.0060056842917317055,False,0.6741598727471052,1.582260375218509,0.1962123820563175,40.86250543006085,1.3180140849414537
4,1,5,-0.22887828436557894,True,0.9786319780682442,1.7254383078110629,0.13225696148789104,20.005058036558285,1.5468369662839732
4,1,5,-0.0018054144163335499,True,0.6489605027861962,2.282862478735572,0.10867227721449214,120.72364183792168,2.0324775247086984
4,1,5,-0.028434837116067046,True,0.6299809082738663,1.3451654906966246,0.12846518927869183,193.8255868158385,1.0873210535727087
4,1,5,-0.0197307038434939,True,0.24105142240544117,1.62987993395312,0.11627616011645661,93.40203215618268,1.2228346687781975
4,1,5,-0.08307226586811686,True,0.22646817209411416,1.4494572334110318,0.07826533208667824,36.52567565160628,1.294283102159465
4,1,5,-0.03436609339379982,True,0.4039549412831988,1.9759025504254726,0.09437689688042308,82.6129742852454,1.8620334880475344
4,1,5,-0.0021014099202024275,True,0.8102048310472639,1.4143324700455404,0.024911726975900852,1015.9986820150147,1.1573670300369912
4,1,5,-0.06615137151248801,True,0.7971182297496098,1.5245067141339144,0.07081815248472709,265.1709735582532,1.5213149894724303
4,1,5,-0.04144581082043744,True,0.29968096771860864,1.1942221424331119,0.10762544162911095,154.9676009131322,1.1361792538738038
4,1,5,-0.025528712438456808,True,0.09168149765962061,1.1692798548370023,0.07678630077252194,155.10066193258982,0.8317592286633982
4,1,5,-0.08373365221635377,True,0.31111762671494037,1.0409567497907994,0.24527377440316692,6.290380835013051,0.7376516840345094
4,1,5,-0.0413079832816901,True,0.6626324341833284,1.3596778935824687,0.05720776049384808,23.83756878928415,1.156099525552265
4,1,5,-0.04915365160390127,True,0.26096152845103116,1.3777833101434103,0.07555309705877261,71.850789112412,1.044520117064644
4,1,5,-0.04307822723316024,True,0.06861168992445421,1.187369052853018,0.08269632181458385,19.261390478541358,0.8279336967547278
4,1,5,-0.052744375830518685,True,0.4490123218892908,1.6855942725032949,0.20076663503011602,313.9316575108601,1.4523103959291253
4,1,5,-0.08946982044288077,True,0.5712789810045346,1.40776747628072,0.11377192936950618,12.673900174611441,1.5697903293293318
4,1,5,-0.05206406339321902,True,0.12036839471345251,1.4320791059522198,0.03010518398516867,83.40155713239244,0.9884165493514789
4,1,5,0.0022782626743271393,False,0.2641685380522292,1.0965141336552597,0.056794004677439065,44.60203346376532,0.9788746832922018
4,1,5,-0.07075831264050475,True,0.36365188862943754,1.2973196818859587,0.05324311923741226,134.60442381364496,1.2434285468904456
4,1,5,0.003822946058800778,False,1.3551251229659798,1.743186662708645,0.061156883300251756,357.9995770013899,1.4232464169557377
4,1,5,-0.05449860012591432,True,0.6301861422896652,1.559918338008398,0.14610331779051927,28.959283617895206,1.6603187638824222
4,1,5,-0.022543436436064358,True,0.902719894973814,1.4036879648048848,0.03967590189887979,56.16734640349833,1.2720633147479725
4,1,5,-0.01708782923205291,True,0.12271989906502932,1.851223973952439,0.10124477332220883,59.72090897123902,1.3937791388083844
4,1,5,-0.019721085928404714,True,0.08184068737499027,1.264478358267059,0.12833761481058278,4337.158274956152,1.0830814496692864
4,1,5,0.03517069597563247,False,0.547106598431181,1.5049374240209723,0.09818767409087997,32.12440228910159,1.2146679853001734
4,1,5,-0.0011924398872062544,True,0.02568858232225163,1.4191782361363867,0.042509645063212975,881.034373743672,0.9660173013333908
4,1,5,-0.01476188349025309,True,0.2706788161360347,1.348188397104653,0.07088538007092186,106.27572262759125,1.275569999406443
4,1,5,-0.011124126260671094,True,0.04106218941004221,1.6396645314325098,0.07642815347739987,209.77240373750172,0.9733493449903851
4,1,5,-0.030141697549428997,True,0.21003153418528694,1.2817771352467886,0.08251501508252455,131.0301225940055,1.1167719446851705
4,1,5,-0.0264188377014717,True,0.861416114103491,1.571379537143765,0.06743473044579715,46.009182688422904,1.2730323189775934
4,1,5,-0.052439615977952256,True,0.016724095679029913,1.2976609375416979,0.1841702062545451,109.20002187863115,0.8775202948157503
4,1,5,-0.05294228964439553,True,0.1924370458418757,1.4555427171706057,0.07668428768703944,47.81763578829923,1.1181288172753587
4,1,5,-0.008749230228988769,True,0.3501391820674686,1.1289796023884973,0.034677771328281135,190.87988601583618,1.1609659773153798
4,1,5,-0.1455543121948683,True,0.04000635803416265,1.4231659532161027,0.10239286220876338,7.183255366470307,1.1078769235346302
4,1,5,-0.0370977359602427,True,0.52142717154079,1.348603499313119,0.13807713095293495,518.2030187741395,1.0419025462008509
4,1,5,-0.00795602807595308,True,0.7216156076237867,1.454207770576944,0.06562953487248349,179.5483248292513,1.5399286018182976
4,1,5,-0.17835808268122785,True,0.02257675760126985,1.2278255688494226,0.16221773285753563,28.05495107560653,0.7210269115748301
4,1,5,-0.02365633431724534,True,0.23756935564450418,1.3495660709646211,0.1272026223173673,26.356463129170734,1.2207831792626573
4,1,5,0.00038969887405535875,False,0.29196816377924373,1.2957861261019799,0.10956862250439867,1195.7893162259666,1.0644582600414272
4,1,5,-0.10916874845610146,True,0.11352454587511099,1.4523279995849525,0.14517287993269237,569.2171513203575,1.086489089284113
4,1,5,-0.01772174456669079,True,0.3494419513507026,1.4275573620291115,0.07617546151006417,10.485305085979682,1.1416601614198325
4,1,5,-0.0028709343678708253,True,0.41781971404812634,1.3496062990092579,0.08693431649969027,51.101075087685885,1.0974771092396196
4,1,5,-0.030448564049785225,True,0.40897309220806405,1.5288669567810549,0.0635576380835025,121.51081228073939,1.0833820138557626
4,1,5,-0.08785809764592165,True,0.18196983240651216,1.3987976484659848,0.10128817297595476,35.39446569785165,1.1744228917608974
4,1,5,-0.08494231814685677,True,0.21462377985283693,1.4785662834259876,0.122673703979344,45.634360945985726,1.2811115313028214
4,1,5,0.02377546344607867,False,0.21535869745923686,1.236309958853364,0.10212258832700724,273.01018049029653,1.2234937481718635
4,1,5,-0.03340088195195548,True,0.05186787138371937,1.8545007135468616,0.029974514419977498,102.46237921548406,1.4956992395444393
4,1,5,0.008881046005829153,False,-0.022843195840728303,1.2674539812389,0.2506929602655039,35.79013960443592,1.01163959920103
4,1,5,-0.1022506366052825,True,0.17966936269142217,1.562776306507638,0.09303179962772351,14.152649906878608,1.4154505767559282
4,1,5,0.013158585486925806,False,0.4525663744591818,1.2210369227628153,0.07903588198628199,31.616132223117322,1.1681770543399788
4,1,5,-0.0008906773024560178,True,0.276439445068151,1.8113910219603035,0.15283648999574942,274.1039095261775,1.3810869252435183
4,1,5,-0.01654793303117812,True,0.5992682566344454,1.4717315749768003,0.07571694848702697,101.92624552338566,1.3051885709415965
4,1,5,-0.05123442020973566,True,0.3193692377426324,1.2553143125482604,0.12264328143690399,61.40569143457852,1.4632960952005687
4,1,5,-0.018724644541510196,True,0.714413683409799,1.305591847629756,0.05128610168218918,21.680229874776053,1.4120052172084816
4,1,5,-0.04528413445027428,True,0.2852863033312726,1.619244917292862,0.20388455020883672,21.396602217586338,1.3106340136614303
4,1,5,-0.020524620459603144,True,0.38118614564375397,1.6625306582658004,0.21191353669475638,15.871564618687616,1.218766846467745
4,1,5,-0.06723576892534322,True,0.27830312977726,1.2406708843150167,0.13564945544158485,23.405721856438404,1.04592750364816
4,1,5,-0.06782248285974235,True,0.1515346700593953,1.3313893218397623,0.0535036132658297,37.280330437925635,0.9071365631393832
4,1,5,-0.01404448477795961,True,0.6226940946208058,1.1294095527926171,0.05833750926011977,63.00339435378893,1.0095334335612731
4,1,5,-0.08134124847621993,True,0.09475603370643526,1.4892414841068193,0.15654855236906015,16.86318030817233,1.2587478279930246
4,1,5,-0.007128079576662458,True,0.39316128081390433,1.613815538498791,0.033658790149814585,695.8393782191483,1.6106213727681518
4,1,5,-0.00994807237223383,True,0.3330557406012559,1.4272236018259272,0.28298970217393055,156.29982450400735,0.999180272046941
4,1,5,-0.07056160599473836,True,0.015485178285878684,1.732710007045565,0.0906219857801744,170.97467360546366,1.5879094777079266
4,2,2,-0.01740230232680272,True,0.06974357573052195,1.2812360212997405,0.07228154342355053,68.70732208021906,0.5383117376864982
4,2,2,-0.059861721083760436,True,0.6703097230056222,1.2676248395386107,0.1998366810993413,6.129215088086971,0.7171373854637891
4,2,2,-0.05278737318759705,True,0.7591770505644897,1.53250352498507,0.06628473736404501,28.153731091789385,0.6689959301958673
4,2,2,-0.017090125621103545,True,0.08403315554414502,1.6018831540826284,0.08525589242066811,9.751274880778427,0.7791247645674112
4,2,2,-0.3164662608871658,True,0.0064372852066142405,1.4548373643338595,0.13809012314264907,183.99578131335372,0.6270685998578814
4,2,2,-0.2356789058173687,True,0.6361991930518318,1.6260745768219214,0.12003966654076509,10.693251247561204,0.6226985468492762
4,2,2,-0.08638568578587433,True,0.26658001979614643,1.5925730177421182,0.1750134097710129,723.2994809326813,0.7278864308202924
4,2,2,-0.029597400309174546,True,0.8617730978756588,1.497662975602846,0.07787507136656246,3005.35926854383,1.286193064979233
4,2,2,-0.2114827051197729,True,0.11053227268326928,1.1213625970591157,0.07279492031825333,7.883393043597988,0.6463764763559109
4,2,2,-0.07310142850444641,True,0.06663534782512205,1.225764111743403,0.07849364967683073,76.09458815951831,0.5829953318501301
4,2,2,-0.23273287474023424,True,1.4060760500244638,1.9631925778598445,0.23930132745808336,30.136144473073017,0.6887971157145968
4,2,2,-0.04052513194148245,True,0.5320149393713276,1.5066333495792033,0.06562423318595771,27.93853128038877,0.7578082683182493
4,2,2,-0.010954769287126387,True,0.0023165815357973235,1.4303323978072036,0.02877451134369556,794.6492501612685,0.6231032556396805
4,2,2,-0.02926645107007774,True,0.19081795566664422,1.2224014256656692,0.043931405450450815,21.402842528081777,0.9977731421642498
4,2,2,-0.03024102006026205,True,0.3971193380554161,1.5482731887365857,0.07454148595500176,28.984530945339,0.5698019348763613
4,2,2,-0.03934811807442719,True,0.2678273646427166,1.5990638764555525,0.05875041239086052,32.63476556756189,0.8681163942296376
4,2,2,-0.10308844386582922,True,0.25457390920200806,1.307481785850393,0.13688646133991011,12.944744735819306,0.9739496726835255
4,2,2,-0.13397731072706065,True,0.6244249446385208,1.2100044288380087,0.09021951215897488,43.01666988353653,0.8763465184617003
4,2,2,-0.05941655329570334,True,0.0255908823948787,1.4828971278824772,0.09517818562368652,40.56598560784011,0.665338352698138
4,2,2,-0.0323440656820176,True,0.1786858071265485,2.012841377412192,0.11431462772283202,593.6256506461592,0.7816822687611841
4,2,2,-0.05612545548150881,True,0.7923085101823224,1.7127678322566386,0.06025996361103183,21.998901771222155,1.2963642832244489
4,2,2,-0.06880459674355213,True,0.2881164277158473,1.5109513284734106,0.12292193921093025,27.062063215829994,0.9603665242673969
4,2,2,-0.08285219029832763,True,0.1505352036886023,1.5641973041583133,0.0385700262270544,61.641364645640046,0.7856888564811987
4,2,2,0.10619183808527335,False,0.03201373300290989,1.3173078026047096,0.02814619846266481,46.92057013637337,0.7313538175866606
4,2,2,-0.028781540142904655,True,0.49543930165686795,1.6425163936626872,0.13640264080119907,13.207785796578095,1.26320625926424
4,2,2,-0.021639336581856322,True,0.22867584167490151,1.4854178265728373,0.06696483514538536,45.3478024023699,0.8832928914510392
4,2,2,-0.07300179667811123,True,0.8242589027141506,1.6678062689572004,0.05179478253148157,193.75607113242384,1.0242784220088244
4,2,2,-0.16139897092527652,True,0.09168831059115712,1.2192560276376094,0.12181335462778332,16.10118035387887,0.7117210322212902
4,2,2,0.07262275241333564,False,0.045923182199595944,1.3281693716026426,0.06548178493595888,82.33711222437032,0.4300471965055522
4,2,2,0.01439388822326818,False,0.11111666755417507,1.6534457294091753,0.06933050246710247,13.925441695646379,0.8485747543941259
4,2,2,-0.11564372084856335,True,0.06977747683712629,1.8071068468932194,0.08264741798341485,33.36903035353376,0.6958804237811131
4,2,2,-0.06653160180811846,True,0.06558443322391402,1.5260432258715977,0.11880933895952389,117.55813197617344,0.8254776169721674
4,2,2,-0.11000440661057731,True,0.5504654148327458,1.4257201031378304,0.13048371971689124,269.85684730350425,0.8711976910678242
4,2,2,-0.06036149693413447,True,0.6304418712237396,1.4492636186577457,0.05525791270251965,50.58263313785739,0.9748507930162456
4,2,2,-0.18703709393495427,True,0.06560949616256345,1.7236472084528696,0.053731286327203795,28.616956788509885,0.8501974709269767
4,2,2,-0.06835958143087573,True,0.4277587717473361,1.3393613493045637,0.07426543452857128,43.454781734609774,0.8245382284031415
4,2,2,0.005185848870670486,False,1.1356939105760038,1.2527264849738255,0.05763208344886404,154.49421726925243,0.9131903974633092
4,2,2,-0.03659837661894311,True,0.3858372014060567,1.7470306143670407,0.06779656428181334,13.016330133835304,1.327858302200833
4,2,2,-0.03688248692671824,True,0.5440463790472553,1.2825487527714798,0.10309313326604035,26.493372810021473,0.6713719990786956
4,2,2,-0.06277018934199848,True,0.18029160363212565,1.5312976803497305,0.10001317921967702,19.135919030490303,1.0922293825496616
4,2,2,-0.016169769849611687,True,0.05706790598216967,1.2688228249038196,0.047689112121793074,1467.780416205403,1.0755233210166568
4,2,2,-0.08530856018696374,True,0.14559734456412687,1.372217121105515,0.09412257463001779,16.223030581959303,0.7298614124223801
4,2,2,-0.011254533829437013,True,1.110392858754211,1.2652619510020087,0.07048668567419748,70.80184102547703,1.1029642957620196
4,2,2,-0.197135619808626,True,0.1500946846188424,1.4742405411810444,0.06485436058467559,10.575857476314788,0.5305606871369539
4,2,2,-0.11623616562077811,True,0.6126360207145363,2.1112741146497,0.0861178722629406,37.84475859077139,1.3021701352046202
4,2,2,-0.026752600007001606,True,0.2701611478791815,1.2892518260040742,0.057428481656205385,53.27060942503373,0.8200722707781815
4,2,2,-0.060419751753736546,True,0.2337641584470478,1.293291190156984,0.046893638683056724,818.5795631393985,0.6559317213105277
4,2,2,-0.036967489715750035,True,0.12603805121568357,1.5639150834641398,0.06439274311137683,29.65207304492015,1.112384431027101
4,2,2,-0.0638190434223843,True,0.2810058630922956,1.2798018216780056,0.045797815495766676,12.077163866987684,1.0647058023993006
4,2,2,0.04597544811236745,False,1.1533834235497693,1.3847558803480269,0.05985821768249941,90.26453431502532,0.817714893906002
4,2,2,-0.2811429741762472,True,0.19664816323866313,1.7554155060158776,0.07070552556265568,29.894996721547308,0.9708127857360727
4,2,2,-0.13466434034113522,True,1.1974307442522505,1.6249215918565958,0.19820083230441435,27.6002328762422,1.1760703656271974
4,2,2,-0.13092301008790483,True,0.28285961864589143,1.2869117357972868,0.10564486473210256,12.770725859395911,0.44843865320203413
4,2,2,-0.059808628794616896,True,0.8870920075931897,1.2588047304381533,0.032703996287510556,16.275725934831236,0.43008486401074075
4,2,2,-0.12444944021811849,True,0.17142991021675894,1.153846958432589,0.062182458372507035,44.13505902243051,0.6069124254841771
4,2,2,-0.04388594391585594,True,0.11877993169227258,1.5820668241367577,0.09626151510243301,50.03591188532331,1.2844955915388039
4,2,2,-0.1990482662289254,True,0.26299058539126385,1.8386059095346956,0.08573790033263243,27.8475117850012,1.1847499331046718
4,2,2,-0.11914450340270716,True,0.5611102765748982,1.3484402260825004,0.06553235638356118,71.93225710937115,1.1514459670975516
4,2,2,-0.01782842321616432,True,0.21380935073250223,1.342110797967073,0.07191213255983049,39.50184563310997,0.5571295977769288
4,2,2,-0.19910676085883772,True,0.5538328141048913,1.6703975184030377,0.09491490434320901,246.98416457871252,0.9728044256408657
4,2,2,-0.04688599095227477,True,0.18679671793375102,1.1423683955497568,0.05771412776514843,96.89243114874951,0.6640247355927099
4,2,2,-0.11341141537215743,True,0.7202055016134469,1.7320603543944475,0.1561884057942984,32.240305191737434,0.7665378829880579
4,2,2,-0.022211076830567722,True,0.10403479211432452,1.3802741359543371,0.05765056772806361,297.0331525397897,0.8319243292971933
4,2,2,-0.034879836345056425,True,0.17561512830301837,1.4383664562488088,0.04807865535707734,57.52722238200657,0.9187141685498206
4,2,2,-0.1854026257031694,True,0.6804688950164675,1.9642403711632692,0.1652599370573903,11.679271889152915,1.049766385164683
4,2,2,-0.022246732664623375,True,0.16234698064078565,1.3454833249998215,0.032021330186203886,56.1956472962282,1.0160303864247842
4,2,2,-0.12602362841125017,True,1.4359399191999938,1.6205222927100829,0.08539716088073888,10.100534953855623,1.5974075737998736
4,2,2,-0.005981371181648427,True,0.36179269951832355,1.3991392950808585,0.032321247894982454,70.39910711783415,0.9656155281895936
4,2,2,-0.02386351769058366,True,0.6154898958142009,1.4190818322029393,0.05724462638158822,17.04896835970134,0.89750709307421
4,2,2,-0.19630947714635638,True,1.2945978237389948,1.3385115047435847,0.10110234677215683,23.041771773462035,1.176863278008383
4,2,2,-0.08566867393032467,True,0.1801005635678427,1.1028099837658294,0.0552628320291414,51.03989891678746,0.6474235459372066
4,2,2,-0.12345272548603341,True,1.3902209300500554,1.7093641496349903,0.09953320657405179,4.660291496911907,0.9340809395533036
4,2,2,0.07696876698793956,False,0.0595391963007709,1.3943996617853534,0.04273169569309226,45.13987867783093,0.6383696965591721
4,2,2,-0.09342946818535504,True,1.0685722647539275,1.1347430390334985,0.059789225219909835,19.07944786415882,0.688688769017355
4,2,2,0.004114920472051555,False,0.9826965698115577,1.416012639498339,0.03519684892223039,21.625491895991786,1.054129360748751
4,2,2,-0.05226265958595141,True,0.23393658783335475,1.4700040458865054,0.11136769333511927,18.0739096975061,0.7353631470371159
4,2,2,-0.053219818383758374,True,0.13178433908832227,1.4580383004518194,0.06096140953476454,93.32350874222378,1.0285975516871242
4,2,2,-0.05308857988357868,True,0.048607691726996693,1.1197516737525472,0.058463932519207326,141.91231427922392,0.5332369597938005
4,2,2,-0.18084864645813223,True,0.45260551960469475,1.9794715400025793,0.10893284786771419,38.58179294894618,0.8755812374077744
4,2,2,-0.051410719121477065,True,0.18240391656648836,1.6948536489638482,0.09773760798501464,30.73003958602467,0.9004173420066185
4,2,2,-0.041466975600588485,True,0.6443609117355371,1.1708915562758913,0.06748738170415924,109.61621975443114,0.7865269045287645
4,2,2,-0.0055958143146084575,True,0.3593451524249174,1.3405734240043454,0.06929842509805326,33.757603509892455,0.7977208400881094
4,2,2,-0.057577219336079226,True,0.13438890092083539,1.4713320679414257,0.122706651009357,28.209157949872097,0.7832671525683108
4,2,2,-0.05718951478515385,True,0.4968229497303697,1.2264896067038165,0.08034916464498551,676.6109327742626,0.9954209448638276
4,2,2,-0.041654400470132,True,0.13417176769985914,1.4769438808261353,0.07067557801043432,20.248239226208558,0.8123804951690742
4,2,2,-0.050587059539553524,True,0.6070162268280956,1.1908426488380799,0.06246145858255904,12.510405061330683,0.8571395637906726
4,2,2,0.011970026372507233,False,-0.0034419660627758464,1.2411099272888177,0.058668478115256134,48.80413050687684,1.001301427658252
4,2,2,0.008572366549276383,False,0.48453091089215855,1.5440165989053884,0.10801221920500371,61.47483364851173,1.1408584051322148
4,2,2,-0.03989779473990655,True,0.27279289074376706,1.7404845786688794,0.07968582565771151,14.789816593114645,0.8491985115586894
4,2,2,-0.19160286469754417,True,0.280063697214985,1.3510875618102236,0.06250625016161782,10.596776010944593,0.9771059326824624
4,2,2,-0.05930028384333038,True,0.14895599968244713,1.6159897558816034,0.1021300986717094,29.77990649305912,1.048159534602381
4,2,2,-0.057718124380250486,True,0.47954017668938176,1.2794435216159994,0.05353669103063481,40.917813213560045,0.6581784995151323
4,2,2,-0.19381579279102154,True,0.8008040249161434,1.6875600555445123,0.11965220306617205,645.5767727455897,0.6176360243390986
4,2,2,-0.0213453127454065,True,0.43874077364086905,1.4224949369674853,0.09205520611281533,24.37335539951561,0.9479308746383206
4,2,2,-0.03913285300708349,True,0.7813222940129003,1.4964740787579869,0.19001748226373838,8.620563053770868,0.893492258409895
4,2,2,-0.17358547850550266,True,0.185195854271361,1.8666806851529343,0.1297978768246971,575.6271031303464,0.9784433844212019
4,2,2,-0.011990487209992073,True,0.5604909339462868,1.79601275375428,0.101178826841211,48.424591140119226,1.1444436637213722
4,2,2,-0.10518922679405049,True,0.44076709876904185,1.497929720840714,0.10950385882845365,10.763226582335104,0.7414598320085202
4,2,2,-0.07458698635846955,True,0.004043937087416405,1.4536120050164476,0.09057713752470177,829.7791636184296,1.0446476966834066
4,2,2,-0.0672589700655,True,0.991356123131806,1.854861803483215,0.1600320794486616,134.765174991856,0.8747720163448174
4,2,3,-0.013757993039194331,True,0.738293475965539,1.6123870046745135,0.07840354925529519,455.0998016293518,1.4591468623054078
4,2,3,-0.019189583966751484,True,0.7124315508938189,1.295920319612859,0.05025138947256334,16.52938559416844,0.9128607386477713
4,2,3,-0.5366291992419148,True,0.16442569750443242,1.4651103514455965,0.22375600620957978,15.766952722496168,0.7959362160898252
4,2,3,-0.06495014029084259,True,0.339912943149765,1.2838314377155968,0.15762169012565874,21.15390423285757,0.9993291651503791
4,2,3,-0.051841056850297426,True,0.2921252209569326,1.811609159960445,0.11282288267119496,782.777231255238,1.709484666507176
4,2,3,-0.03947837467666396,True,0.7305164825906199,1.628894694574964,0.08164485234907366,65.6425233090862,1.2896968938103532
4,2,3,-0.12301966871247186,True,0.8756497045933962,1.2675611581358288,0.05875145195642255,45.31827484763987,0.7665941771544665
4,2,3,-0.23102071365946195,True,0.511145853998144,1.5192131996034663,0.11741124491443186,6.276749161530555,1.3768356962703094
4,2,3,-0.011339709216103186,True,0.5160545833054078,1.056530847338365,0.03877177915409339,4017.7339049279526,0.8989274727907991
4,2,3,0.057887807630716194,False,0.37203553987949456,1.300692891390698,0.055187461108353875,31.869998443217312,1.4534453032080255
4,2,3,-0.0377493546573393,True,0.8998163947053248,1.2151336382275555,0.05568338357032995,348.8763995831971,0.750683841664204
4,2,3,-0.16264078717412916,True,0.5998660610494627,1.1635755034233122,0.06737229789610914,418.6555927352444,0.8635480679592329
4,2,3,-0.13917422597278836,True,1.168875731345958,1.7897072786268156,0.1255443685337679,9.832416696098319,1.766571457846435
4,2,3,-0.01729503156390619,True,0.24192091259917797,1.2930021670973821,0.06647164046869018,603.2257283708042,1.0558903156452049
4,2,3,-0.08261605980578417,True,0.30513573801661026,1.8138837248545538,0.06267791238744885,120.50880795236509,1.6030856591750915
4,2,3,-0.19075820390180775,True,0.32965259191871393,1.2249792316912165,0.07544118753406047,19.93308395692082,0.6724072210936599
4,2,3,-0.027841329820246213,True,0.23670081415094069,1.7304357827200954,0.15799942663142458,33.59873014798843,1.315742289153434
4,2,3,-0.21346565903784753,True,0.4794459320274845,1.9545720159995978,0.10540289416993975,42.08322570895346,1.2573812117632501
4,2,3,-0.03711403554400399,True,1.2691646911963155,1.3272792020529056,0.04859017851879251,224.8076320964997,1.217721793894983
4,2,3,-0.026007765904664068,True,0.35112081152533126,1.5760376959005848,0.0823416024927567,133.68014061315938,1.2261318888239598
4,2,3,-0.05544054856127025,True,1.3057383874339976,1.4988490087821948,0.10042086873933088,37.70943524250937,1.1091466974824273
4,2,3,-0.030741785239841408,True,0.2677872865961579,1.6589474883652862,0.04447650849537583,81.99488371971455,1.2670102729790569
4,2,3,-0.1347822433435838,True,1.458500707300158,1.5658186384920378,0.14382075423022675,13.212637473948194,1.5403198512594658
4,2,3,-0.057563769736454454,True,0.16336420502089674,1.6272253463933057,0.07408117158913384,13.603990469393354,1.250073579030839
4,2,3,-0.006861901479369791,True,0.03302202424921572,1.4990833174905127,0.02978420024831083,148.43544403707577,1.5059646228610881
4,2,3,0.03340302443415196,False,0.3030615714950586,1.3927704436157478,0.07740049960220131,12021.147234137668,1.2209086231064834
4,2,3,-0.07760830992733986,True,0.1496457525344772,1.204374662263102,0.07538945645996684,76.68381297410212,0.9322994877184104
4,2,3,-0.047669254402704093,True,0.09261463582216027,1.1191451536829984,0.04818597093325377,185.40688769634855,0.8170249458994052
4,2,3,-0.099575986574161,True,1.322364090790678,1.7099910134493541,0.07007154962887387,50.25229962072113,1.1489049573129104
4,2,3,-0.050818668235467296,True,0.7722789088505454,1.2953656226457606,0.1269819650922607,73.46331869612612,1.1332495365906696
4,2,3,0.006764071485544923,False,0.4299599936564048,1.5208013122475208,0.0532154892767773,1455.5225247886456,0.9362970259470044
4,2,3,-0.09634548022562091,True,0.5420946506343816,1.3893457809037921,0.12938772091540388,45.26018728555792,1.1788181535541638
4,2,3,-0.06424453059976035,True,0.6071043624388657,1.668073146904412,0.10052951158886984,893.2335514991366,1.4444730649965782
4,2,3,-0.07545161282911816,True,0.6874631700551976,1.5295568177183827,0.06904337661232249,49.47087042174127,1.01605163812799
4,2,3,-0.0081131867570756,True,1.1134127551268724,1.6761884095417023,0.03908792813201135,210.9140026180277,1.446783451203194
4,2,3,-0.017245487340748208,True,0.2805629019531979,1.4798106307404753,0.04023667102224671,418.9106940253775,1.2025040878863982
4,2,3,-0.011829059500035275,True,0.06647061230676032,1.4089508005606344,0.08881391267691352,20.062004952501667,1.1571712115247392
4,2,3,-0.010156240594169771,True,0.3409465052951598,1.5114062445037528,0.07308428137634994,134.52799332769683,0.6776400820902868
4,2,3,-0.02042776610141417,True,0.37421641092574803,1.240585864884052,0.08280285571049584,131.8236079886895,0.7086948056888837
4,2,3,-0.030181939233429423,True,0.027654607681150436,1.3140100940406292,0.19660474865209238,60.81218314979297,0.8850184859836595
4,2,3,-0.03530925215403277,True,0.20515501547934845,1.5773895901459152,0.08949530968774727,44.56066207157332,0.9142010621368318
4,2,3,0.20762802355004462,False,0.8217643968584676,1.0910854813797646,0.05016337797578777,37.55654452830438,0.8395155120090685
4,2,3,-0.05481587816659614,True,0.5476768094834776,1.6026977978948578,0.029128780693816216,4996.405074403751,1.0140509173399845
4,2,3,-0.12920660603391204,True,0.5900150282784153,2.144810443918062,0.072050655016959,169.15238110151512,1.755055802077521
4,2,3,-0.01365405226076693,True,0.30764394167677406,1.458629145674809,0.07363055840546688,29.832355970976895,0.829430179598986
4,2,3,0.01461975861605734,False,0.042566768626086514,1.1860242431219763,0.06184828823303297,121.90463979922566,0.7750800237444244
4,2,3,-0.028382833876540003,True,0.15266025726490834,1.2508275236562316,0.04818692369771831,114.27407771710577,1.3433109041670244
4,2,3,-0.028391393621854524,True,0.057378960983259106,1.7678555853085804,0.1367352904215949,208.33365624275888,1.2163833763451317
4,2,3,-0.04163389864758737,True,0.26554800008109986,1.4655518901451923,0.11596353030641873,125.29939332236434,0.8957623366484643
4,2,3,0.0024545256462692867,False,0.6949573339470316,1.8988870850256359,0.05197699030073475,137.79056722036282,1.550710881923942
4,2,3,-0.018899731556916457,True,1.1383818310029907,1.3977603395412574,0.06702254798342747,57.57951412332541,1.4777946250499399
4,2,3,-0.18097912811756328,True,0.20765092119408157,1.33254182396351,0.12668343631116014,57.35860902580643,0.8473410594202927
4,2,3,0.02406607040651365,False,0.8110048039766009,1.325192719725132,0.039583067156578715,49.82016973207009,0.9699084840706387
4,2,3,-0.07745140804650125,True,0.04247449498371485,1.7528372913241168,0.08881844158195304,177.32222671065315,1.1838270555575503
4,2,3,-0.050113968281073236,True,0.5331551960711576,1.7541518375707377,0.13363255582841077,181669.38908613025,1.4626010315328948
4,2,3,-0.0037964985966546364,True,0.2818784312196831,1.1647842404086926,0.06256689777781674,3035.4735259547715,0.7562499749590673
4,2,3,-0.13022147019978678,True,1.1967934120659456,1.765892205763203,0.052737895970469816,20.952775254722223,1.000545687935782
4,2,3,0.023629752125174146,False,0.4687824586291501,1.413782035467616,0.046191900780794465,73.20855817752323,1.2813033189368255
4,2,3,0.017107757764650643,False,0.8656408198739204,1.8593498804619115,0.05665214140148466,94.32875036871614,1.4398047880249418
4,2,3,-0.06726801297792546,True,0.8812787406738517,1.6499195402106355,0.12605139622452505,138.62670012106977,1.2639050101986018
4,2,3,-0.0816755457869462,True,0.2634875197718015,1.175220675602011,0.058145781945782286,23.530929693073585,0.7963439241684734
4,2,3,-0.0464020611376322,True,0.9105005165440775,1.6677321850952167,0.07308023725517236,744.9058041079846,1.2144348543778198
4,2,3,-0.13011474371026366,True,0.42110579665063846,1.277824781549492,0.08404913007928408,31.31446913002699,0.7925687281175117
4,2,3,-0.01509117077772882,True,1.123380727441056,1.2982494901458905,0.04506478608660033,20.269108210931595,1.0610131859827112
4,2,3,-0.033110900703701505,True,0.47817994141702935,1.883739400855067,0.08706699163108049,37.05619680078949,1.240088916778059
4,2,3,-0.09587185839510981,True,0.7279218671122482,1.880120680993884,0.08067169755984722,289.2942404466043,1.9477440108108857
4,2,3,-0.11860646017266911,True,0.26588041013527486,1.3147445314259432,0.12081922726598836,55.449079293415934,0.8166444622577987
4,2,3,-0.058810603788429845,True,0.9544187177409706,1.762638130270315,0.08633464618037189,17.08485583915223,1.4956657960980682
4,2,3,-0.010217279830520658,True,1.2963992127955308,1.4510732159574549,0.07452563834191361,31.526779961088756,1.3235726413987352
4,2,3,-0.02145728488430365,True,1.0438715181868803,1.5996855053748762,0.08592001129423017,53.70146348906869,1.4563743636075248
4,2,3,-0.03165563655582531,True,1.0922227863506826,1.6688160110741224,0.21160330929936502,79.1067173367946,1.1538389549206571
4,2,3,-0.03121715991501406,True,1.1705891371793586,1.2808273101350252,0.15692041440882795,13.007013051614278,1.2980489585117152
4,2,3,-0.06237648809459145,True,0.7763369677308682,1.7897320202906932,0.1581234341592041,30.290099231847794,1.5080771013556578
4,2,3,-0.10702447996090313,True,0.2123313386944493,1.4827411736023524,0.07605122389073739,96.09395868618397,1.2031738351545693
4,2,3,-0.027859561738836514,True,0.7276596577000033,1.5406408475679267,0.05394055083291902,143.67967560630248,1.3745107669982746
4,2,3,-0.17823770200560252,True,1.2155912590407798,1.4232098899411398,0.11557201021003577,54.54314915148351,1.1689565449771102
4,2,3,-0.015761816724436488,True,0.6056774502370942,1.6758352163650647,0.06100254625243112,45.0606823613112,1.4291714475445418
4,2,3,-0.03525869146423789,True,0.9833799572148338,1.885591989144246,0.11255329109414895,444.94507714811203,1.4175238527199099
4,2,3,-0.05645251743821243,True,0.060940617103263484,1.398941047464205,0.07764378210139494,37.15096778014168,0.6404247705782463
4,2,3,0.007611601256501933,False,0.5959404247845289,1.3905813649674243,0.04118721427140261,1404.546600476519,1.0411434590883593
4,2,3,-0.019037220903810676,True,0.5488177826370452,1.117186590854176,0.04825450191090769,26.767171517659943,0.853949415129758
4,2,3,-0.042004049227349946,True,0.26524274619793603,1.7450799032453053,0.17159395502611194,292.6538121718179,1.2373813296143044
4,2,3,-0.05853893530178904,True,0.8631567139822129,1.915406261676818,0.12070839327320594,205.47550173624268,1.4203999625228785
4,2,3,-0.04132495590316118,True,0.3526012442797602,1.2970948824040052,0.06083900890929458,116.45058901715846,1.2998232135008705
4,2,3,-0.05146854666397848,True,0.8258720806818514,1.203649471582859,0.048839633442211136,32.75243419359061,1.1488997842996553
4,2,3,-0.006738684465160913,True,0.1857171081606475,1.1532446260163707,0.0777535707929324,29.975242586716444,1.076050084064963
4,2,3,-0.03804137253574398,True,0.7956816530043765,1.4060199458147515,0.04716759576394193,67.15340140467268,1.4655249228640477
4,2,3,-0.022825619914502222,True,0.3856943784191662,1.393054568937613,0.11651620388201916,29.34961687967925,0.9233381919775583
4,2,3,-0.025606943850471908,True,0.45894883753838783,1.8998657457302206,0.0648713872308623,75.0833312794829,1.4354102875313264
4,2,3,-0.017101416501501182,True,0.36887351356442794,1.9467712790044112,0.03948527721371702,914.2781179410373,1.2112816148595038
4,2,3,-0.029461041738910544,True,0.5352177274198265,1.1944458399684792,0.03342433770484441,308.8223712768098,1.2340984952473506
4,2,3,-0.01895258577177794,True,0.0877893605862475,1.157880941854275,0.04718764542496944,307.25037905036316,0.9084251454734374
4,2,3,-0.005149360578639918,True,0.8164212069693955,1.0814467183703946,0.05106214634089032,69.03164740656197,0.8899266209541586
4,2,3,-0.007394562906648615,True,0.6178834026312148,1.338884994803516,0.05603985875537007,50.963082208777074,1.1908720010205578
4,2,3,-0.23680482184289212,True,0.1025674353956253,1.518938275768931,0.24615087950838294,16.103156988989817,0.8292897636357559
4,2,3,0.04027035160104761,False,1.103313614236971,1.2359730230886108,0.056738213194548116,49.42077378957881,0.9902298014325965
4,2,3,-0.09637391970283608,True,0.13098971237243368,1.5280604214027182,0.06465574992262768,49.18784844692769,1.2464977924131502
4,2,3,-0.059701761885083686,True,0.01789745123763171,1.5400226753755413,0.06788634684177824,43.026088833793374,1.183888365119978
4,2,3,-0.023728438867093284,True,0.6465953026870469,1.3937445996771531,0.027788945481739925,181.30314981825305,1.281398267360789
4,2,3,-0.02801384906973808,True,0.3596087129116282,1.2157320592705838,0.04858476438782837,42.864148957089476,1.1109751236105976
4,2,4,-0.08491273554610732,True,0.10707096475007795,1.6352539371078725,0.052152959487927794,99.18078185573451,1.3974981966774978
4,2,4,-0.02768090950657459,True,0.5207210817226009,1.0965904001645805,0.04781962981163672,27.14198565836796,1.0396278726137516
4,2,4,0.016966152638404654,False,0.23436475159836123,1.6160986467383964,0.023389592506985926,179.72283613786533,1.325559390460012
4,2,4,-0.008616868456009086,True,0.8782259440627689,1.7708514754126208,0.0655029877367104,49.269514229793636,1.2744142104999965
4,2,4,-0.10955238645120444,True,0.3191070491603203,1.3299016262506334,0.0689818552470061,31.59699438479936,1.0648411938024294
4,2,4,-0.041828391991299056,True,0.6519079034845997,1.4886733115150241,0.08452954426988829,51.52755320033091,1.2829217640779316
4,2,4,-0.028003908367336447,True,0.3479576442140738,1.631658253999858,0.04762985315068663,245.00970206928335,1.5368487217375724
4,2,4,-0.07948241128239102,True,0.4149333730253122,1.2346496796186655,0.04772468240378001,154.34420378857317,0.8539371606581379
4,2,4,-0.06195240408138495,True,0.011163507868029143,1.6944281833906936,0.16762982461748718,86.87064235277958,1.0648941147675866
4,2,4,-0.0006464858466001943,True,0.5009352100422689,1.7577004184982055,0.042123698867372515,66.87869192655845,1.4031050831324303
4,2,4,-0.004479646040096911,True,0.2107563534117477,1.4535525140701104,0.06786578951242049,128.26236274552016,1.4875820464477516
4,2,4,-0.058104737442889576,True,0.43251724583349616,1.3873698795769083,0.04346655145687007,108.95423928698047,0.8708542412001198
4,2,4,-0.013263975494167359,True,0.8632848885009375,1.7086598010841345,0.08079916165357084,66.95973945451475,1.7077424848152476
4,2,4,-0.018579459411680804,True,0.09735440783663818,1.4932520381594476,0.05437114768530535,281.1412728086048,1.3155863207194622
4,2,4,-0.016352770603144343,True,0.9547262570653717,1.5275157819574345,0.12226624727831514,28.192159069876542,1.099499394665503
4,2,4,-0.03450804153923804,True,1.1131650702843006,1.5878244419345575,0.15611517176938935,17.036513940100697,1.540074265327515
4,2,4,-0.03696474159411911,True,0.568201455552021,1.2783011758392937,0.09743716296049788,12.505973578994517,0.9254414974199806
4,2,4,-0.13980212490176747,True,0.03593269936617194,1.0844009281512552,0.11848417543877297,28.326409594676942,0.584405976629403
4,2,4,-0.04805310199264252,True,0.3004142893567658,1.4110438595958648,0.10900457679328399,46.29815179656788,1.2551015518857742
4,2,4,-0.042715689414655665,True,0.19109248025918063,1.9572347145987317,0.0975282036660933,2147.2834369605657,1.4947113808717398
4,2,4,-0.032666875580171756,True,0.6623593205759661,1.9021678831630617,0.06817486883335303,30.139447586685407,1.3772869320269445
4,2,4,-0.036614178425258596,True,0.0023992864503481212,1.31106168627986,0.11760338483901155,611.6968852168645,1.0323939348644267
4,2,4,-0.05800782517559522,True,0.440118631384184,1.2189086350804599,0.08292090687967552,33.396330220205265,0.9151847168913179
4,2,4,-0.0074724834333500705,True,0.4551050788201224,1.3033302961521158,0.03613752978177546,153.21963009914415,1.2078230175798443
4,2,4,-0.0367627446063756,True,0.8280338467286837,1.205033660611845,0.047009333175302356,68.98531844831315,1.193993417759404
4,2,4,-0.03772081449972494,True,0.4518827343023363,2.031026134702324,0.10403184104548636,408.0354475433939,1.9102873097006532
4,2,4,-0.09838205941557769,True,0.356425356846344,1.363844363080277,0.09480036871896073,11.961452777512914,1.1307009158193346
4,2,4,-0.02722426768083125,True,0.14984768520407005,1.1812643300726189,0.10860844059076238,37.0448035544784,0.9619063499703746
4,2,4,-0.1658110356770337,True,0.40682645271999174,1.3691294668023573,0.08299870506892032,65.72085160617962,0.9180190805589202
4,2,4,-0.07250841835895801,True,0.1329015867451911,1.3228793699337298,0.08164303892184722,229.46215162998206,1.1337940328850364
4,2,4,-0.04087286245268018,True,0.5095275208289659,1.5262388054551754,0.08462443494830724,97.34271603218369,1.147633522126004
4,2,4,-0.06453754666117716,True,0.8594960655595045,1.3287990373415697,0.08377045589983098,25.198775017715192,1.3866959364978704
4,2,4,0.004939103846057853,False,0.18468798773538217,1.257606953035862,0.06460215883863052,258.1993615103011,0.9717134653500455
4,2,4,-0.05257734748366906,True,0.07280906290824164,1.255195978971817,0.1719109645558277,26.09235206382855,0.8789134514039124
4,2,4,-0.016144039451752232,True,0.4240276030924298,1.317214243503277,0.05747048904761319,18.790836449410868,1.085970022035067
4,2,4,-0.04317182148129252,True,0.045240646857083955,1.0540461714290326,0.06184803519978999,172.56670301275113,0.9513610791642912
4,2,4,-0.023781467071440274,True,0.40466440834756323,1.6321889817174131,0.052259962887605656,21.547858805145136,1.2919751459572621
4,2,4,-0.03043535987609284,True,0.18533147159302144,1.718579472730671,0.052239469260004334,245.87064885891604,1.2916159839951307
4,2,4,-0.0600992518278954,True,0.4924755632556936,1.0407935971902351,0.0619089131744503,51.67391094605225,0.7738459707828267
4,2,4,-0.09108510875209944,True,0.8813443671472765,1.822670652554161,0.1340352710300045,45.321224291414204,1.1861357749295485
4,2,4,-0.1154382273830963,True,0.6824114105193051,1.4645713361867094,0.09836509670171922,29.360380744076355,1.2316386510250856
4,2,4,-0.07358160490631202,True,0.5202441362491402,1.703859510759541,0.16362688155042365,62.58890119704242,1.1841048189769443
4,2,4,-0.03909880220761792,True,0.6587444776872564,1.6824668883590068,0.07084740294973596,147.96977422180308,1.3905073093807616
4,2,4,-0.050877628250299324,True,0.9843142857183592,1.5050975907987738,0.12081329953366941,98.6198248640534,1.2589499925852736
4,2,4,-0.0538849698875345,True,0.5902789457865609,1.2023054153155628,0.05961039260907266,69.05708980296477,1.1306365951036006
4,2,4,-0.0962278984312575,True,0.6334137888999539,1.6228137056142649,0.11138587916386333,19.19165184996811,1.3369153417751765
4,2,4,0.03178373227328002,False,0.6645788811741901,1.3275184821776513,0.0619942225152822,82.37383807295173,1.0882639286686402
4,2,4,0.00629807517382014,False,0.12308501131343406,1.192266136027692,0.06725567906726757,726.1188520092516,0.931659504037501
4,2,4,-0.016533958657778486,True,0.7532828310141442,1.447494962552054,0.03731900707165446,368.4879486595326,1.1436225355269611
4,2,4,-0.05341604612414158,True,0.6034215633517879,1.8399066529024914,0.15769045557231287,59.576993454439865,1.212973100296337
4,2,4,-0.060708590835881926,True,1.2343969955032006,1.458587563636999,0.07203633410146404,129.46663284682708,1.300360792264018
4,2,4,-0.0001962871118735518,True,0.59342969966031,1.5799273052519134,0.17800714875735021,17.78275120718604,1.1875381448606628
4,2,4,-0.056172583240923335,True,1.045643490083339,1.9546167350584536,0.09978515651146641,169.99823641456132,1.6419102891136814
4,2,4,-0.01851688178115182,True,0.9858549166598136,1.1896747364645075,0.052383836702672104,118.07772219542811,0.8851253127585741
4,2,4,-0.020151118471245316,True,0.26547106378489754,1.4044621058205264,0.059399557765677596,26.895972781304735,1.0372472851674932
4,2,4,-0.06717940746602838,True,0.4191469375078123,1.3056448710178865,0.13963121723166366,49.40982511948796,1.1490648759188715
4,2,4,-0.05114301321804554,True,0.21215440335269517,1.401151504567573,0.13339658021029158,63.535786392945816,1.2265289429225108
4,2,4,-0.03828907866186836,True,0.19162831586603302,1.143891941148715,0.07233338732724576,33.07521812603666,0.8398606800098791
4,2,4,-0.030634727747961884,True,0.368859581736658,1.49978979920789,0.0738026341242489,42.603978686912235,1.532742892943142
4,2,4,-0.015880169108015558,True,0.6822945455628808,1.0870719915093723,0.032466435666134726,664.6611012339457,0.7154766575269975
4,2,4,-0.033458522463210905,True,1.1115490890546764,1.7107320101238512,0.06350771119110055,30.413671926574473,1.8336929175987777
4,2,4,-0.03794543958532028,True,0.537202849436833,1.9623430124535401,0.06592827896120174,51.27934341775287,1.635099736689526
4,2,4,-0.007941103402997106,True,0.33576645360122737,1.2876460625674404,0.044574180501561776,502.48394043485257,1.2143176303272776
4,2,4,0.06284447041997157,False,0.542129370986049,1.3323568559089347,0.07555726223793567,16.12401106680635,1.0506614866950748
4,2,4,-0.03405979012202669,True,0.10670111489245673,1.422601955716129,0.184668750137348,70.38761650311946,1.0793187628233505
4,2,4,-0.13438377047762504,True,0.03143850558204605,1.3782168515893096,0.08397625761001579,1106.6229257442646,1.1383664419089539
4,2,4,-0.01569050070959186,True,0.23605819556567442,1.554603231703476,0.0650703333472517,148.32058730456092,1.413604459369752
4,2,4,-0.023842159293721157,True,0.8671796124555633,1.3726214327333823,0.038702296073651776,38.145819352391285,1.2140204562300596
4,2,4,-0.026332509869915113,True,0.16178276865484226,1.5097383735736354,0.11402255650184276,43.53047757318838,1.1525804144575065
4,2,4,-0.02109112805390308,True,0.1053808877127542,1.2295907925176608,0.03513462542847518,518.2269791642133,0.8397356338001346
4,2,4,-0.008750305409026169,True,0.010864170794091889,1.2442835558343213,0.02969906842194952,165.82459956638246,0.9606186942426329
4,2,4,-0.023586833858103593,True,0.0979630756646514,1.5301810636594915,0.059774487728662805,174.6776807018747,1.4626098308522864
4,2,4,-0.028516346545672457,True,0.32151271184759195,1.562569983822791,0.08182244957440857,295.08398005470605,1.4707996405002028
4,2,4,-0.0006194661362555333,True,0.6038949454300422,1.5115187744290448,0.07104919343690695,36.139994773030615,1.1407388294032104
4,2,4,-0.047934537342969555,True,0.039464246835997197,1.2600514562337939,0.059838568106307805,32.82616824818411,1.0014471494815445
4,2,4,-0.020094975663459948,True,0.25360288397909375,1.453540337765843,0.04540177461669095,52.07259249383524,1.3140135902702639
4,2,4,-0.08753058273249459,True,0.459587922439307,1.4254971287760074,0.10175546504411764,100.86906536430723,1.0585953135505888
4,2,4,-0.06056300592605879,True,0.9755701895938775,1.5226630365628402,0.06955945658266525,134.63389378956123,1.3097829329050032
4,2,4,-0.05620038831499365,True,0.3373188982467171,1.3031091710056584,0.038607633875471385,23.669243934081432,1.0624220746699864
4,2,4,-0.04615784825835067,True,0.4875787715227222,1.2433448543024346,0.08454802832576909,48.71873934347694,0.9465041549960688
4,2,4,0.07726671478517384,False,0.3278629799237593,1.5826048232997758,0.06069987767644118,28.12471304897367,1.2428933243234284
4,2,4,-0.02792444560667768,True,1.0431563201948744,1.3664265402746305,0.03789918368293693,113.36140439593733,1.1431366661599136
4,2,4,-0.08179670581461729,True,0.3497530260610164,1.3520637334051502,0.06443949157402482,782.6918565115681,1.3580873015481265
4,2,4,-0.06079800217270408,True,0.36145373959439764,1.6616023734622054,0.08917201779012877,127.48346531075003,1.4119361978896265
4,2,4,-0.023617010589611395,True,1.025816821594797,1.7935457707543487,0.07595912380011402,479.0102397605534,1.5654972596304995
4,2,4,-0.0041039324322857396,True,0.9808429091506246,1.4891429434984165,0.05623907513339763,825.7589274076905,1.3043710794559003
4,2,4,-0.02325544009520097,True,0.19215597543130516,1.3245196088568212,0.057192664417020825,308.1816057800174,1.0248973614815577
4,2,4,-0.042527152014960726,True,0.2647988693074526,1.635525124497548,0.15191516736733676,656.1651568548275,1.1880113676513977
4,2,4,-0.029791008630356917,True,1.2451169798265898,1.575922548488826,0.08661988864252725,73.04102277946876,1.401063826884082
4,2,4,-0.00932637159758651,True,0.3922534863589787,1.360581956201193,0.1695547165990035,57.416975089827645,0.9980550683181418
4,2,4,-0.01863377455160761,True,0.4781183370938651,1.436806026789614,0.09032586504893109,25.93459095684287,1.2678016154479665
4,2,4,-0.02623287512002336,True,0.1564386177350067,1.243133554779286,0.04243859699045086,31.678976668650904,1.3062111190949086
4,2,4,-0.09431997370536709,True,1.1610720427358137,1.7910310666473668,0.24874581363309628,341.60526885711084,1.485981113254947
4,2,4,0.011462279252467707,False,0.4920168395067177,1.4341869449340843,0.047251919960892556,90.24606172966199,1.1186686227441913
4,2,4,-0.18366606039776787,True,0.7370946646765648,1.893941381816306,0.18996541831668057,38.22774731092333,1.3349312189979836
4,2,4,0.036777624557685615,False,0.8393562879600169,1.256913382370687,0.1035379809370817,75.14360875078935,1.1273441727886564
4,2,4,-0.047182957958117944,True,0.5458218473152768,1.417347725101991,0.07819557394780513,22.350582902384186,1.0460509229779023
4,2,4,0.08699737198353844,False,0.5133841687708246,1.034389567314181,0.038009980551360914,154.43594293043685,0.6596848045241956
4,2,4,-0.027730813166325106,True,0.4279296068236774,1.5658709729357043,0.09972344967970978,13.243558133837606,1.1480084463573437
4,2,4,-0.005296223872629807,True,0.4170649278530575,1.1827880033458689,0.04739504224276108,89.76372864172019,1.0991374120426518
4,2,5,0.01660156007521563,False,0.5844244523922483,1.277762510580014,0.03734584685065062,110.3984311015811,0.9697473782634208
4,2,5,-0.05727045804167298,True,0.26240574750866424,1.721627351852759,0.06143651108843912,50.54372356189625,1.2431098016491904
4,2,5,-0.026755389877768678,True,0.27900459395086247,1.1890289201661537,0.05259486641988424,24.78165827848075,0.9094788287634195
4,2,5,-0.03890249501587466,True,0.0026319444659857467,1.4714589774556674,0.1957141193217181,1789.4038458799466,0.9859343873270263
4,2,5,0.01950464574469884,False,0.7948156890764673,1.339341418187947,0.05086077544919477,42.06700678838295,1.2090289410980735
4,2,5,0.00044009012907083477,False,0.9037464062571282,1.5725544494756358,0.04205633849393024,173.77562651422446,1.694234446183369
4,2,5,-0.009977079365372479,True,0.2526360890522762,1.3949033554177486,0.04194495610952188,115.10708189673424,1.4397239956226109
4,2,5,-0.043641601098014286,True,0.3131536587161624,1.4497196302732296,0.0566634415181822,141.47299434474542,1.1724781628974421
4,2,5,-0.06444961674075628,True,0.4997909192498956,1.4267047342798418,0.08828171773562497,132.98104202321025,1.2342098813420816
4,2,5,-0.033590754270627826,True,0.4601949798325444,1.361324011009756,0.11165807402285392,71.69430588657039,1.2324763217469619
4,2,5,-0.03501388523862876,True,0.6478565700030677,1.4375971797696014,0.09369981004764184,370.62415398217155,1.3978153887320066
4,2,5,-0.0401797740333484,True,0.34074105951956807,1.2152587372527721,0.04967392535495762,212.91486171097986,0.9374671109403098
4,2,5,-0.009671133732282115,True,0.1962871503684811,1.5104346390995989,0.0384897543718029,747.6975599015311,1.301722849876416
4,2,5,-0.01769391398281773,True,0.5162219728298321,1.1599839056388954,0.04521579194488552,36.59755950032839,1.1919327719409853
4,2,5,-0.06342552139571864,True,0.4303182133048429,1.182154461453463,0.08780118747725521,24.913841179559036,1.223415201570449
4,2,5,0.006829287134350664,False,0.4346152635991223,1.5281858621801763,0.05916509399410361,71.70215395619697,1.1719469122690622
4,2,5,-0.02700769596908063,True,0.1665126743129104,1.281898468255595,0.17085260263977375,9.807299745632504,0.8540317712545292
4,2,5,-0.08087025378838372,True,0.5024125683264877,2.0642329912593635,0.10669886626612012,3369.7849454776842,1.6914981341654127
4,2,5,-0.04861637326287936,True,0.164469858760788,1.786305460988065,0.1719383784334505,43.13288438086264,1.6557881763168647
4,2,5,-0.0005194762121016999,True,0.7091664326406756,1.4589841326580193,0.03870544254282528,384.93732166975286,1.1319432703663361
4,2,5,-0.011202889445247406,True,0.3033419253031924,1.265532930146978,0.04493421715974602,525.2596732886805,1.0453646024912935
4,2,5,-0.033147830231474155,True,0.25425221303268414,1.2236166543602789,0.06481038189151998,29.8241959163851,1.0461495990736114
4,2,5,0.004233039991044678,False,0.7348253830827102,1.336452396618209,0.04238487312877934,114.01543459989314,1.0956267558515707
4,2,5,-0.0684855966086134,True,0.2894275836306912,1.2296272435386755,0.055931534277916466,74.02864984293568,1.0400760382930125
4,2,5,0.018982761362037553,False,0.5936773352571292,1.2471149065048246,0.03698741836758405,92.24765655238274,1.2848163632057508
4,2,5,-0.004942645495727661,True,0.4347547178194233,1.6073946070300384,0.029144454043939196,101.54754101574633,1.3686470171596672
4,2,5,-0.07237022232957979,True,0.9668675030889052,1.502823397249035,0.07318811025810626,121.98248299067104,1.3269295164992851
4,2,5,-0.06196841831726747,True,0.2443521133722125,1.0382204295268815,0.05743800754682643,29.814590379590978,0.8798739906069362
4,2,5,-0.02927367244709058,True,0.6140253445321816,2.0783034500899666,0.08411953089958804,60.08747468975248,1.5566765047058577
4,2,5,0.009856897060687014,False,0.4720717117850993,1.4074534651045192,0.05558534825522,280.55317511650156,1.052011127728416
4,2,5,-0.027961692837258374,True,0.16391533785157414,2.107631061981039,0.13241718185540946,42.646745476522604,1.4416595761776672
4,2,5,-0.036996831284559495,True,0.8377223761995617,1.4968929340194668,0.10509417359327845,50.35706614414453,1.115065399412012
4,2,5,-0.05046152998435018,True,0.41092663467428403,1.6928066635782204,0.10649023768738701,101.08009912228103,1.1796897861919144
4,2,5,-0.10221511056279112,True,0.37909604800153957,1.2556683224744416,0.06766679554515719,28.68061595926744,0.7852461941580507
4,2,5,-0.05451841437126352,True,0.7328858453976174,1.316853366041396,0.055597359889581865,196.84616561010006,1.1392539583876289
4,2,5,-0.013890063576964186,True,0.8870942694603687,1.5232450005223959,0.06738878501807541,66.15721321127764,1.551305117177138
4,2,5,-0.0482351782714564,True,0.8111499500840672,1.6227191473267817,0.11047761326055022,45.026922874346994,1.6055103108176705
4,2,5,-0.04503835793121832,True,0.5404606155703782,1.4065651362602405,0.15415920775770953,23.891985313001413,1.0568017084402852
4,2,5,0.03946763768160503,False,0.38098580659725473,1.2250487624669377,0.03463343834289748,135.98537781903693,1.0391674716280024
4,2,5,0.0011350309188207387,False,0.9843581089993879,1.6236703275869575,0.10722998291914368,110.9833706753442,1.3151050990425244
4,2,5,-0.05755145457476082,True,0.35222382348561565,1.5401145164055798,0.12441105487113728,85.18211114183066,1.4647839232318525
4,2,5,-0.019349123212352742,True,0.5093612878875903,1.1857474616682881,0.06222520124996597,300.84554211134275,1.0110425229199034
4,2,5,0.009216964280807408,False,0.5852084508917762,1.3290770137258516,0.060870800477093985,157.65818720907683,1.1135761248684473
4,2,5,-0.013351805941293766,True,0.3845623169319426,1.4163323776709162,0.04213852705761325,139.43893482262072,1.4553093486484612
4,2,5,-0.14112011999441093,True,0.3791633698644896,1.668833790816005,0.11389187499674827,238.37005527924785,1.5926592317885064
4,2,5,-0.08113768853976899,True,0.7038053850969181,1.903487012156995,0.09958688566879575,18.867545396256503,1.6077943513059765
4,2,5,-0.08252271763179253,True,0.15752373436857364,1.501401215383236,0.10233000212698201,18.675498627640334,1.4858823470919764
4,2,5,-0.035599430300892236,True,1.3192098665654575,1.4436349842120488,0.10307407043336193,478.1373736510599,1.4355721966730723
4,2,5,-0.07642343796381008,True,0.3557369363996365,1.4949975159640478,0.09402170267322661,177.33850677378592,1.2375340704947206
4,2,5,-0.01856948869756867,True,0.22441326453335556,1.2754581694025806,0.048137110245402216,61.18974863191021,1.3654897112357913
4,2,5,-0.02003914803848522,True,0.3737384211541413,1.4331213383240953,0.07688331096764058,91.89586981393384,1.4525501568873052
4,2,5,-0.06429042274736464,True,0.46144417607339105,2.126206475935057,0.07786687345228722,124.04743160731391,1.8179384136533254
4,2,5,-0.07085564244516496,True,0.13055281803963442,1.4660430227626329,0.1256799381871756,41.140406123695534,1.1969279568829274
4,2,5,0.007669373327875506,False,0.8845993764291786,1.5027204323423404,0.14865366093861365,247.31664386633506,1.7966951373990554
4,2,5,0.0266514916796097,False,0.4247455347819183,1.2665028113480172,0.051969371153774424,77.5292332373351,1.0938488984316408
4,2,5,-0.03703911097629958,True,0.6522016701852864,1.2164936404306215,0.09676535449694361,39.624315830486026,1.349176976203402
4,2,5,-0.039678815874705044,True,0.5541149206582446,1.2404535272214363,0.04247429089929506,123.91917530788756,0.9916573853357121
4,2,5,-0.04105945976507545,True,0.2686516698597105,1.4434827506477836,0.12316884557683555,25.737790646977867,1.0229805098177853
4,2,5,-0.07147296738132976,True,0.2847333280498451,1.4683247014180352,0.1170478875786038,61.787223186866306,1.1151559999149117
4,2,5,0.0056473885325621365,False,0.5720185015621273,1.1394718872024967,0.03498274081990151,822.6100278837596,1.1059994336792627
4,2,5,-0.09543336934160059,True,0.7970999223131248,1.1978788898515838,0.1007926331491982,66.47427336090814,1.158584665989273
4,2,5,-0.03608406043643589,True,0.6282890754672881,1.279659326122138,0.03460193806751881,408.04518566442385,1.2203981070893357
4,2,5,-0.20522956174041804,True,0.3849174490544385,1.566034234188275,0.2054145368388136,14.458284272978778,1.0235430770889256
4,2,5,-0.02655665830161233,True,0.6526211048774686,1.910457802105338,0.12078475331552925,39.07575158661891,1.9477447779457233
4,2,5,-0.03794353094647903,True,0.1226983694912881,1.273438136804044,0.05387455421081444,474.10974598950463,0.8123791537433936
4,2,5,-0.025043372726605343,True,0.5831095474093361,1.3746088979226363,0.04287174024638633,2607.917360369667,1.3972350753484892
4,2,5,-0.05949523883795568,True,0.84974225728518,2.2328338446755196,0.113415646291458,47.96092768424383,1.8462138521953406
4,2,5,-0.04049338709675012,True,0.7140813726848406,1.9045775227305908,0.10060117038160278,74.5403378697259,1.3805139239445334
4,2,5,-0.03673162804794933,True,1.1264209191594003,1.6955182819881012,0.08008350572918951,2240.8638193622705,1.6740453058817062
4,2,5,-0.0954963826160656,True,0.3069498595124613,1.5103260007418757,0.09488593955352159,32.900303128550426,1.2278506792667239
4,2,5,0.002325163384050112,False,0.002948466027704099,1.6097766839161414,0.07012175344146383,1487.5691770541032,1.363604793402442
4,2,5,0.03320011553985135,False,0.8231993826734235,1.3297812566594225,0.03435973284792754,8129.151666824726,1.2351377469326519
4,2,5,-0.07997716695042983,True,0.04661687122237479,1.3566811274196269,0.08723113627312826,67.76533962424163,1.0450324251401457
4,2,5,-0.028004008018706904,True,0.3161829924446449,1.2790789663630986,0.09873614722091788,39.444476137617656,1.2451820982131676
4,2,5,-0.1272426463829256,True,0.7997441942746095,1.4951528970411918,0.07388116490941506,18.73586959614591,1.6169437619227989
4,2,5,0.07827150252486331,False,0.2138034539954772,1.167848574141537,0.047778859306840595,120.33470415634767,0.8182400006654577
4,2,5,-0.020972434757206355,True,0.8722150815408911,1.4983983037346014,0.06591644429854551,244.38041252971882,1.2361331466642114
4,2,5,-0.054566083579015746,True,0.16110473775161507,1.7693062323005837,0.0958079372516791,82.439616635038,1.201540896346356
4,2,5,-0.07150426703090604,True,0.30664909756427794,1.5158098722826703,0.09540099206999783,37.06539198147923,1.398849886804966
4,2,5,0.019482329202135773,False,0.8382285970933621,1.371219502121472,0.030491427942246477,104.43166925790497,1.1929440109446958
4,2,5,-0.002229272888200505,True,0.48357813223524354,1.2605145635218655,0.06173548038847412,77.78406003563678,1.1026941256000156
4,2,5,-0.03301936923710845,True,0.4810918610518648,1.5793825755734239,0.08015157921599698,252.38860973765546,1.3727814238899523
4,2,5,-0.043221840499183276,True,0.31978761589218996,1.5120367544898656,0.11991075125153017,107.12890734786018,1.221557658993858
4,2,5,-0.04472018174885414,True,0.5717703672331054,1.7166556591287765,0.08639184658838772,277.8614122339715,1.4706679002988285
4,2,5,0.00953517451117535,False,0.6168108644812478,1.5080099246923204,0.04630747633391539,262.27305503247646,1.33494137101369
4,2,5,-0.03181846122766496,True,0.33838139515128585,1.3138529695188947,0.07184417653412374,31.578525620072277,1.2241383959057968
4,2,5,-0.07965954451905495,True,0.284855037323435,1.9572466083666904,0.0933135498172879,52.69885549996182,1.5285874596605198
4,2,5,-0.040145479765694665,True,1.0198383790059968,1.1404020999747777,0.06957226071735598,73.16205610042478,1.1307999886330766
4,2,5,-0.07029092005161144,True,0.19571474820525048,1.4817515943429307,0.063191115711706,190.9123356880444,1.0599986923957996
4,2,5,-0.010501576038895344,True,0.15651446855378992,1.6171294376070873,0.1423194666615098,19.379675803459996,1.2900335817699964
4,2,5,-0.03481614213890043,True,0.3945633566355738,1.2080486931226482,0.06298945927422706,84.0238585220798,1.1972239521013226
4,2,5,-0.07958273256718817,True,0.7855945926699249,1.234097287375183,0.04654568720005847,204.1439059886737,1.2843226708504627
4,2,5,-0.005396819605239985,True,0.2238269061886357,1.0617364744588538,0.026358017161085056,202.02697408166833,0.934260457381939
4,2,5,-0.061489835503235765,True,0.1238075226223979,1.2076087352067486,0.05894998988655167,17.575458741149234,0.7498330880475235
4,2,5,-0.002781044174172607,True,0.826356365477689,1.3631658800380393,0.04250088805229726,195.62496709579528,0.9911778148854408
4,2,5,-0.1098894260641445,True,0.0444126222459715,1.6786028221657348,0.1238260037197651,330.5712084265943,1.1701231946506738
4,2,5,-0.050247533004151204,True,1.0258863900795891,1.7189279041134928,0.09966495157010287,19.52085305310467,1.5023416594890082
4,2,5,-0.019517159164801776,True,0.477350025250576,1.3179335295083359,0.03371598497034582,107.82144029089791,1.2583831015671412
4,2,5,0.0019112360312308057,False,0.14732800871538865,1.2500203060960096,0.06913033238735924,38.23134842206095,1.0615497217539487
4,2,5,-0.035092061708879595,True,0.6838171350712162,1.198248142245385,0.06171104898692779,47.1646524644066,1.053874318951142
5,1,2,-0.051393753844583126,True,0.1505349375421798,1.2603769457147667,0.16344641241849908,308.96110703295403,0.5670534670498532
5,1,2,-0.018608525691111204,True,0.054617168669439366,2.460331172940669,0.12306115084939523,68.90716705628927,1.1974527065693281
5,1,2,-0.026961697017289614,True,0.41130082240770516,1.6311719041964408,0.03983272833083249,109.97977666488666,0.897117740459834
5,1,2,-0.022936146886552176,True,0.4175546156362455,1.8430863170796334,0.08237572904349899,151.99787556848904,0.951916473800483
5,1,2,-0.011226128237683517,True,0.18465001810025547,1.7553097476742583,0.2438633251183584,84.72773630797607,1.1306870757627252
5,1,2,0.007206241273239527,False,0.2817383880891533,1.6749747513549176,0.06915186862901197,45.03817109356963,1.2345836727051531
5,1,2,-0.011473888531813723,True,0.14107078757002436,1.5134811714814145,0.14910206415033012,22.141165163816886,0.7737448193369353
5,1,2,-0.07755140456668512,True,0.4353989011773737,1.4519976107797605,0.15860478219756177,21.68116384710813,1.2527183407477402
5,1,2,-0.057060522816610205,True,1.531631677713547,1.6024009417884026,0.04182627917826884,136.1302086872552,1.2647086304976032
5,1,2,-0.052272493984788275,True,0.7515928542830775,1.8602946802586238,0.12366107897603083,15.568191090865463,1.238546308927185
5,1,2,-0.00142914823497158,True,0.21343786206354556,1.516631457758892,0.07480939303213499,204.62750981958163,0.8346913861152906
5,1,2,-0.04704090771233967,True,1.1994437782040743,1.6441617519879494,0.07543189413839387,290.1349670446009,1.3376720865296952
5,1,2,0.030414318172335152,False,0.35995506459000814,1.5750150996046888,0.05049135924787819,79.54730877576519,0.9566115858007931
5,1,2,-0.01462512529744691,True,0.030512474805290575,1.6259492137931713,0.054327005319261816,41.38493417816357,0.5554410702184751
5,1,2,-0.10514929998606726,True,0.24814761150176606,2.093264048011047,0.12015286614033925,350.79456014580154,1.1589371717458268
5,1,2,-0.00042340370561920893,True,0.10340297696464922,1.7356906704275052,0.047328378989873354,91.66353118575506,0.8383651252531545
5,1,2,-0.08384854567025891,True,0.4153090300179096,1.8705242367709252,0.18667796069662718,20.779007117907284,1.0411292795486549
5,1,2,-0.1252603826842595,True,0.05321514823828449,2.1210779883602404,0.2777282763726568,19.48810728582474,1.3348728712516367
5,1,2,-0.03353456348441718,True,0.8522495338538925,1.791691795134202,0.037840413602858315,28124.851038550132,0.5616548232112107
5,1,2,-0.032201535537574946,True,0.06082987954009071,1.7876122284202853,0.14446820028933674,25.40956337199911,0.7955938240730709
5,1,2,-0.08403466526239173,True,0.07503238536878656,2.2687493229884104,0.12904785384060757,60.96620305178208,1.069242966499594
5,1,2,-0.0287595109710055,True,0.4337404145588973,1.2812879725283821,0.057707105931305014,66.68413392910615,0.8452968051934043
5,1,2,-0.08891777925156305,True,0.11704534492087836,1.6530616182322957,0.05982762032766323,179.83774305794853,0.976255908673967
5,1,2,-0.03544583165435332,True,0.7534839944210197,1.4585326996839711,0.015329752954070588,262.18017421011996,0.9387308273311581
5,1,2,0.0038710606109934754,False,0.02503462256766325,1.399011465427502,0.04007078431094392,190.10577995122475,0.9851471923221894
5,1,2,0.03696716364406083,False,0.03441517660701214,1.4411678250838544,0.05044320428406452,128.39686153859546,0.3671065025062346
5,1,2,-0.06900071984974607,True,0.05744219622052048,1.3924083413132788,0.029224073982991157,37.16944082998977,0.8721206522757077
5,1,2,-0.15690286748527837,True,0.05974097524246155,1.8565571681942743,0.07474261560064321,170.2304888049266,1.1145463677083898
5,1,2,0.029711105893374473,False,0.6272378932440646,1.3894056753444926,0.03309540833947251,92.93190381091445,0.9911541287153063
5,1,2,-0.04680582131695887,True,0.029028486484124916,2.583978802599037,0.15495327715511886,24.461675128608192,1.7279129968525533
5,1,2,0.01298453805562466,False,0.0757010180335897,1.5976738833290327,0.22006283446431024,66.30184614983546,1.0426607264785055
5,1,2,0.000812588743082275,False,0.8641205086930255,1.587683421979538,0.02123209090966801,262.5839037937326,1.1478340559758704
5,1,2,-0.008482353475714908,True,1.1385583169458156,1.6095251046580195,0.18012042129428063,67.17110872614847,1.1512830264932559
5,1,2,-0.14636703189707834,True,0.1961040477612065,1.8098663917883064,0.12409875912104532,943.4796404927661,0.589276816388161
5,1,2,-0.24382327650326185,True,0.30190914453461193,1.2562810265598556,0.18349820823408397,6.2743825604782835,0.6524896353628543
5,1,2,0.06540353848780299,False,0.8621342287937044,1.7316271797296985,0.0924960587427228,15.364240422997863,1.2346513191518353
5,1,2,-0.021487018939107917,True,0.4486129008728608,1.3032418633034715,0.07157293367784304,17.001689644070872,0.7995261149114331
5,1,2,-0.11080469489760007,True,0.5158274795893997,1.5594609847289596,0.05570183953806809,16.618228017031992,1.1976851153451062
5,1,2,-0.05675913128617008,True,0.3210954898791982,1.5021086259555294,0.2017423075811373,13.07208509415141,0.8804876275965582
5,1,2,-0.0014874332327272281,True,0.13226507843657842,1.4639472507858489,0.05671348300100252,335.5822241237498,0.7771997056952344
5,1,2,-0.07028380132096114,True,0.09267732029560666,1.1727815803266932,0.03674627089556852,283.7355262336639,0.45324739573051503
5,1,2,-0.16641024857608924,True,1.4233459149213712,1.944195133368976,0.143536099479581,67.84604735598408,1.633915123272837
5,1,2,-0.239759507236547,True,0.06836773232865616,1.8615337095259543,0.16435835416492733,105.01551587659341,1.123253750942483
5,1,2,-0.016280193431967502,True,0.16316610958862346,1.3876502560857191,0.10378097609957412,163.30095547963154,0.6463242633421614
5,1,2,-0.011269000278949653,True,0.018850556189718613,2.00890435414157,0.07979860846381844,40.07286876789993,0.7715852552758921
5,1,2,-0.015845966505567705,True,0.49437928240046014,1.643315742546977,0.13339063958193628,84.35070532432154,1.1630735980387554
5,1,2,0.07625192358232256,False,0.9507367316291991,1.448848881810051,0.09151217693390931,14.400781060612017,1.2357330312474353
5,1,2,-0.02724794182418904,True,0.5458762473540836,1.4168957763806551,0.06539684393574814,97.12814083797365,0.782138862387544
5,1,2,0.04036370322745873,False,0.5089175758550201,1.4730297432678556,0.07399011225721892,36.63611282262766,0.7894670639196216
5,1,2,-0.0025593022469934954,True,0.8882330926681591,1.4356804856792027,0.11543728874244034,198.90054071572612,0.8139786942296917
5,1,2,0.02710915899485751,False,0.458930740825385,1.7931634970583814,0.05439576435071785,45.262908274720964,1.0023664282624123
5,1,2,-0.0006811972204849581,True,0.11570550191704518,1.507322995234971,0.07389517072531494,96.19224400259333,0.7756382419504003
5,1,2,-0.05144242059191914,True,0.3169090841400013,1.940246466109816,0.09374350251450363,67.00576048296008,1.8179783137351064
5,1,2,-0.010303828996900327,True,0.09820091978424542,1.367516489806347,0.047131604569524276,62.88397605894663,1.0034824304252696
5,1,2,-0.009325178336090043,True,0.31643558843688707,2.1577401361834023,0.03822853378548915,481.6408075453655,1.2332706141192398
5,1,2,-0.11424993463126516,True,0.378471868988355,1.4064169468512635,0.07102164646619134,6.920476455414727,0.5318091175471169
5,1,2,0.03110147396234249,False,0.09578756233246977,1.8491530059671795,0.05569839447207275,99.11568228782629,1.2893601364341805
5,1,2,-0.0902414799839243,True,0.7875943348092564,1.3891026213059274,0.0402963832250056,92.52742414524735,0.9194834736939191
5,1,2,-0.019864197128595898,True,0.5132746974119459,1.976935029839069,0.14152688848346376,22.760708809650197,1.1292710111926956
5,1,2,0.016113276363042963,False,0.13618149221827647,1.3270208867583453,0.046192192973509495,948.9979772847919,1.0579729264531164
5,1,2,-0.030099276967171205,True,0.9701444573750065,1.625472285792399,0.14316448713357516,30.045603925949674,1.033292107805023
5,1,2,-0.10483490438742826,True,0.10238409526284627,1.3144763230794059,0.13105915464756507,24.733974274745666,1.0538045596411292
5,1,2,-0.010168619882152976,True,0.9478810402172789,1.681362296160857,0.10620709125846076,126.79324825313095,1.3568630378601896
5,1,2,-0.008231917879614685,True,0.021552242830137496,1.9363247391021128,0.0791743368678311,307.29888266836986,1.3698230244387968
5,1,2,-0.042752267011798455,True,1.0993562293784886,1.663171360950761,0.129165801985671,23.250492886533316,0.9045880600859442
5,1,2,-0.05381485762590082,True,0.46563031473920274,1.3619593353105823,0.06543406701577369,21.290840959152636,0.654644110792746
5,1,2,-0.020256225212970484,True,0.15761564392936944,1.7520071994858863,0.07765027535669619,174.32113942229645,0.8408262839945075
5,1,2,-0.039873194181570926,True,0.07602141219072198,1.9373771844571956,0.11206215448084206,14.225676175906639,0.8506023944424306
5,1,2,-0.1040038487655032,True,0.49512813043795983,1.7318564742388531,0.1288449368567726,15.708133904068141,1.2702228120949988
5,1,2,-0.09387940206203936,True,0.07188423329603985,2.097111688112706,0.09224687757208966,48.59627841397095,1.2353484334395823
5,1,2,-0.06736408926969639,True,0.3890681872400006,2.2950415819783183,0.10293759537882884,23.284829267516898,1.4805578769434524
5,1,2,-0.17247146059363444,True,0.33502213346924525,1.4797877662898709,0.03698689408813707,41.2005653034794,0.4973821973836811
5,1,2,0.0013465315749941885,False,1.2080078804860264,2.0149622815046935,0.06088860386398377,81.32996303232653,0.7612662768125699
5,1,2,-0.25148828617497127,True,0.02303774601588923,1.4440513252211584,0.1590072530367203,200.2271990769616,0.6457386864960513
5,1,2,-0.05284067550650054,True,0.60430664907635,1.7551292454004979,0.13624510828016817,86.87709973833515,1.156396163433013
5,1,2,-0.04998575259848934,True,0.9212278386451966,1.8850470455833963,0.07356180458092647,14.174960871757602,1.2654419276413282
5,1,2,0.005268169137751065,False,0.004119137268946663,1.2994846633844173,0.16240208187470634,416.24473442185916,0.7862194548914073
5,1,2,-0.11014909740712558,True,0.24822807814350534,1.9135157369459237,0.06418211337745935,54.7641812485072,1.1020211118790997
5,1,2,-0.00026227031810256154,True,0.0004197936229044192,1.3810774585784606,0.05050062705618561,1566.0062311653837,0.8780706698572441
5,1,2,-0.0005121936600690103,True,0.9647418036145418,1.4428602998415248,0.14087343473455696,349.7605094807453,0.8493090412320758
5,1,2,0.02055720230839414,False,0.7654945910028472,1.625424244922353,0.05596649470599146,130.7720674079366,1.3618472930708803
5,1,2,-0.17985120980447328,True,0.47904004852209875,1.2362478906226204,0.08938192059210094,9.473863269666676,0.3286526193429753
5,1,2,0.007134567101653406,False,0.5464063817400372,1.2523033047859657,0.01995136513578776,44.85031221866155,0.5254582223800798
5,1,2,-0.30665545743744205,True,0.06368181380903584,1.9568571611373704,0.11613824351888677,29.01717240487538,0.8330507858933289
5,1,2,-0.18529741995921,True,0.09641544808091407,1.7089013586074244,0.09189753962119855,20.79948509699287,0.9304771941022266
5,1,2,-0.10402385134790908,True,0.08834288645612531,1.3238846876440207,0.10233531635008633,10.664756296262524,0.6014581159798233
5,1,2,-0.006090992237981317,True,0.2821261443961726,2.1740951463429714,0.062032792056622904,403.66486041566225,1.0328635568788258
5,1,2,0.004115674446012175,False,0.02974929620047348,1.9747530021040411,0.04075481039247828,88.07652821904819,0.6856768585939992
5,1,2,-0.07189620896982704,True,0.8075407696510684,1.7226886438482265,0.1764342069698758,15.941871709133697,1.2314822051136485
5,1,2,-0.04120785246142973,True,0.7338072758705326,2.101833936432064,0.13729290158296492,17.252835696856078,1.1577333027115175
5,1,2,-0.0021779061125189797,True,1.0500376488128196,1.5260338672858367,0.09218217491239417,190.94621193551941,1.094941319995555
5,1,2,-0.030224341368793747,True,0.040201429745004846,1.2084115176476398,0.08472091320006904,852.2386988505077,0.5411525922052925
5,1,2,0.04333300241912341,False,1.0438984067084724,1.367884644755812,0.06414092781523578,146.32332718380079,1.1181499979451943
5,1,2,0.04615180864996786,False,0.43214631004927706,1.2968786008388855,0.04422189117146482,32.991425673020075,0.9751562812696472
5,1,2,-0.10544081447855205,True,0.18783436634040426,1.6819909430162974,0.08285759943505282,32.15121874327083,1.1200111961798542
5,1,2,-0.14894982257437073,True,0.44587793622875865,1.9787885737600528,0.12270945062284723,119.6859945421677,1.1303458731408969
5,1,2,-0.03001675802206723,True,0.10889319998804178,1.406875704515467,0.1698021403033767,21.150367933650923,0.8685629272208129
5,1,2,-0.024317190941176372,True,0.5470835825990272,1.0695301838531328,0.03216014617245249,55.59351058226435,0.8634390733767485
5,1,2,0.024300535673783208,False,0.004936940303489131,1.397208057063648,0.04255978636938779,413.6487340038775,0.48866341590571505
5,1,2,-0.1747561094672388,True,0.9473201776935808,2.3589954397282327,0.0817941464934505,24.308005958143386,1.3301927945360539
5,1,3,0.01853146662110484,False,0.9560115444640238,1.5224335901062322,0.14184191517095887,123.7114444155592,1.1022714824351116
5,1,3,0.001587972797336662,False,0.1930477150615896,1.1821634472356888,0.036487774784794924,808.0428411049153,1.0151919849386284
5,1,3,-0.21057144080079981,True,0.5650655206880616,1.8120776033125168,0.10743558695248517,746.9001734958844,0.7389437676791745
5,1,3,-0.07996127288272972,True,0.8673046636950944,1.6732588820220942,0.10625254571987061,600.4188294331973,1.1299847316642881
5,1,3,0.023982259254298883,False,0.036409200879074496,1.7677721719875832,0.1094687660777837,47.71529702650193,1.0397948471387786
5,1,3,-0.037313716050226375,True,0.0384043283848491,1.215039796962571,0.19392302481492496,27.21133761390188,0.748795150984517
5,1,3,0.02322910546051743,False,0.25510465907662533,1.3535952491785757,0.04232024886131008,31.443105557800944,0.9121753455826731
5,1,3,0.0009888399914079007,False,0.15235864262555887,1.7200253917460568,0.049297601370106366,285.81469678233316,1.5678448258497797
5,1,3,0.03627725697150282,False,0.7840653766300787,1.3176527443585628,0.03758427741737136,54.880836953103795,1.0795968513725804
5,1,3,-0.08246853325237821,True,0.36761777857488986,1.3537877300172594,0.22966378343026259,13.361844116352854,0.8256126102508171
5,1,3,-0.015713709818252392,True,0.6428688928600361,1.8156433389563333,0.10203119055419024,79.68296801823342,1.851021225439068
5,1,3,-0.08907701989982428,True,0.51182436381494,1.4961662940301501,0.18372448708624184,209.13549582102658,1.3826775545642584
5,1,3,-0.18479837817562306,True,0.0998240844086633,1.373885278399053,0.10788646731698513,12.337417921659249,0.8001137337341602
5,1,3,-0.011968167068682065,True,0.9333397853924232,1.377012681529519,0.07715900020782816,102.46953726305908,1.1449450881894898
5,1,3,-0.0207085609465828,True,0.386058124513244,1.451812570014093,0.11284159918879082,481.2972644680896,0.9795214951691739
5,1,3,-0.034506220837524304,True,0.49609864526693803,1.785443902816205,0.07520733358227857,36.67094969955651,1.3024330567797695
5,1,3,-0.16249327839526767,True,0.4392656307799014,1.7797542672227544,0.07212681639820324,41.35907049638889,1.613214222334823
5,1,3,-0.001933771226200747,True,0.30231406914834286,1.4815974202249536,0.03262408909500693,378.1965133169665,1.062085669618397
5,1,3,-0.011669330808990588,True,0.028826851642016663,2.049997105007216,0.11722845533992031,179.6069251447542,1.4235075940406274
5,1,3,-0.2625336055044928,True,0.9688228212856503,1.4894692472702256,0.13606795912708924,32.03351096925105,1.0037371839717513
5,1,3,-0.08341630588993293,True,0.21036035049149837,1.6043428666959108,0.114573334545081,111.55377595219807,0.959983698786458
5,1,3,-0.05955167830328026,True,1.5693451664958558,2.0905274801401594,0.08259087945250804,297.54321483850197,1.8744682586790662
5,1,3,-0.04600340229731877,True,0.2869284438836787,1.4837878238066364,0.0829681345281605,310.96926928415456,1.0845023199345698
5,1,3,-0.025143445883925294,True,0.12677791559345744,1.8186429541792162,0.06925790303010033,59.63492327206638,1.2054024790051998
5,1,3,-0.03533413493707536,True,0.05290193130072039,1.7851539112063595,0.0864382708206581,155.29786741354462,1.3497022938262606
5,1,3,-0.08073931021035362,True,0.025172010883804923,1.8574942130540972,0.27246325343920286,125.57041187885946,1.0813870113345496
5,1,3,-0.0855292627045097,True,0.290112799027217,1.6745136436428656,0.15134985981545787,25.501347258686618,1.5251383272766996
5,1,3,0.006039528797290214,False,0.6616612353297948,1.3602062793919998,0.04951722860426962,126.24653469772994,1.2864755366853702
5,1,3,-0.05104956826105776,True,0.008870471141293381,1.6012482325484059,0.07470928480703841,19.50543156583241,1.3542598052986725
5,1,3,-0.016809048041751866,True,0.40834490021056086,1.496408997820717,0.12923632519039838,29.140063677337942,1.164247352545817
5,1,3,-0.010550005728929432,True,0.4668692965477179,1.5620619170145622,0.05632263442674735,128.28103021738494,1.4854473839943723
5,1,3,0.02567858754403137,False,0.6039510683278189,1.5398841921817072,0.030697602238954357,57.99365130106478,1.151196424508882
5,1,3,-0.061777393365070425,True,0.32199184029423306,1.764467559134059,0.10873952444337723,22.319826535302273,1.1762393680299463
5,1,3,-0.008325130430056091,True,0.7321350109202156,1.5465745395327055,0.06261358393054434,216.21766699096165,1.2707973604896492
5,1,3,0.0022316610881277983,False,0.08013510151450809,1.6876167576280272,0.07227136262805839,74.59092046382332,0.9534598631171756
5,1,3,-0.025905356026684853,True,0.21667279485254987,1.367380705616947,0.03311376573896836,39.50746703990505,1.3256242712741517
5,1,3,-0.01893866950039552,True,0.10998580478667691,1.6306308499883404,0.12018531085909344,48.0870413371982,1.461093172578454
5,1,3,-0.04370027286643462,True,0.028174166977888677,1.312692349106656,0.11883746056993019,45.25630274043225,1.0285432603770628
5,1,3,-0.06053597134068086,True,-0.027697774898778043,1.6118829698222434,0.2087186309594462,50.91514043530581,1.1581228825621586
5,1,3,-0.017619893883085803,True,0.7691895249245383,1.9330870286987203,0.08588300511725717,195.98050755247513,1.2527943405687998
5,1,3,-0.03898742610398506,True,0.15589974485849167,1.4965086298876107,0.15838073055316235,33.96105639545708,1.2066509522136073
5,1,3,0.0005603911149071191,False,0.09911462030463539,1.7772576190749432,0.08689419504171406,252.17631480391756,1.5560546987015347
5,1,3,-0.19429402806337392,True,0.37437081534796834,1.5285220069063787,0.09458241173031896,13.646394329357243,1.1146409487645346
5,1,3,0.05412310108565893,False,0.44751239323876796,1.4544098038068174,0.05401164461531266,41.75387862123581,1.0271343389868874
5,1,3,-0.03426225042724794,True,0.7966397337555343,1.6917303145978686,0.07624541462238761,88.39854687635952,1.1311372355819624
5,1,3,-0.06812611132380562,True,0.6794417606834974,1.6306697002622235,0.05057902777816258,212.05588053271,1.5121963017232356
5,1,3,-0.032227841999402665,True,0.16028146314866296,1.2984777551957054,0.05748374311183531,117.5639185005051,0.962201159412544
5,1,3,-0.0076761656707249135,True,1.0243897604571086,1.7684744830006671,0.03273874332135525,91.18062524263226,1.7427950624883444
5,1,3,-0.06433916110768406,True,0.0954367635179475,1.5741249731227311,0.19887039507916146,40.492782953710915,1.0382329495536202
5,1,3,-0.06535838469481309,True,0.13530330097698917,1.2823545285711184,0.07464666357330406,60.27890979878384,1.215649351146147
5,1,3,-0.046111554235607734,True,0.13112906548727488,1.5008719999570954,0.06942499063234656,71.31138494717216,1.1961494865124471
5,1,3,0.008559848677513675,False,0.9217552341359063,2.1728012728317894,0.08026823039414407,257.0000713667976,1.8050622166712587
5,1,3,-0.0854801697013522,True,0.40212702944003265,1.615977202325856,0.16032214909183534,20.80450223465053,1.444204267674482
5,1,3,-0.006726150233836221,True,0.8396786301450131,2.034922289977466,0.07629078071137416,59.46411328903556,1.4112013450963183
5,1,3,-0.03740042562186565,True,0.005278467821322134,1.4303106412468147,0.08285510533525442,122.16334684486003,1.0157812275677196
5,1,3,-0.07670261481255414,True,0.3914901618247353,1.230362095325766,0.17346956704505057,10.354417829903113,1.05343496785567
5,1,3,-0.08789388904410844,True,0.22186550325804294,1.343525585349989,0.12537549554473426,55.93957932134477,0.9444583518591844
5,1,3,-0.05868257442945555,True,0.37774242911214795,1.3723722433999337,0.10096764915348565,16.037167149801302,1.3944096964460857
5,1,3,-0.014583184941648019,True,0.7738351915911663,1.7728157849381678,0.12024234678631532,35.58098239566715,1.3816002210200067
5,1,3,-0.04542095193246851,True,0.14377123773475353,1.375657011274639,0.07634920983742846,22.004539309738515,1.0362576004440245
5,1,3,-0.04113748346799401,True,0.5109950875178209,1.2919858430197693,0.04038481622392598,57.86053676827648,1.0828132996103665
5,1,3,-0.00283942518976543,True,0.01031144546967328,1.5253913028792245,0.07731506761046229,276.94868748999204,1.195620930159409
5,1,3,-0.20393830635134375,True,0.00562825573136605,1.5411625410959287,0.1679538560264304,374.42456242867297,0.9183871345724817
5,1,3,0.01861115698793324,False,1.036422893904576,1.424606682565411,0.05332379004980614,79.92940556534352,1.1765961677325876
5,1,3,-0.02368309013850288,True,0.05978700319733319,1.5100046290732538,0.0713725759331768,759.8327373047032,0.9673520812032851
5,1,3,0.006569573584027261,False,0.0502711434252543,1.424868033541917,0.03486660180791823,53.61614574833368,1.3061593824291966
5,1,3,-0.03116669477812622,True,1.1594123011297504,2.2288952507038786,0.13645213398090325,90.34827595676308,1.7575162234057529
5,1,3,0.11168641830110539,False,0.6128416158757605,1.4418833983005892,0.13730617715320118,3456.348462803386,1.2165080400782968
5,1,3,0.0021324044779184132,False,1.247795038238515,1.3978491607941985,0.06534212265494681,2808.6349352183493,0.8339371727503159
5,1,3,-0.03278627324905212,True,0.013423615146272244,1.437054497097748,0.15492249021099957,119.30727164296363,0.7439146861842627
5,1,3,-0.008502583841231903,True,1.3880810272338058,1.6009593372492594,0.04491369385223994,53.393618104360804,1.2987551462652618
5,1,3,-0.043779869811785804,True,0.4555891906163316,1.390172696191816,0.06240990703664696,35.612003511484986,1.1209928209332112
5,1,3,0.02440658297829356,False,0.13047330458317297,1.9418817779251547,0.05689366780827405,70.3512951748811,1.678513808409134
5,1,3,0.000365141178063522,False,0.14681760027986188,1.7154125559549465,0.07725738756804021,199.11170158482662,1.3681815629799026
5,1,3,-0.004846593725010162,True,0.32375132961466724,1.2533908374604605,0.09387127399373218,88.36718563859806,1.212313559678828
5,1,3,-0.08266086128097708,True,-0.028239519600297653,1.7020193843500822,0.07002011970746143,304.7043235105329,1.447990086388708
5,1,3,-0.02349799216031357,True,0.9872940630932879,1.4723221139644826,0.08110009563325243,235.00098823262311,1.336357627156315
5,1,3,0.003295644549289172,False,0.7050664903638317,1.6897794005786182,0.2053947344361289,72.69588081670791,1.204957539421375
5,1,3,-0.026009349137360676,True,0.23063496141649228,1.693494659490305,0.08032389284755813,59.68883998545718,1.3394183922973126
5,1,3,-0.02457553379650806,True,0.19773830450871455,1.8007709477424299,0.0796725910933595,35.33515561510066,1.24569302187476
5,1,3,-0.05917533434914813,True,0.16540787899586917,1.4257837555017752,0.12387847629176026,50.5022174105726,0.7253512955831011
5,1,3,-0.028796318661658306,True,0.7541089465465411,1.5054665333579527,0.07748332884057599,23.848100826796887,1.2167101381873042
5,1,3,-0.07600658874744326,True,0.004150963062183514,1.8730234680189783,0.23923627511415185,624.2034691968985,1.1893004080668337
5,1,3,-0.07552381267339565,True,0.3809978864891608,1.7707831238237652,0.09908371259118755,57.78438375344944,1.245252879958929
5,1,3,-0.08180734205677406,True,0.5161531894245607,2.075965348634602,0.0978182822702169,129.02190820128874,1.6457535028999244
5,1,3,-0.005098016429963107,True,0.006737395207040882,1.7086675787771801,0.08198514405872652,4192.188100433114,0.9395296420024222
5,1,3,-0.004295208971254363,True,0.07070542090963712,1.6897526782452545,0.18650429661209067,34.26978453089055,1.0299575905393643
5,1,3,-0.12942592965472308,True,0.020341924123581684,1.5218291434462135,0.11350006079818736,14.595128058355876,1.154932336191132
5,1,3,-0.009068402212264423,True,0.23008164654027627,1.3806483875629794,0.04521135762690846,127.2570755330031,1.1479331143460785
5,1,3,-0.03616392619960478,True,0.3887097222058873,1.2453153751131696,0.0612308301773468,437.1366733668728,1.1856144030286502
5,1,3,-0.02110883261898336,True,0.10056365313332366,1.2828958224690854,0.03311238303518218,96.43532065141217,1.1538143121804756
5,1,3,-0.04571316119998739,True,0.5301833137680205,1.6650870837765168,0.09678331321590565,59.97975513809709,1.3043147410920115
5,1,3,-0.029287989771654643,True,0.39870877391305737,1.3146853607917117,0.1346930905963619,45.10704157978451,1.0177385538669128
5,1,3,-0.021096965768006782,True,0.27095456802977425,1.6372289795605703,0.06369565696540277,49.9677938531106,1.3709205012355168
5,1,3,-0.022975824598389993,True,0.17490529608381666,1.52280946913679,0.035041749526761805,59.689693150995964,1.3398936717522558
5,1,3,0.006673777535889745,False,0.4729433323808418,1.7658117619988427,0.11661147040546987,88.09800283419516,1.2993561850863329
5,1,3,-0.06500004337771172,True,0.3288206949242761,1.6679181161093926,0.146063168895725,53.07620657062582,1.0797942840794623
5,1,3,-0.018321417549054808,True,0.4731319013582202,1.562713273321241,0.02457215405084869,64.99961894087616,1.1319453468354168
5,1,3,-0.002982395522299621,True,0.5542474335528936,1.895672374134752,0.1181851510850845,28.428315916949998,1.4097851350357926
5,1,3,-0.0501490714870593,True,0.0789083707316873,1.8804429662156747,0.08000210411068062,79.32540872462502,1.678246838236715
5,1,4,-0.0267044745898719,True,0.6380196489766452,1.754748639079474,0.09926282314285544,324.99076950428696,1.6297068216113286
5,1,4,-0.1306463733454377,True,0.013389765163649647,1.586795132396445,0.1076138285805456,94.96626228590183,0.8431639466502633
5,1,4,-0.03529190055570428,True,0.07501899469633264,1.6828388206877423,0.10554009804777498,63.05645565066887,1.2883738994233425
5,1,4,-0.018994135332097345,True,0.44088281219320574,1.8731802825836497,0.03299493919773952,56.063329260507004,1.6085239438541907
5,1,4,-0.03966601742028239,True,0.40849248066479904,2.2011938289667827,0.06754257882896184,92.97733156319347,1.9281595335986927
5,1,4,-0.034309701918539014,True,0.8102167372938949,1.706122189873288,0.1465043230267097,356.0170370047592,1.4567224740772098
5,1,4,-0.07871981629831287,True,0.3223700004808986,1.6592242319493813,0.21967850182987866,43.33250538017198,1.5712416001168885
5,1,4,-0.014772268772510798,True,0.29668218357819,1.685590339996041,0.07806059977583937,112.55708103058117,1.386715733526115
5,1,4,-0.03078669230959106,True,0.553783907789607,1.3833041431226345,0.039380157790026855,27.332763379925044,1.1680442754757643
5,1,4,-0.050002478759212945,True,0.08442575484307138,2.0335491257161076,0.06798472508153629,373.7576723806787,1.2877465910762627
5,1,4,-0.027426089621809344,True,0.44606348644628474,1.2621360129852819,0.058226334643110306,64.21860063411029,0.9491500391451088
5,1,4,0.01388870677337563,False,0.9979921509785543,1.668773416601235,0.061365551397459216,75.8062432260645,1.6193434486306577
5,1,4,0.01883879938973851,False,0.5787170710258976,1.5526124036971616,0.07555938063260545,61.1732671893493,1.2101329102932548
5,1,4,-0.03412255436909682,True,0.16103582038279185,1.4800725226817517,0.05460311162191008,95.9847133613679,1.0900286664523227
5,1,4,-0.010085259215747992,True,0.4508476149848474,1.5667821365946624,0.08080102364926435,114.21147194580476,1.3642659719346308
5,1,4,-0.09410389387087607,True,0.22877950636362265,1.9552673936051166,0.13954379340862577,3508.184395343958,1.274171988762291
5,1,4,0.0017058469841965353,False,0.03274247184813735,1.2024772774688721,0.031196568453638718,75.71264950466416,0.948910187891333
5,1,4,-0.07943471996602222,True,1.0507738717337507,1.3645451613737298,0.12714981163586833,98.61445286131085,1.3200961194714307
5,1,4,0.0070278997132540676,False,1.0035633261289751,1.2246468794855159,0.04050654385777329,65.09811677605838,1.1060706255693935
5,1,4,-0.08973798179768215,True,0.8107850923922604,1.7829633010097101,0.053064982145485544,16.376514628192854,1.6433325463099717
5,1,4,-0.03640736064250495,True,0.14444114501967387,1.6607269633330828,0.10120583070377649,33.42599097019018,1.4720713618081673
5,1,4,-0.0391865149419038,True,0.6242363954651395,1.930562208145789,0.05632440517810051,54.40144232425605,1.482994584835161
5,1,4,-0.09656442048491654,True,0.18118192215492981,1.4865384138054818,0.11586330822581624,95.88880956277625,1.0418352195546536
5,1,4,-0.016448927938890974,True,0.06182274390382006,1.424354895638309,0.13034175538998347,53.95607703449302,0.9733379466202917
5,1,4,-0.07794878841951727,True,0.7860978115701718,1.5025935680644533,0.10797467488132387,156.66486781839174,1.3569345205677228
5,1,4,-0.02591724829016878,True,0.13076551168260003,2.223730443261476,0.2047915580320277,20.969824126252853,1.792150828267139
5,1,4,-0.00027546022491371227,True,1.134877185509864,2.2105220917298793,0.11497714888076983,1391.37515811988,1.7027772626343427
5,1,4,-0.0199509107448269,True,0.7567309677236921,1.3203981466875716,0.03956071430148236,1093.9449338040592,1.1306928727391552
5,1,4,-0.05027629463333858,True,0.765102501640759,2.0606898603932997,0.11707002590631198,18.8421669559601,1.9369861675402171
5,1,4,-0.07905683118007234,True,0.12496993044987702,1.5972098768216,0.18443885803736046,21.46782075830138,1.2548644153349702
5,1,4,-0.0703968032343898,True,1.2332143549870904,1.6455682750982574,0.11385872817455965,58.12454908359166,1.3413329207865545
5,1,4,-0.014044188320797138,True,0.5840477922115548,1.2638887464012212,0.039578399601752676,159.79340948681408,1.1594493654746625
5,1,4,-0.07916020429758576,True,0.2620224006476548,1.6631034202929245,0.07729278814746778,41.78677015222007,1.5483263031820895
5,1,4,-0.020037481859084025,True,0.21484802418874818,1.3999968297189753,0.05263626952423339,64.56744473094723,1.4825040585707485
5,1,4,-0.01704021150139691,True,0.5169614344935751,1.6792218940190617,0.08525052940998204,25.22267387600815,1.35289165010062
5,1,4,-0.01974038326411673,True,0.7721196855090721,1.8033309870543657,0.12577653643383271,33.09189935533671,1.3773007806859776
5,1,4,0.04553231830474854,False,0.3498100753508626,1.4440993299315898,0.04162239648550583,66.97114252790207,1.0974524214171408
5,1,4,-0.01892716069072997,True,0.6698244409364988,1.4661680847260983,0.11173966040236905,82.70192403344093,1.3083869639381882
5,1,4,-0.06997682224867843,True,1.4828886191430142,2.4511301327166968,0.10363834472836772,82.13520263436284,1.7194394081991302
5,1,4,-9.581300442607077e-05,True,0.0974335343253571,1.5839420817666408,0.2409028906434766,54.40826308655939,1.5101971929270284
5,1,4,0.009535466337759296,False,0.25850380325374833,1.5174468526522635,0.10095116351107564,133.513695057006,1.0725150317033219
5,1,4,-0.008592453783660832,True,0.4844777759857374,1.3611592193909219,0.032394825166624897,230.93635781907585,1.2967645132268404
5,1,4,-0.048630749109124946,True,-0.021173601261505717,1.504090968591418,0.2842401708986456,80.44499877060858,1.2162337592880588
5,1,4,-0.04375090597849676,True,0.9364295011902848,2.034112353731038,0.07708363939021877,19.871307363375028,1.4599747527075662
5,1,4,0.005337632885851291,False,0.1993018119020208,1.3035684452123715,0.04912410518180009,184.78212253624835,1.3183902894343706
5,1,4,0.0032075680287763668,False,0.33889747622341193,1.9239778635102007,0.07391971812844414,38.76369670294769,1.6635796873377215
5,1,4,-0.015347977845860856,True,0.5437618563433196,1.5163214022165241,0.07506462712280713,51.20790494092941,1.4502277462534574
5,1,4,0.012166842352464123,False,0.04867524747295239,2.0330459649984935,0.21240496401233916,66.49818133384125,1.5409515753500787
5,1,4,-0.035074231432870334,True,0.19446596485013207,1.9645098245572692,0.14451044534489235,43.462385045603746,1.0868948607701872
5,1,4,0.00520764832646364,False,0.8594634641642319,2.3232423255822874,0.1418672969521018,816.2618985643142,1.978459332931271
5,1,4,-0.025228413203138005,True,0.5881383090640167,1.5709356343617975,0.05810442020184779,53.012428767320245,1.3589983966056947
5,1,4,-0.04288492881927397,True,0.06293645188660907,1.5547599978560067,0.106477050689828,40.6611106480437,1.367878733649473
5,1,4,-0.005951831599905394,True,0.19168283637161443,1.5672544209820225,0.09361813361296839,74.39726596628391,1.0569144205045755
5,1,4,-0.025320082353855425,True,0.47480580119711835,1.9761743636433011,0.11531641857571498,38.5203616551845,1.3464417410433065
5,1,4,0.0027319614876143003,False,0.47149147177861667,1.5938055190143647,0.08881329375233077,2177.027272212332,1.3771796185477747
5,1,4,0.007772364705261158,False,0.7533233099785749,1.8088164221642937,0.05614141902969275,1791.8703781663849,1.6145497388656114
5,1,4,0.026424307593837865,False,0.04559030879136965,1.7174014952428522,0.14172056306166783,201.06684745362818,1.250604000948567
5,1,4,-0.03399143000458332,True,0.03298298935011863,1.620026040360662,0.05298349938526792,60.06063523576109,0.9890853393406528
5,1,4,0.012675365784581368,False,0.05559582335414609,1.3040851342703885,0.19296315200169883,101.55373984707468,0.9739847927430829
5,1,4,-0.09924416825741705,True,0.1612556092676259,1.7760586730955368,0.13748136797595303,586.7184425752918,1.251505272803803
5,1,4,-0.1437863238037987,True,0.2756639701857773,1.766011113271142,0.15985921774768255,190.61231315060962,1.4323440879709548
5,1,4,-0.043855527066780114,True,0.015590151917935089,1.5783557245374245,0.12164551686134767,463.7904290153162,1.0833325208059041
5,1,4,-0.03815466358833562,True,0.1147784328545558,1.9759749281521712,0.08582249919531412,13.287133946676635,1.3284865549594023
5,1,4,-0.11796006805753324,True,0.0849533303195997,1.919395305319759,0.1684538061678493,18.274371677930397,1.2114415319356198
5,1,4,-0.06286596656321415,True,0.27779758274720645,1.6593315121324423,0.1586534859647217,32.54474989021643,1.5448532841251839
5,1,4,0.012710172364681055,False,0.07986363985499167,1.2136486057329434,0.07184632391391728,162.267411990557,0.9505702336075335
5,1,4,-0.060641764331859006,True,0.03917187257969341,1.7523303550345648,0.05775667030124793,46.55257809400991,1.1719226121305661
5,1,4,-0.13090908380207653,True,0.6324790484582485,1.4687667723622786,0.20855813094638714,34.20866900616487,1.1087747669997758
5,1,4,-0.25810873071409235,True,0.015897643195193645,1.3045530547245512,0.18576738001525572,160.62059041686356,0.8131988043033691
5,1,4,-0.03885763865852413,True,0.23978459302029595,1.2306258287935459,0.11422148969805819,70.01779633832484,0.9978079800652048
5,1,4,0.006415864866200862,False,0.1159407195416815,1.779903724287758,0.11958571543298073,78.98822693220485,1.6200275651769174
5,1,4,0.002209404253313855,False,0.64059208008435,1.5627967901752422,0.04813738774709525,521.9867811008068,1.7286782994004846
5,1,4,-0.002143425398090684,True,0.09357861022699238,1.5950319386341316,0.11553420709188401,183.81550311739483,1.1035048496070279
5,1,4,-0.03679279961331691,True,0.011549219793181157,1.8298039482371151,0.08290910523729982,332.3043813748893,1.334203679545747
5,1,4,0.003765742448633028,False,0.1938168401686208,1.3088280461450452,0.029485790185841604,76.76233619804378,1.2086889675929764
5,1,4,0.004849485241639365,False,1.2475022085172096,1.9278657996549577,0.13009554827000927,513.8385458385286,1.3752505535359236
5,1,4,-0.0334448048706538,True,0.38364576234671666,1.6943239216383743,0.13123027420330385,352.023871000304,1.326905443797404
5,1,4,-0.04240306529048254,True,0.38970155027274533,2.0328382520253583,0.1459786882788026,28.88474262296364,1.415555244535208
5,1,4,-0.1547750633118992,True,0.8324588919769135,1.3961322658418336,0.07730472861777228,79.78992953255286,1.1354003686483152
5,1,4,-0.05789394126918258,True,0.5359653656020569,1.4947634102590772,0.052776569142690244,21.568136563295454,1.292544368840739
5,1,4,-0.1424688411197495,True,0.5418545019881207,2.0134465768959013,0.1309566632925528,17.39766129539873,1.6297832154342835
5,1,4,-0.09029956916492002,True,0.14549667407452793,1.9633656954626786,0.09955013741920249,46.427920660783165,1.3301717938098625
5,1,4,-0.0375910594233791,True,0.036406590172763195,1.316013768846542,0.16247747205172072,88.32926390082675,1.0147282591577056
5,1,4,0.1535607330684964,False,0.9501739563288891,1.7542861628010464,0.04408637842101953,287.5886539942379,1.6594796454430016
5,1,4,-0.019530807230723056,True,0.3254078713794822,1.846488318678225,0.07887584683601533,105.18603435795617,1.5050894235182577
5,1,4,-0.05015288609383536,True,0.13149733598466812,1.4910361409690311,0.08639953252413095,25.23918569605619,1.0225654506589672
5,1,4,-0.0015136178027243979,True,1.0902205206213014,1.3529451224567723,0.08336843122906622,122.05194280915764,1.0973183885278883
5,1,4,-0.13139075947319928,True,0.1784144703178995,1.3717190748338792,0.10759611088126667,96.34039750267345,1.3082563430026377
5,1,4,0.002833729016219557,False,0.6344965285670355,1.5944791640795928,0.04585408324022726,1240.4536837205276,1.251029347689101
5,1,4,-0.03733723417082563,True,0.3914593583896621,1.371396853802225,0.05988017198411572,24.911591291786586,1.4782325184944674
5,1,4,-0.049692088992107857,True,0.286849249793663,1.5268597293917305,0.09295779343112669,152.71557981382347,1.3442248359664764
5,1,4,-0.02113846730848979,True,0.8192907324796892,1.670308040368397,0.04260457263564475,112.80161816844203,1.5042643621306635
5,1,4,-0.030434185765154102,True,0.3309474089711455,1.6579290445841,0.16017660216349988,10.485207297684239,1.0929435787607367
5,1,4,-0.049357006462296,True,0.20266729155770705,1.5168119108282412,0.06006240514794034,462.82305404523294,1.1048357505599866
5,1,4,-0.028474803295894066,True,0.22169319484412797,1.6161050906151477,0.14850143508984712,53.29905663492769,1.6139144899813078
5,1,4,-0.03705285157676208,True,1.0016010956890142,1.6889158460711196,0.07101519989963241,87.14554666403835,1.4084639393977663
5,1,4,-0.08161201700904089,True,0.041366996472323156,1.622404055604377,0.14616087858085341,70.62932674191218,1.3379789612053528
5,1,4,-0.01338509044344587,True,0.3370516762905962,1.207402704125803,0.02449164107181595,535.781968861555,1.0759060301899694
5,1,4,0.026886978415687306,False,0.05287644075622088,1.3854543103479275,0.055893254852863374,46.48651662377342,1.2212167136205705
5,1,4,-0.09126961890160358,True,0.01192642572912895,1.6195034330903133,0.12994616035504905,27.984014592655313,1.162774062258626
5,1,5,-0.0009538984799644367,True,0.3983907920391184,1.259441759969614,0.016620614944387848,274.16924689297855,1.1437300743503074
5,1,5,0.0024186832697123306,False,0.8926616578314465,1.7120159690752987,0.05929002268015829,47.363182834212225,1.6263163838534405
5,1,5,-0.04650242847031687,True,0.383103456742271,1.6522563662184344,0.07061814578904473,47.64729992242615,1.2775503392718393
5,1,5,-0.03572354637201944,True,0.5445152567550845,1.3781865009564904,0.05852270927906763,1004.6582175681585,1.3514715904543666
5,1,5,-0.0078074610563099054,True,0.6152585088047872,1.641426279664243,0.09447598434821117,66.80993073837386,1.375732211891733
5,1,5,-0.004731113692054039,True,0.49841883922941743,1.3237872836453444,0.07602954207108586,42.39367647084043,1.1880243331045286
5,1,5,-0.08565157837075695,True,0.18291271947417803,1.3443842035901705,0.14833940008362403,11.649298614019422,0.8226287453865899
5,1,5,-0.04659169939190875,True,0.36787343467891515,1.4710484665428718,0.16480283314502334,43.148334741921005,1.3655668598275
5,1,5,-0.0006013115843920037,True,0.6986861270615362,1.8992040283365657,0.15709127251338836,264.32478968823347,1.692761307038589
5,1,5,-0.054383282235146185,True,1.392201974313885,1.8059894699431132,0.10017898329635465,39.31484220012825,1.8409833069466994
5,1,5,-0.13191185073557335,True,0.11515625826717012,1.7408020031335918,0.10878185327634671,135.00706122655825,1.2591398437207721
5,1,5,-0.027670535076805364,True,0.028116946681120827,1.5405009751024774,0.1078988376447847,55.93127371127723,1.062695690587851
5,1,5,-0.03016589990175278,True,1.2770539882256386,1.6868102119380959,0.11481819239144875,85.22549058597455,1.5091259829210328
5,1,5,0.009193732271889783,False,0.23345345167752912,1.4033606215991998,0.055094182561202534,291.9332581438532,1.0831750692011224
5,1,5,0.01201739892983375,False,0.48587436917467486,1.9641703055904067,0.09336489177817173,101.51835013056362,1.6830439182849684
5,1,5,-0.0035255349699004797,True,0.4272113045692401,1.5463582558240863,0.04927005217172777,40.382142338596985,1.1886113842016062
5,1,5,-0.10092194332250562,True,0.1896121147883611,1.61125216320864,0.18713254159305037,24.71122895276945,1.258393150850756
5,1,5,-0.03345080099061804,True,0.16026525732025387,1.8382162889788374,0.18738944641514868,95.2878854824016,1.737537853035423
5,1,5,0.017746173790353644,False,0.1580029994477521,1.4289636959560168,0.10186653134812163,2236.719229345913,1.3007751894109656
5,1,5,-0.05329080034117334,True,0.08507941446747572,1.6710623595932752,0.07224091516163256,27.50825523861009,1.2634053658461992
5,1,5,0.039840676763274394,False,0.2325484420030418,1.523669273596169,0.05994425027030243,155.70817449483093,1.4422245665395352
5,1,5,-0.01105529104848741,True,0.12482578968361034,1.5722676707391707,0.09416774592011433,53.21162100289232,1.1924353503987528
5,1,5,-0.013834459902659541,True,0.2591984332215228,1.4069914862537263,0.02229759107573295,85.25191514590777,1.2782447656455735
5,1,5,-0.012134520345342339,True,0.6515034510522495,1.4163667719191,0.03923359069216855,99.55354669258912,1.2445905564456403
5,1,5,-0.007919693317472894,True,0.6702092178454407,1.8037656485700453,0.09945191533016358,4244.385313994206,1.4452716429281662
5,1,5,-0.010003830210761762,True,0.5943675488505096,1.5288773230032897,0.04741185305323534,193.14197269167425,1.0865537519885653
5,1,5,-0.009581031137988302,True,0.24257336797398776,1.5104653896696647,0.07534920360927076,100.29898602476311,0.9980607088587463
5,1,5,-0.014137673710471714,True,0.014048064058418712,1.2320465855039275,0.07024907640166718,104.97365731652195,0.994587051137727
5,1,5,0.006466728023421303,False,0.32104342466921293,1.0825887643742775,0.0563883524081974,75.78797027766295,0.9594687645769695
5,1,5,-0.053144726555911716,True,0.5476921615071868,1.5896743398355375,0.09794248600168615,66.09376938377898,1.4329598748543364
5,1,5,-0.018419299033332972,True,0.6709952612660334,1.2908754093785944,0.09873001250702566,702.4704309720158,1.4126253805635443
5,1,5,0.015047141353805527,False,0.6108504103305865,1.8543284175959673,0.0632161260692928,97.72458572824249,1.6081682263629422
5,1,5,-0.030239579947225176,True,0.0015610734624993037,1.342949706910642,0.15662225815652253,1068.6589962679773,0.9000201946589029
5,1,5,-0.05261127542449498,True,0.14229919979776334,1.8669659869205895,0.12877558660589525,22.08045771733688,1.255672213825447
5,1,5,-0.014400119337597576,True,0.9354441863957483,2.2756730429122225,0.1284991533273408,8298.295190646208,2.159841784840297
5,1,5,-0.026830866478794527,True,0.4850938584467874,1.4887408344576092,0.11264121805053308,816.4248720044461,1.366713426805586
5,1,5,0.03787882046307343,False,0.7804693116464531,1.2777237621415551,0.04123909813007109,176.91100087993863,1.031375126482908
5,1,5,-0.058646716861686224,True,0.247923336028844,1.6932071096955674,0.06797305397682232,332.82805230446587,1.1655823895838595
5,1,5,0.002260795130252384,False,0.020862691281553575,1.8572836589020905,0.1055790138636575,202.92925547417875,1.2080518313524902
5,1,5,0.009944136749119814,False,0.12698066363363159,1.2270676907343685,0.09023666411539272,69.12716510985034,0.9920307652528838
5,1,5,-0.13111474149319408,True,1.1099141162341746,1.483485747981981,0.07878900642687758,13.581283362316526,1.3736328923233627
5,1,5,-0.06614768679403635,True,0.016020308513785886,1.476523426776214,0.08103732598201854,296.0466387806715,1.131436684985441
5,1,5,-0.009093010411002158,True,-0.00841117185001207,1.5643864109296832,0.10817813646432341,266.93006226030735,1.6223771669056273
5,1,5,-0.036843964401946205,True,0.46420611662016914,1.366684455326935,0.06317683877357215,725.80659077431,1.0854036537476457
5,1,5,-0.04084119406017022,True,0.31099245351481375,2.1268214752287204,0.1322189005840016,759.5596216892807,1.7028975126866368
5,1,5,-0.13187978178158585,True,0.3141281362404259,1.7968958601028284,0.1978225285323389,260.12015361359533,1.5730845187703695
5,1,5,0.0034389248247294123,False,0.5337158086012236,1.858784168852459,0.11931563861174392,47.43657462605209,1.4611426647593346
5,1,5,-0.0504188464192009,True,0.31341715289337746,1.374451106814525,0.15767653191373857,30.096488308916452,1.2328117963205598
5,1,5,-0.11914743950735511,True,0.5322617642927783,1.3855717035129549,0.2055014663774537,25.840078738487808,1.2055982120668394
5,1,5,0.00254693119076766,False,0.16551559094520446,2.0764442309193702,0.07813504842957915,197.5690385753592,1.5066718264774224
5,1,5,-0.03655635975023713,True,1.710579504346748,1.750718602512188,0.07333882292156663,79.49272468213573,1.7364219058176482
5,1,5,-0.044590057609435754,True,1.3060275975976035,1.7771857380868303,0.06319903131725003,292.29453037705713,1.79391991120436
5,1,5,-0.15766315488780921,True,0.10608736823043374,1.4045843033533965,0.18984362054238837,81.88526247857634,0.985401927905341
5,1,5,-0.024828783133615456,True,0.33463301913244053,1.247548308248201,0.04733017673415314,37.3926529828526,1.038394826820286
5,1,5,-0.06603511931965603,True,1.1899163836349451,2.2785764027215354,0.08840446291875889,73.38008102013414,2.098968175901947
5,1,5,-9.754548336355134e-06,True,0.3950065300815655,1.0863711215968934,0.029423619252850527,193.86421317298408,1.0504035210700766
5,1,5,-0.020371046579697658,True,0.03946747028336031,1.7223951611970638,0.10037483033285544,373.3957347896626,1.1834542938058443
5,1,5,-0.000249222634132254,True,0.7019711723852505,1.306581923590061,0.11976108974203807,65.6973385905063,1.459240982061143
5,1,5,-0.032192623750737163,True,0.42075762578347314,1.373450786383836,0.056565148063309076,40.209219417389086,1.169183466133854
5,1,5,-0.007413345816162298,True,0.9245277981047998,1.9271905524072264,0.04332117715857252,698.8838698488365,1.540726637172347
5,1,5,-0.13260226543036768,True,0.25324848746852746,1.538139260818494,0.1495208450701411,22.99145479609622,0.9274027217782387
5,1,5,-0.050576869211186884,True,0.07159920002749771,1.6082357558882538,0.13456664789874367,50.68927109569309,1.18042091088879
5,1,5,0.009998499859319108,False,0.344699994818675,1.2904497538992221,0.09369322632345739,344.9499568393025,1.443104035566545
5,1,5,0.014068460778721951,False,0.7140704636055589,1.9880875563783056,0.047156585698165276,680.3936464517008,1.2444598017206798
5,1,5,-0.03560847172002929,True,1.0070376089932902,1.742655807330358,0.04009579226309984,50.39672977374102,1.4682395648546132
5,1,5,-0.02666355858054209,True,0.015812203281083244,1.4520666547099395,0.06515004763261441,43.78229686379058,1.4525360804394372
5,1,5,-0.02115272962798706,True,0.5692607474254845,1.223211300650819,0.03864908663722645,174.98204861472425,1.1122602304375728
5,1,5,-0.055383421357175174,True,0.1086330076501576,1.4594162919958695,0.09879951614962496,13.202488499794617,1.2660334703132172
5,1,5,-0.029358464736569292,True,1.09076804652562,1.745661372425579,0.12241322102685354,59.34030273964135,1.5408395081496293
5,1,5,-0.013542902307145664,True,0.2289760921047762,1.4453035622581953,0.06856966905904595,621.9588375235879,1.2983654773246565
5,1,5,0.009512653779370349,False,0.08576376990261653,1.5419523846112348,0.0512688822415956,27.191026738644386,1.217715660090056
5,1,5,-0.08086027457284015,True,0.8736750344652432,1.6995257706179299,0.16976589315711899,135.73697338824192,1.4133697352128405
5,1,5,-0.05971084029342688,True,0.19240456250996593,1.6580725587042933,0.14283623366962722,40.91571355025591,1.50483736642702
5,1,5,-0.0914117540361733,True,0.11077580765669545,1.6128031628472004,0.12874182798771072,150.90836443664654,1.3554660955822495
5,1,5,-0.0612108271087697,True,0.6940019831335659,1.7509926203335928,0.08795511748681002,62.57969924903775,1.4581175563535957
5,1,5,-0.023594339795292688,True,0.47580447181318464,1.7363312771080284,0.10337728438648058,80.18624935366162,1.6506455353257738
5,1,5,-0.051616493838283095,True,0.06051572083478635,1.6241190032532937,0.1166611867558964,60.80799281526194,1.2831121306695148
5,1,5,-0.07879005772434264,True,0.38692303609676404,1.8906898438034319,0.11211609070454243,22.509917651030445,1.4035243294847541
5,1,5,-0.1786048078328988,True,-0.006345684468226741,1.5632359075338007,0.11029849835536613,639.9707315965107,1.4989362808315307
5,1,5,-0.012289701644273347,True,0.005198852886524108,1.653922627622387,0.15623764028864093,288.1652182162155,0.8605981806915891
5,1,5,0.0016127816485487895,False,0.1723973678433449,1.3882297257274163,0.037820511896480204,719.116183318268,1.281974394023928
5,1,5,-0.00634955315746758,True,0.4118604316939484,1.700683794728762,0.07031961305248852,168.2643741960369,1.239722640360263
5,1,5,-0.020769399590822343,True,0.8562253892471569,1.8353834854309292,0.03493756317210955,260.4756622511872,1.5341811368699652
5,1,5,-0.05538738097992375,True,0.14798210207286042,1.6855528632809047,0.15979131108410832,440.3122817933992,1.3876782205603186
5,1,5,-0.10058667119491012,True,0.22913641740385376,1.7682914955679079,0.16702182328766188,20.162618920461412,1.4981874845446723
5,1,5,0.04388299194280995,False,0.723734570747534,1.9113229364969786,0.09905206321338998,85.41888723357935,1.4701495150478352
5,1,5,-0.04771424987302186,True,0.6014863295019963,1.3691113385039098,0.12363087399728777,28.38978346295858,1.2772040466445236
5,1,5,-0.0015342294442758193,True,0.5411287609916436,1.692083998804209,0.1275907527770134,84.27022266168235,1.4486198298761395
5,1,5,-0.0321335119137672,True,0.058408441943949646,1.5811715803792414,0.07764839102803671,45.291642596511785,1.26732327650709
5,1,5,0.005627281176183313,False,0.7884119675019721,1.495635678687519,0.037503513608838614,164.95882300548053,1.1562798729364905
5,1,5,-0.13872103208011874,True,0.017274824004386118,1.4544153443518613,0.1250539545762203,205.43337544426137,1.041262315404535
5,1,5,-0.07954477325063258,True,0.36257829435342065,1.723720718436363,0.08828182850662919,24.734544265119297,1.5184890772101094
5,1,5,-0.12000481929350292,True,0.07844472232631405,1.9112060672976843,0.1694902793263018,23.377978863056303,1.3961024824997506
5,1,5,-7.018632692384896e-05,True,0.05880279760556093,1.39310983980391,0.16884771460286607,469.2062364746193,0.9815355786621501
5,1,5,-0.0027256462842767245,True,0.729794158609149,1.7110556345245962,0.055308294103364894,2569.6427593334147,1.5088399863306097
5,1,5,0.018751569974132597,False,0.561825296040459,1.7933101691885722,0.1601235119975999,93.9466990324764,1.4164125701123305
5,1,5,-0.04174743956262043,True,0.36845381939559346,1.4941276654227253,0.18901152993556916,23.16255077637088,0.9823747894207175
5,1,5,0.004754607234652794,False,0.8501051280578267,1.5133773201564906,0.06366561559232305,68.36298733667634,1.4231856285890683
5,1,5,0.01636756555440257,False,0.0022823275076299786,1.5901886633499303,0.031420157193607974,1594.160711703722,1.1075246404066545
5,1,5,-0.06110458754050846,True,0.33114076038434354,1.4378152300149845,0.15116997013907285,22.59697608053083,1.2348664426118614
5,2,2,-0.024285506550395825,True,0.46398744770979744,1.2353992746189648,0.033218069665181434,1101.7137464950376,0.5612885057081968
5,2,2,-0.051068689376011715,True,0.6676993746390398,1.6165077025643422,0.04416914037607459,58777.622031354804,1.3233467929670986
5,2,2,-0.07020316930787902,True,0.8314850014959317,1.7717223959298216,0.08337404772159775,417.33255418142676,0.8016425127681525
5,2,2,-0.07889932675962255,True,0.5471037202135169,1.674791773484015,0.09627058042183892,423.1331922188161,1.0427192974210788
5,2,2,-0.03249462137320023,True,0.03394915643200334,1.2835216437579429,0.07397401613018634,60.87927936705606,0.6933570319459039
5,2,2,-0.1141187022413862,True,0.20368772161615248,1.3721968103007278,0.06418599020319207,72.39815736690215,0.47320406373483603
5,2,2,-0.0767414407489456,True,0.1448689590778236,1.3638443970402585,0.1309042014331922,43.597001346377084,1.128152891185497
5,2,2,0.015848859025806773,False,0.14167691694999232,1.5474640662221473,0.06533384443368956,42.92676145833519,0.6892803694948662
5,2,2,-0.07971617544007381,True,0.4134665312242162,1.7468534913243388,0.05641010446059063,36.87297033428108,1.012189331859676
5,2,2,0.016630974664602553,False,0.5975033961068985,2.0929821797521995,0.0915056827712937,47.86302372942218,1.3212227792196038
5,2,2,-0.23282482742688415,True,0.026604240527855323,1.6300492288288457,0.10461460724949556,127.40094757971258,0.9331010682328273
5,2,2,-0.10776784812605006,True,0.03107066534387942,1.2796345374723561,0.05014475108719195,82.19332404532975,0.7249161852183467
5,2,2,-0.03847087212971672,True,1.1271937318233443,1.495291458006031,0.04405683641629132,344.85505835574287,0.9082558414173572
5,2,2,-0.0860194190285443,True,0.17718077813216637,1.5272068063012123,0.08860643305739192,1190.3724471730936,1.0532129998982078
5,2,2,-0.09008542556095059,True,0.026742525855397763,1.8184527702709523,0.08190798914865885,82.69248722240751,0.898036277088662
5,2,2,-0.013150909597199214,True,0.14949420030935545,1.1849391473319293,0.03591135556469383,782.1240456224818,0.8590819759654929
5,2,2,-0.12574672050741575,True,0.285134309792631,1.9229390792936885,0.07889775923997358,120.70455707222783,1.4321333012207829
5,2,2,-0.138522321090494,True,0.788031447519455,1.508489975299136,0.15289372152819852,45.62954724455723,0.9766798345684741
5,2,2,-0.028571705164001097,True,0.18034134400832652,1.5773019205815595,0.08248701010511085,61.87594231151667,1.0286580262416962
5,2,2,-0.011768025652155081,True,0.06923411274731922,1.6308779064658774,0.06731769047699178,45.27624904114055,0.8819071624483237
5,2,2,-0.06721888414240114,True,0.22908243029630243,1.2473014572744732,0.09664667022195968,49.70285794896513,0.8036060763161865
5,2,2,-0.048418966894444346,True,0.35731434629513525,1.6337257996547863,0.0573862845136714,70.73723243802895,1.0499936049573375
5,2,2,-0.07243276112497814,True,0.33652528462025033,1.571189403486786,0.045458690479669855,56.46807763525518,0.9552601329334182
5,2,2,0.00890428052520956,False,0.14581073627983032,1.47758072862562,0.1014941142082819,33.86536481823555,0.9483967101472847
5,2,2,-0.05314984302125796,True,0.36163367267037766,1.5699676141219068,0.05688585908702976,295.39771530517646,0.6358095881720254
5,2,2,-0.02022941144832726,True,0.05780296558871119,1.6159296667601843,0.07163859017845062,94.66160771308739,0.8549532310442751
5,2,2,-0.07833374402548414,True,0.1903377483977366,1.6603158589036497,0.1720237174405314,7.1143628643860755,0.7239820473611637
5,2,2,-0.03389302204115296,True,0.37401560268464135,1.8949112706216835,0.08361908534527619,15.682685902539227,1.4289027757035992
5,2,2,-0.06643722817194567,True,0.684170507747912,1.5732676982222937,0.09964017120313927,61.93718570094129,0.9580657884434607
5,2,2,-0.02856617360742876,True,0.5131271851357301,1.513696531145936,0.07131299830463549,102.92125066397824,1.1691813562126219
5,2,2,-0.07308780609922545,True,0.3926279074250586,1.6096306033160197,0.13471039744202956,51.52643397435265,0.9484781781765104
5,2,2,-0.00819382928878196,True,0.35729538571601244,1.5335051985671284,0.043306623085290985,62.31021109065741,1.2234319464113734
5,2,2,-0.03960596547303699,True,0.5528449350516089,1.1233337535872387,0.0366196421663304,23.222128394107468,0.8059083016815918
5,2,2,0.012721791100136756,False,0.014116556512381032,1.5164730580604502,0.036982153914736374,106.73644165503383,0.4632668154222388
5,2,2,-0.0032849013241829507,True,0.6990872189635865,1.8360112000298212,0.02915110196247299,480.21258056892003,0.6970325636591095
5,2,2,-0.03313673689907734,True,0.19830617630599487,1.5674048781479863,0.0955845969369782,613.2380903586127,0.6529924448169603
5,2,2,-0.1102171476090171,True,0.3710985478546011,1.7757833384349235,0.11351895242772923,124.26573132464526,0.7867109922821013
5,2,2,-0.026072082189935713,True,0.5336389531772757,1.6834696662995399,0.10905780865461988,15.249868527935803,0.4404866095466771
5,2,2,-0.16466294727438643,True,0.4819757327784213,1.4512664523557959,0.07995086354529608,13.182739058374493,0.8984551280688914
5,2,2,-0.01948438131686669,True,0.2977943758587635,1.1929121434682988,0.07111694795403455,14.39876118917701,0.8637112431936033
5,2,2,-0.058469575014366636,True,0.16443026385299148,1.385581829727965,0.17675810053932617,237.0934962444014,0.758532251111093
5,2,2,-0.014900773205417094,True,0.5701994162363435,1.707999246445262,0.1888028122322262,48.75019482766836,0.7902383428281359
5,2,2,0.0026130758683658,False,0.45737305482016294,1.2215305622544077,0.03326345868703299,207.06036649240025,0.7922932413436146
5,2,2,-0.06403138517799226,True,0.40018488337481967,1.3272943432625097,0.04409653812177176,90.49974732401509,1.0181822399108298
5,2,2,-0.4409121154637469,True,0.057048850670425755,1.8250849609290543,0.1303946002271798,46.51784437039607,1.2770117305086448
5,2,2,-0.11822709838223315,True,0.41849225011423596,1.742528107915278,0.08399634138575586,11.935639855346116,1.308446151012938
5,2,2,-0.20378011942007188,True,0.07789418334174258,2.0216596196117984,0.21099019674395025,41.45382085240462,0.9538907413480338
5,2,2,-0.1211240638551549,True,0.16718725925770714,2.073681444995512,0.06560423723247391,115.09804578946468,0.8607213502168414
5,2,2,-0.0010223630254206225,True,1.1672506131739246,1.2627778632397209,0.03455869776500197,1057.0324060224423,0.7743453281882701
5,2,2,-0.0010037606602024492,True,0.7405676237878963,1.3915199095350819,0.03207600691537778,57.68456804568819,1.235704525472357
5,2,2,-0.27547321494953647,True,0.7034210118267494,1.6209893538224542,0.11783659306387959,36.300323117439184,0.610774588099654
5,2,2,-0.03846536115419578,True,0.26202362760652,2.3605743076735917,0.07100290984154521,817.6563028125441,1.423872862199772
5,2,2,0.01563943773200467,False,0.03836415954593343,1.7061109850032083,0.05019449886711287,927.518065966873,0.9410796694458594
5,2,2,-0.020364697021256952,True,0.21936243169091546,1.4233868125048919,0.1054953665811267,3935.538915268682,1.1837501929222471
5,2,2,-0.13782487881681107,True,0.021389761341830682,1.4397428613068377,0.16724926000582435,104.037619251137,0.5198792907917109
5,2,2,-0.08118332539698317,True,0.592266545084436,1.5045697133667775,0.05348078551267405,275.762453489738,0.8177912628896995
5,2,2,-0.03357929649629911,True,0.7029887324771447,1.6941710544939366,0.05748871308430033,63.43094660667554,1.2613702110483904
5,2,2,-0.01989053694775838,True,0.26458616950439773,1.5195191965922368,0.09005137990127948,80.69151911161838,0.8727202624255563
5,2,2,-0.10736304744416925,True,1.1613497362811984,2.2224196960981955,0.103699523978116,57.6704041849452,1.577626767743557
5,2,2,-0.019066963667455642,True,0.728752196221674,1.9380329914855083,0.08140549814612265,27.594285281855676,1.4268806228054371
5,2,2,-0.4597614766504231,True,0.7588525542755328,1.5399463637427835,0.16438348296248242,5.224677073801798,0.8413976145744174
5,2,2,-0.06239065883011773,True,0.048294269442835616,1.2781265072203767,0.05650137493267285,33.455697577142324,0.7524548519267074
5,2,2,-0.0068139995032660515,True,0.8267812206985674,1.2505968922946225,0.053931038939775515,68.40033323454237,0.7415828105705488
5,2,2,0.0008370375748927919,False,0.9860216090969613,1.588909749001117,0.11627864595371763,25.155783474644295,1.2792820472508044
5,2,2,-0.029781112959670886,True,0.5902511753447628,1.5682394252459526,0.03420010304434653,206.7953110921324,0.8203198947147684
5,2,2,-0.07170231386368103,True,0.45341429698620817,1.8904543574526287,0.0535598393794297,30.95097943213995,0.8784378955089068
5,2,2,-0.05376849539186558,True,0.5361652160275246,1.5500673312752609,0.05966266265707473,19.624373971707133,1.5086768325852615
5,2,2,-0.18246762297365543,True,0.06813835317237346,1.6762276660448456,0.10947045221281945,53.36275294148594,0.7130807873578522
5,2,2,-0.10875878746931338,True,0.3355475578711833,1.990931745519093,0.14087406341851386,119.85154593658744,0.7508318886773954
5,2,2,-0.0956220992708064,True,0.10258420745308469,1.4679589839987677,0.07220831387515558,202.46942913498506,0.41655605134086077
5,2,2,-0.050372058499864675,True,0.34296591893952333,1.5812451083457675,0.06842679810210978,49.647586600139945,0.9163302831476289
5,2,2,0.020564630042862953,False,0.004371492214503385,1.6869737401498859,0.08813594909641288,729.7631828508086,1.0056500251822234
5,2,2,-0.014854173897705075,True,0.40114948897389335,1.701831954817268,0.16431512902497317,118.6998807515703,1.091667045394597
5,2,2,-0.03260512571635046,True,0.449346464367722,1.4589584098673325,0.041625414750709584,193.8698526227738,0.8937405762672055
5,2,2,-0.02191907329700532,True,0.22217747751721087,2.121860798013671,0.06774085104987333,40.98165668793752,1.571423617734405
5,2,2,-0.003937254426382784,True,0.9017998290454677,1.4384845174009153,0.025839320693499822,31.792032949077935,0.6926551235279581
5,2,2,-0.09212955336397083,True,0.008259820860796296,1.5757467263573592,0.13032096974470841,215.03231711332145,0.5654617819466426
5,2,2,-0.026183933685715994,True,1.1659478448365412,1.4640336139141987,0.08359798343541547,104.70339549922987,1.0087108169749135
5,2,2,-0.035778872732611336,True,0.6047399642466049,1.2973434958725822,0.03623851211650858,25.752414511534408,0.779365082317609
5,2,2,-0.10465774044203505,True,0.3714171795632444,1.3614137019466301,0.06108986522014513,18.46494135548219,1.046680631365122
5,2,2,0.04697675130077249,False,0.1312506385634015,1.348182831739575,0.047893330614823953,28.8504865808541,0.9118277783467805
5,2,2,-0.03673457667578682,True,0.1718971741484099,1.6877809079131958,0.045001420428759,111.99143979190427,0.9572925986053569
5,2,2,-0.0398462357839979,True,0.8717713043351458,1.8176067993606504,0.05324064074888325,77.7181500710951,1.2808647819079813
5,2,2,-0.027247884382084038,True,0.4592027432827728,1.8621935896060948,0.06130923802387759,71.70793681853903,1.192536317957051
5,2,2,-0.023569256907126496,True,0.43125346197421455,1.262533924749345,0.0830073368886323,33.10108916167145,1.0042824617685921
5,2,2,-0.0555777846086449,True,0.05086106659663606,1.3396047895946865,0.03266506215178737,124.65770087476044,0.7254244384499606
5,2,2,-0.014220817619162818,True,0.13559569650330489,1.7110770229467214,0.029138698571377665,420.216470025175,1.2366210375155802
5,2,2,-0.13944674971533114,True,1.772169012341688,1.8381232460353991,0.06154371712325485,62.106954344169026,1.3921597326658044
5,2,2,-0.11507465800330839,True,0.30228239473275165,1.8911814069433193,0.12081295044173498,37.57466594321602,0.9766571713983202
5,2,2,0.0010437668868425853,False,0.15335816158310167,1.4852162880299586,0.05529559584719769,66.93625867337545,0.9540042890678959
5,2,2,-0.06774643481572833,True,0.4076673899678114,1.2589202025799435,0.10691301192695746,16.06082806171254,0.9387677423968671
5,2,2,-0.09396440838858695,True,0.18230761007212876,1.2134873835471582,0.1677616143444968,13.707268979179062,0.7546015124397714
5,2,2,-0.015479727328502984,True,0.3361261283693206,1.7088839846319053,0.0627039974318406,7196.971536863231,1.1398924225328844
5,2,2,0.01846356667008292,False,0.5560334936772725,1.464460609177803,0.061683384684020716,77.71447828501645,0.9515658646580669
5,2,2,-0.03952434747067289,True,0.9379808602946613,1.8173502905792873,0.04887808288967907,821.9155690415597,1.363055069388165
5,2,2,-0.024888403770577838,True,0.04700180986639302,1.4501460069575336,0.08685558252811221,100.18160751092461,0.7554353215187649
5,2,2,0.04219618429869201,False,0.5311472961337974,1.660321503129471,0.036625522110789316,747.2660059389336,1.0549338254012413
5,2,2,-0.015743718691697852,True,0.6901247115351715,1.925296158573228,0.09978911742446034,90.39872585597377,1.5442398210945723
5,2,2,-0.027961370646053713,True,0.13959008218821353,1.3492016498665451,0.029457265902585725,56.42879525181584,0.7459540623587473
5,2,2,-0.4314756497387866,True,0.24940836818281661,1.4193744672766107,0.21545950726568627,13.147152894301822,0.5896806446842436
5,2,3,-0.04474662968131124,True,0.34685573138319203,1.6172488708940296,0.0651847060737892,280.9229148262955,1.1687718995138605
5,2,3,-0.003209014091077909,True,0.8839502453962985,1.5044662500322836,0.06329070058203935,160.9280054186084,1.5925348240669432
5,2,3,0.01344287118128455,False,0.7433721026358375,1.8968835767805794,0.0560936549995485,87.0917222751715,1.7691913166449866
5,2,3,-0.24535392616502608,True,0.2924991208303021,1.3780762202426091,0.15832659749612987,33.16955006392649,0.8789324787274786
5,2,3,0.012598583684367228,False,0.35909504299633943,1.410497029770346,0.06736452451660106,140.6061280371318,0.9695348818696637
5,2,3,-0.0133493557786615,True,0.5813276505458541,1.9592862037936816,0.10917134859925942,24.105967914261395,1.4513276867973943
5,2,3,-0.09879871887236749,True,0.40796176086598956,1.915680909762364,0.08521235435790253,76.12032904653265,1.8977298367421027
5,2,3,-0.04149744408597679,True,0.33728587072946814,1.4950627072422598,0.0633455811926026,37.218982899852946,1.233915795681122
5,2,3,-0.05732668435249097,True,0.38599978875347274,1.9155898022625908,0.09249624453210387,32.4672145095292,1.5380641447503631
5,2,3,-0.037105088605046854,True,0.4561503188703371,1.757044748752563,0.19949600950803825,186.86798992766407,1.1981264833106804
5,2,3,-0.012406336923399902,True,0.2808204569991445,1.5300461089872774,0.07562851413829337,38.69285150926757,0.9303513362621786
5,2,3,0.04068698095549049,False,0.070444969857329,1.7108586124794878,0.03453836434130029,315.62987309904526,1.2061377641059177
5,2,3,-0.05709429241380058,True,0.12795167884815195,1.8965585827043847,0.10297874991298564,85.26765989997,1.4850635765177
5,2,3,-0.03497299364696286,True,0.31838003785732877,2.3623385385495,0.07693562292644497,43.015232707454935,1.8900771353604733
5,2,3,-0.02802810989674337,True,0.6278773277867785,1.7914382205594601,0.07223229450621782,226.29056381042466,1.527140933394958
5,2,3,-0.03092626007797883,True,0.5659895467919338,1.5520484489723847,0.055414025185789265,59.97414535094616,1.324663918960616
5,2,3,-0.04552910505661929,True,0.3452536210824858,1.3519492523799932,0.10678055925300038,52.41581909316176,0.9762407916548345
5,2,3,-0.10000252676354442,True,0.37997294313813573,1.8208579740556794,0.07912003796443358,48.807809308402156,1.210992958423484
5,2,3,-0.10713021135527494,True,0.8468569043002494,1.63544632103505,0.11748975350680504,66.44339478485298,1.0855167512888222
5,2,3,-0.053112097129781266,True,0.8274270148633586,1.744744934741841,0.11449811285222686,43.534017029759106,1.475328673809932
5,2,3,0.026068572443480834,False,0.4295470830725837,1.3748738813079342,0.04534993375979113,268.0636684089092,1.1121564057943636
5,2,3,-0.03768552980983947,True,0.27065637572611656,1.2562685023769102,0.07440653615093872,29.62445105656753,1.0251020502548367
5,2,3,-0.1079207192930756,True,0.04606987994611109,1.4714563892143895,0.10131283751045221,142.81944436950423,0.7922097404782981
5,2,3,-0.0505542627499942,True,1.0487907148695548,1.6932933435583783,0.0754819099281535,142.77515875363554,1.2763171119127354
5,2,3,-0.06259102553085807,True,0.07935154373910869,1.6193924173199772,0.056117884033865105,75.32371975074814,1.1236641128317006
5,2,3,0.058026000115354893,False,1.0262794488896303,1.8624746455802874,0.06633503079759476,146.23132789942187,1.3967085657759852
5,2,3,-0.1896522027611383,True,0.649101709705086,1.7409691766141022,0.0668391633312974,93.05795905634672,1.5603834237218177
5,2,3,-0.08843501017467686,True,0.775003970018552,1.7611565797326456,0.0504557091580519,96.82354886098845,1.6460518695805735
5,2,3,-0.04513019824625166,True,0.2564147506530146,1.6025377563296812,0.07179587727316926,26.90135234730541,1.2753806426737497
5,2,3,-0.016452476383808663,True,0.2656628904558508,1.7426046353128914,0.08867243224169151,35.047400957755144,1.4460305514695042
5,2,3,-0.007257353409510706,True,0.4994067069418427,2.1500672181695286,0.19939374249485775,40.44503100966918,1.5425891956168953
5,2,3,-0.2025691931280665,True,0.29167428819601593,1.5716104781741185,0.10742714405282554,212.32177018169116,1.2638099623615353
5,2,3,-0.12147386050927164,True,0.12768630414678314,1.4228870009524635,0.11889646225131112,124.09406393153505,0.8586482903241917
5,2,3,-0.0409980579160974,True,0.7437039304139036,1.665439845149895,0.08220659468707182,616.9765486173291,1.3301707428643315
5,2,3,-0.015093794390789976,True,0.7888619377193223,1.983081294808581,0.060877402979313766,61.50984862158186,1.559278760296638
5,2,3,-0.0843358564137023,True,0.9384817648422997,1.4414378712544476,0.10227114820042522,22.698981523753922,1.2624669906904848
5,2,3,-0.06919577917137323,True,0.010885041633832075,1.690073713216336,0.11823749218335552,196.12678585610072,1.2197105509564672
5,2,3,-0.07571453312882748,True,0.8536417890005136,1.9906731782497586,0.19319870537128947,196.2408146498567,1.392155620095889
5,2,3,-0.05746922153564385,True,0.24190857679971944,1.7212386730775981,0.07836344909712091,33.127696316583,1.3583726551796906
5,2,3,0.013000894757099419,False,0.6352737447985498,1.525017709710412,0.04837063535911299,203.02392604223,1.0605961072702201
5,2,3,-0.05442522623532407,True,0.08360312995435555,1.3796695841848345,0.061015011440540765,36.15156906226067,1.1654336237377918
5,2,3,0.035461281176664756,False,0.38906334441513896,1.5399580335734344,0.04307114417600104,51.05259553674785,1.254920901713259
5,2,3,-0.006819436312201516,True,0.1779884899281138,1.2100777507531293,0.04259777986580442,58.52281282062565,0.9345100452649227
5,2,3,-0.06286842902461191,True,0.18043723257943736,2.1441189461532155,0.1536731035476621,350.2323462937463,1.4269605151039326
5,2,3,0.010597014347323163,False,0.33068485295114036,1.332808690979168,0.04348714069235152,4234.89912915565,0.919285153562045
5,2,3,-0.02935628125149689,True,0.5792431805333388,1.4118299862151926,0.0681218534674933,621.3745232615803,1.1467414094870396
5,2,3,-0.05079174951190444,True,0.23725956123801883,1.8158109820860495,0.08984925025036015,35.88987300144811,1.489038801840027
5,2,3,-0.0002015479903042416,True,0.20226849131532712,1.9950227720378944,0.0643787226676908,262.41123487167107,1.7301531843776787
5,2,3,0.09195310384983676,False,0.28735596224199955,1.5188735009628307,0.025527476388055293,398.06821503029727,0.9291323007416696
5,2,3,-0.018412954439305095,True,0.16695385256819062,1.2814517635905618,0.04316434246185104,280.9618402225634,1.0111902114772964
5,2,3,-0.08002846370426432,True,0.10127202290965275,1.5447449609581911,0.05187592789905255,63.15985193155609,1.2114746477909253
5,2,3,-0.04695894791504332,True,0.1340338961417141,2.0862461543203565,0.06931089747827471,96.05004410027826,1.4259563724725248
5,2,3,-0.09067837047894664,True,0.26523114485149596,1.3214361771222574,0.07979997366947249,103.63398501064174,1.1801507138990854
5,2,3,-0.008236571928585068,True,0.597488133903644,1.8492774930098745,0.06616862938050216,74.1074790940386,1.5461392716687443
5,2,3,-0.014848810865396717,True,0.07387153757613804,1.9687890774729748,0.09365496751321777,949.0606700881677,1.553997077761511
5,2,3,-0.0284916204482851,True,0.4245958085549796,1.5607919658257279,0.046211332422167024,866.6330831670327,1.6861628026555209
5,2,3,-0.06014983299144868,True,0.7439747221086419,1.5368637594099113,0.06840332517062436,23.11371700937456,1.294223567699653
5,2,3,-0.025568897615810035,True,0.2716916231256671,1.5365743351948389,0.02485019565073853,546.5980651158945,1.1894284953917593
5,2,3,-0.006721936450914984,True,1.2067968326093323,1.4792818167344024,0.0549194259722301,246.50205158762918,0.9076561473739978
5,2,3,-0.07695180062128595,True,0.2540350480249157,1.7727781979163026,0.060917187739672085,67.3514841396981,0.9861105544629765
5,2,3,-0.02933780613414413,True,0.10160785574915843,1.5790803542966232,0.03474412108709544,72.43728655172296,0.7570755146865514
5,2,3,-0.008836715610659416,True,0.22847418689744783,1.5572238874569049,0.05325384120482518,2071.0722592785196,1.0585670308612203
5,2,3,-0.15250975323213778,True,0.5482579813770443,1.5930407590491802,0.08094364430625663,19.012120518394482,1.5167043357212782
5,2,3,-0.11277505232217985,True,0.6498684960113661,1.4718689492599029,0.0812499871519002,53.28849730679121,0.9399158034329054
5,2,3,-0.04588375896971649,True,0.2595418532192171,1.1391417723781805,0.031583925298352175,72.03004412670948,0.7034917441856956
5,2,3,-0.12111341951552111,True,0.4222236609425544,1.5016852627289714,0.1355851968474585,77.4389136159804,1.2792604702632315
5,2,3,-0.050841607464257636,True,0.8959198734158179,2.128938810002557,0.10461654907445007,78.00306968329984,1.9847476363332313
5,2,3,0.011803425322126589,False,0.6569597119931369,1.4684720992297815,0.06547772847682096,63.03017949071068,1.2624975895764485
5,2,3,-0.002627573467328215,True,0.48813573174083313,1.8431369060793525,0.05006778646459397,439.9835579811898,1.4498141791901344
5,2,3,-0.18243457107956654,True,0.6442798139949586,1.8254108842364674,0.08409213790068266,42.317250978081766,1.5698446614900476
5,2,3,-0.023901694678198703,True,0.15973123893898059,2.0509988380117674,0.2203906763676482,148.20851863953254,1.6239546458141112
5,2,3,-0.2206403091554876,True,0.809589271757484,2.050482788443664,0.13279013253272115,115.87078652970686,1.5293852735917564
5,2,3,-0.1313853996451577,True,0.27741359374561514,1.7257336731506776,0.15068190215212351,20.925022962098858,1.0659222782933804
5,2,3,-0.055458406641714836,True,0.24637708720158558,1.3244495342558724,0.04402374838641717,81.62104318673032,0.9440658762459978
5,2,3,-0.049313729326065966,True,0.3271957030645662,1.6356932131844522,0.07941880167069569,31.474021085209735,1.2346583417410446
5,2,3,-0.16777019533957802,True,0.28962165050766375,1.6503257910709308,0.10124917395440042,25.83861137057258,0.9449374194174139
5,2,3,-0.058333523388395946,True,0.7260577557498282,1.907758432720258,0.09949203764904814,67.90162359038473,1.590321901533607
5,2,3,-0.09977844972719153,True,1.2400282707599093,1.8271070258256594,0.10160754650817956,79.28586457934871,1.390041749736454
5,2,3,-0.01728000542535097,True,1.1326908242179912,2.3994745165049367,0.07520834746151957,305.82413184216495,2.0508651689175545
5,2,3,0.12247714609399675,False,0.48425607579188557,1.1717106679356941,0.033053207451087,845.9035009273312,0.7997764303130717
5,2,3,-0.06717407663303979,True,0.5635027367090598,1.375177363324335,0.06779434150546919,973.2084583005093,1.0887585301885399
5,2,3,-0.03801924835908663,True,0.25204950682443067,1.2708615806973316,0.04477239603194529,133.01088269360224,1.0769315543407783
5,2,3,-0.1593868896513461,True,0.5595535696535184,1.7095217491518546,0.09468132083167505,202.5250279992896,1.32367046787476
5,2,3,-0.04593528030046408,True,0.14294217085074531,1.8996117589388863,0.07584424323332692,342.60570055420874,1.1825569736015449
5,2,3,-0.058341805680952735,True,0.07489668548414813,1.6383473892233595,0.07104347309902942,37.0173220157794,1.238122603613637
5,2,3,-0.16849905331529463,True,0.6216107892028238,1.5531449758077054,0.09303993904231467,18.27651520701002,1.4534259862684535
5,2,3,0.03839974353962892,False,0.2240454598253143,1.2075911061010585,0.03548305953934556,328.79937193115364,1.0570706055351096
5,2,3,-0.04895877557231154,True,0.3978567424736863,1.431682055377561,0.04682295766411321,20.450102558530364,0.8473929148155254
5,2,3,-0.028159764412337807,True,0.297825222407972,1.6273413910105292,0.12770167632478294,290.86006298045936,1.2107455491420316
5,2,3,-0.0027606614277738578,True,0.1436668102938657,1.5385498550253927,0.0716518261088745,44.09419139202712,1.0402968804164765
5,2,3,-0.02793964495313967,True,0.0013214295918522248,1.689435965646531,0.05587666549135791,824.6147951638192,1.353966664959271
5,2,3,-0.020179255234807163,True,-0.006592357164549199,1.5626159883426096,0.05133884218580718,104.84036649715632,1.2364425631486555
5,2,3,0.0016445065481144464,False,0.6648604183012995,1.5690612435443032,0.08394818545051043,748.4130799433118,1.5463526465179216
5,2,3,-0.08668210441238666,True,1.3661692014445321,1.7522741695122972,0.06125461798573353,226.94359020021113,1.4403029972068588
5,2,3,-0.02879506207244107,True,0.15071500426662576,1.3591484333972381,0.07483640728771236,823.90093867679,1.1230066682183726
5,2,3,-0.002923058545515579,True,0.4881484707993975,1.83201152150011,0.060833572416926114,185.9464303596939,1.4092170717255152
5,2,3,-0.016159701472889303,True,1.211687230895926,1.9707436009311887,0.07434322212172163,53.086942128614204,1.356489655724994
5,2,3,-0.04047386664047993,True,1.1678731655146009,2.0965008621992083,0.10197827515135714,148.70783324266355,2.0239405251248557
5,2,3,-0.14609387687703396,True,0.10671282600550058,1.350121386559869,0.08432488552224351,25.82133724013458,1.240692197666188
5,2,3,-0.048211314072310496,True,0.41104552318463106,1.4788851949744557,0.06263965063975598,383.34092540683787,1.3954157532836937
5,2,4,0.009068672310978456,False,0.5632324219399941,1.4282283513210097,0.08164739642153199,351.26258267074303,1.3725884339898653
5,2,4,-0.010738898653989172,True,0.44934144376134794,1.5311041973187782,0.05466280385836112,71.54104112706473,1.3490047045659344
5,2,4,0.00559646904608299,False,0.8966570613374938,2.134507705804197,0.06869014124084484,227.22558946692877,2.2059233878079376
5,2,4,-0.09388119759266474,True,0.6295437348770865,1.6068148756924607,0.08575615854286991,46.88077930020027,1.5692940911962916
5,2,4,-0.009914892975275518,True,0.9854313256227365,1.9989645246549368,0.11403837730819474,90.71080311981562,1.6933520443838999
5,2,4,0.051173685445050944,False,0.5800229798574139,1.309514162735633,0.035017793599622676,2529.869525486071,1.1110290139727494
5,2,4,0.005268770595219976,False,0.08756385474112571,1.3505353251065693,0.058747103717773086,43.057758078378484,1.009920847453492
5,2,4,0.0815392396492061,False,0.06629703726055874,1.491636914380752,0.05534793692639914,61.2110991394972,1.210435077812747
5,2,4,-0.05976793355052142,True,0.5504677800044322,1.6751653302090397,0.07401138720232656,154.7257602238014,1.547700710916393
5,2,4,0.010598912731679993,False,0.4007333511945873,1.3113620329256706,0.04038162113330411,64.67067783572331,1.0333034299054453
5,2,4,-0.048794387580155515,True,0.6241812675819951,1.692386538364276,0.07745847379323911,31.036875802726364,1.4130273496558994
5,2,4,-0.0019328483736001205,True,0.3728191829496438,1.5858178959849336,0.06606110475707878,165.40911498590285,1.734984269616002
5,2,4,-0.07348544867013562,True,0.6223471741906863,1.5340168718239209,0.11495116093187471,206.911173503237,1.4704388449715795
5,2,4,-0.011465917095901838,True,0.6905229849376858,1.6867423406507493,0.06913847535691713,285.9517762862595,1.718622431872622
5,2,4,-0.130780903578484,True,1.219733884393363,1.5341130368665012,0.09999287736765719,5155.689280043605,1.2694495219601156
5,2,4,-0.06027302694861945,True,0.9381051280533467,1.9324100528960921,0.06177423753544128,73.52979113197634,1.5020621553607134
5,2,4,0.024298479761193398,False,0.8597434389192383,1.5416919534850775,0.07484425994379183,65.51449976394616,1.3119566751570653
5,2,4,-0.03929333448413924,True,0.6163206754942573,1.9278695781271533,0.09758689572536491,683.5869375525647,1.2738944814277202
5,2,4,-0.00950307684040527,True,0.7356744217082871,1.433652510664538,0.049077629105629794,130.82922305800855,1.3143255410162475
5,2,4,-0.13685581772068336,True,0.6417488561200891,1.4356002284334943,0.11842127479926044,26.529618945224353,1.1564004509597352
5,2,4,-0.0444463878693334,True,0.4071521220580909,1.4702675681999138,0.0893831254698678,63.23416159859247,1.1673156670641054
5,2,4,-0.14401605217460495,True,0.43423025414914573,1.981366431508156,0.1852772903161492,387.54741601477474,1.2604297192064446
5,2,4,-0.06935537807740788,True,0.07547175403137651,1.6900874205060918,0.09293995165994086,29.833031461336567,0.9954513441575529
5,2,4,-0.05599317806705702,True,0.9038464865448705,1.6249869231766765,0.05818292451334101,48.70063987367858,1.3630920544324654
5,2,4,0.0064385029790309575,False,0.28473165690150765,1.2908316205804362,0.035710874559421145,575.0222077501096,1.4697277231989632
5,2,4,-0.08144653265572196,True,0.5898705041441785,1.2969021439486943,0.07058981727622213,730.1221836236033,1.33163871431396
5,2,4,-0.029614100999672467,True,0.7422360731168779,1.7123885901253648,0.11520770826883536,55.60726312822117,1.814735930511571
5,2,4,-0.05000904290848838,True,0.391189408463004,1.5708072861607487,0.07495559096442674,291.80741278040944,1.5405828187935833
5,2,4,0.008659087337220529,False,0.09580142061745346,1.2931844862299913,0.023668940337406824,249.2333865803425,0.7924107158940964
5,2,4,-0.03308049409827015,True,0.06581818084999194,1.8530034106945166,0.18394886474502078,132.29025533535588,1.222742142389203
5,2,4,0.0874930777174531,False,0.606263277875331,1.6104485710502516,0.06339194377002288,817.0434676083346,1.3717272230387778
5,2,4,-0.020674098296151047,True,0.25544412454186044,1.684960837703597,0.09489697962548387,63.650343676172,1.130797894042998
5,2,4,0.014219556503067943,False,0.7498031513035992,1.2823268321984092,0.055108819221439106,166.19997277050427,1.2193730693459144
5,2,4,-0.08540096912807552,True,0.504373930022427,1.7392554617660028,0.06493220898792978,472.1423928759723,1.5018647782784005
5,2,4,-0.02233245992843264,True,0.4925133639353177,1.7753141112860782,0.06077856498169694,36.636166937099176,1.4914234400735291
5,2,4,-0.003870564542293176,True,0.1608904054764958,1.4825763147692963,0.08816160756852537,357.214519381468,1.2615715655035222
5,2,4,-0.09970986483224432,True,0.5799165495016735,1.5885254337699073,0.07195420868426543,24.727981120921793,1.5411752077767824
5,2,4,-0.02002708351016597,True,0.9969879491698165,1.4359198397430015,0.08738663067226213,117.11536045803135,1.3312035415698096
5,2,4,-0.012912165775667728,True,0.7185311062919844,1.554808137507327,0.08019695758694678,474.62914608926485,1.2809896786160309
5,2,4,-0.03314238718738598,True,0.05645308327371853,1.1420218655840824,0.0542008181069293,67.29471942385625,1.0187427959027797
5,2,4,-0.038090600712664936,True,0.35364910561937996,1.7989319196831102,0.06221885428874294,93.11726479505249,1.6186926401632582
5,2,4,-0.07245522931611065,True,0.6420510990448682,1.483818333199579,0.06925424443812177,34.80830529355202,1.0507169258988025
5,2,4,-0.023013630607063212,True,0.6073442949310868,1.4688025644952465,0.12377889881627785,113.27786703299863,1.2354009607727072
5,2,4,-0.02367007016785727,True,1.047476939717006,1.4187373004440296,0.08125323400180165,64.18742792555675,1.0940677950318782
5,2,4,0.011502253722166095,False,0.5777650381024015,1.3921200952423909,0.04890297864482319,759.018179129662,1.283200345128455
5,2,4,-0.08361542584706917,True,0.7954554587017054,1.8305857057354509,0.06702603138052476,419.67446636071855,1.4488918935877733
5,2,4,-0.05844464777740155,True,1.0295531467861478,1.4450510961900853,0.07464744041373839,14.777197460479632,1.430351979142818
5,2,4,-0.0033804787411109718,True,0.363251125155118,1.265376683682129,0.05287223447532514,802.5088865263649,0.8921216509818618
5,2,4,-0.04766146646280479,True,0.2252969849234035,1.717563736058515,0.1510877264676053,36.77574794051602,1.508919779609157
5,2,4,-0.01583278497980626,True,0.21061757364777306,2.1243802495584685,0.10157144483509489,87.06014106478762,1.579816921549969
5,2,4,-0.014083374963365123,True,1.0491180617103149,1.4184519054417497,0.03712797245474659,184.42320928386613,1.2245518582112946
5,2,4,-0.03635847464354551,True,0.3531980725708693,1.3741390560195448,0.06499290182833348,64.07144947437676,1.0526690408320876
5,2,4,0.008470640551454788,False,0.37423945708443707,1.5747319058940608,0.12378601289871537,232.74398769083658,1.4847279683339845
5,2,4,-0.028240946784353682,True,0.4794389479076055,1.2829446109721807,0.05500023389130745,421.8942470004374,1.2429192235733137
5,2,4,0.00248465685423214,False,0.6057240275454819,1.2653373142161612,0.03256464281928051,144.73250659707915,1.3189703085422841
5,2,4,-0.024751145468484566,True,0.5815610606029049,1.538012788596565,0.030914159100388725,89.03290104628469,1.4981455179251846
5,2,4,-0.012187206224462304,True,0.3181357557434809,1.5277718437315742,0.05761043950971963,203.97096962493478,1.4524151928525815
5,2,4,-0.028516933980764304,True,1.4748292241240128,1.7771915236589633,0.047302369016492,172.09572950381647,1.6392174949537122
5,2,4,-0.1299179668562418,True,0.21266751660475772,1.6401751584158013,0.18500482044832,56.30241199076815,1.3577179727571325
5,2,4,-0.03906341369004409,True,0.3857792733989761,1.4867228609828795,0.0610106220006103,54.058156734011256,1.4115236078899673
5,2,4,0.02217593032451937,False,0.3830746057910764,1.2542083816126495,0.03163302557038455,85.65965040343339,1.1065937629755562
5,2,4,-0.02803056288150758,True,0.5545345394279364,1.3776127722101426,0.11222262075523028,763.1787368690425,1.354596184862702
5,2,4,-0.056831380158318276,True,1.3245091782175327,2.1146124497610104,0.07580723846303483,845.8211745437109,1.719401954795019
5,2,4,-0.05195747436188862,True,0.3436661555914737,1.6264888859627538,0.09426502318803028,93.53801789089344,1.1442440569676795
5,2,4,-0.05734233762955655,True,0.6547152481499627,1.7645542333521442,0.07721776438835572,29.374150712368838,1.6873926798164935
5,2,4,-0.010435076227530787,True,0.368856906917275,1.4476902467963733,0.05424455570839608,543.2950405579604,1.1679031238750912
5,2,4,-0.07554039681186622,True,0.46008032996650466,1.5294287751492852,0.07030937813214576,44.47810528639859,1.0857745699197223
5,2,4,0.004425134181978941,False,1.5764768266452343,2.0333649819357453,0.041339187191779134,1007.548123363241,1.8220303275302538
5,2,4,0.01970910170122774,False,0.09481719902213163,1.7308438407190778,0.04585187086033319,99.53642529742581,1.6050698635921608
5,2,4,-0.09184902028137643,True,0.2037450153299507,1.543502353740434,0.09069643853270642,27.910138520230525,1.22152264436193
5,2,4,-0.059955227831370896,True,0.39421883811151426,2.225260258240707,0.08778329330604023,214.7307056412577,1.8409581044437575
5,2,4,-0.003780342444037054,True,0.06308420434232648,1.4907453655993712,0.04251249360108593,274.9331451820249,1.242951574268557
5,2,4,-0.07074390607227932,True,0.7931597715211985,2.16166197770541,0.07081392591177821,194.12025238560622,1.8231100064099164
5,2,4,-0.039103300281473116,True,0.4827283354474613,1.458677924610306,0.05293407438923604,92.56213536714439,1.3395981136567763
5,2,4,-0.13023462947806874,True,0.20903285424057239,1.2226161205847828,0.06715386784019568,37.094874996221016,0.8260341647753847
5,2,4,0.01753570397350092,False,1.1233041885417276,1.774630242739846,0.0718127862465395,69.2508810007061,1.27341870357094
5,2,4,0.013435532130309175,False,0.38389519750254236,1.6108974869610657,0.08559653990422923,69.87159508377482,1.5697706239286666
5,2,4,0.0003462807569894527,False,0.7358952244941241,1.397740701532094,0.04775501315605478,382.9560777578202,1.3020268033115572
5,2,4,-0.056400272474110405,True,0.0612548025844804,1.2557234666150823,0.13754223362303716,602.8351266220607,1.0063492780390197
5,2,4,-0.012689352278217162,True,0.40664878260046594,1.615902289398689,0.052986930999610646,90.51904304293468,1.424732727494072
5,2,4,-0.08864226584212466,True,0.8873070666316438,1.9462003907056176,0.0669782488548615,1995.9933666482873,1.7586466879780642
5,2,4,-0.09268790967300303,True,0.6560355606454398,1.444651998578271,0.08060921656881806,24.102263981904215,1.2297096769874563
5,2,4,-0.01134032945351965,True,0.21533693087244218,1.6163070887675521,0.037357283552451895,93.32322601509144,1.0172994563575621
5,2,4,-0.014368479172221784,True,0.5797496530683488,1.7183928391321732,0.09124652805854494,33.802500691695634,1.5683290339911717
5,2,4,-0.040154203801782806,True,0.5635044209039495,1.8826401296804833,0.08495633438449922,59.48268416461199,1.4165511620478075
5,2,4,-0.06497470567803425,True,1.22994987437815,2.3735921315069115,0.0938652209690864,46.30915081030802,2.4229842267276154
5,2,4,-0.02216708815578531,True,0.054878376332492707,2.0511816069379476,0.07224314172255293,119.70746948058434,1.4573050965630538
5,2,4,-0.035431442782511056,True,0.0064824921985201,1.516181141391585,0.0967204391583598,366.15339335459544,1.1533474551000558
5,2,4,-0.009229531882539839,True,0.8075571924501457,1.961303468367637,0.07272995071921444,128.89330117824875,1.224464400749286
5,2,4,-0.03367995871445355,True,0.20572049375000492,1.4722653631239464,0.06449473887098209,50.35572109667156,1.3113043076965782
5,2,4,0.005406134206145913,False,0.704146730455097,1.7909954321131454,0.049193032361497115,77.71427425588573,1.8076737079576968
5,2,4,-0.05114742886001816,True,0.5543759980481163,1.5559929190868518,0.040584159923193586,226.77366926930847,1.3573470598161437
5,2,4,-0.008085295361334859,True,0.3652949045818631,1.660135456057093,0.06742566241045098,372.37213952778734,1.0666679025867005
5,2,4,-0.07485708252804202,True,0.28423907292301953,1.5334639635060072,0.07208498595795805,29.262580645329372,1.2446722658267328
5,2,4,-0.016295718893150075,True,0.2243265565572885,1.2033915905883332,0.06867322194898531,109.06656070531842,0.9497815090377445
5,2,4,0.023719978157541115,False,0.27987596204583,1.431565443993304,0.07923571718803275,70.86298590104484,1.025923341488316
5,2,4,-0.07619464820912783,True,0.5582581730623337,1.562534954672329,0.12767705604065646,71.543390047484,1.530379395275695
5,2,4,-0.022639343760069038,True,0.09296916803337839,1.335625874338256,0.08573808806923794,186.48934460358478,1.075477315435372
5,2,4,-0.10078280929549281,True,0.7823614030339051,1.6665282629178886,0.182127691146813,3587.6433977620068,1.321990241800247
5,2,4,-0.019397898150912612,True,0.9344890980596698,2.1770939236440827,0.10197072077571429,101.83725397637488,2.035293958112188
5,2,5,-0.024894709843089523,True,0.8806441439035277,1.8407086088535833,0.11756151506720827,64.08611482459249,1.821690160071512
5,2,5,-0.0455987125314449,True,0.7438317424918899,1.938154645346523,0.11317599881265662,49.66614415107314,1.6998585851457588
5,2,5,-0.02644579072438207,True,0.7224579372634732,1.822086209379705,0.07617015315547483,1303.271597458432,1.8035386954163655
5,2,5,-0.03853478868017818,True,0.08310342442972862,1.6654289818309775,0.07188039466532382,178.54801684259576,1.5385180704880046
5,2,5,-0.054794393053394716,True,0.5695636971574662,1.5616670306117046,0.13000350636588484,801.4135901427998,1.4187150138043783
5,2,5,-0.042138827390550186,True,0.23005798160771734,1.3022803623132908,0.05577073369014262,100.42537004018571,1.071780578374843
5,2,5,-0.05767000751600608,True,0.03554115268281999,1.4961746337727237,0.12857079323549447,55.17085138905582,0.9487537260868792
5,2,5,-0.029767677841203766,True,0.3553777767315918,1.3817439516412011,0.08721913919944656,145.18394762334594,1.0650207217465635
5,2,5,-0.05989542096511793,True,0.1708500529685008,1.6495873504704115,0.12676378336299793,58.396063304735044,1.5571171734480826
5,2,5,-0.08432853740937356,True,1.0546769090933594,1.5437316939508883,0.09885518412271535,65.33183821939318,1.3153349211645977
5,2,5,-0.11616981781375744,True,0.47360809734200515,1.4485892986973898,0.15079598108050044,92.15771492171639,1.1241354319246881
5,2,5,0.007026609984559198,False,0.23635395605923068,1.7595357466836838,0.06533236446587723,144.63484118562005,1.4640640803685767
5,2,5,-0.03565946423455249,True,0.46856870206611234,1.6139232294495651,0.05289460664262607,98.56787898064191,1.711410173450359
5,2,5,-0.05120191502081137,True,0.2665680530512228,1.4418439923240296,0.06484128031736462,182.32032775534907,1.4466789700589455
5,2,5,0.0016914805791571393,False,0.11537240503542051,1.2104942420758724,0.028155074785774926,720.478053141811,1.3759208893455266
5,2,5,0.0026414889012770794,False,0.37274658193867094,1.1613886624726069,0.05488468412311504,84.619194054184,0.9729356280171189
5,2,5,0.006586376170957897,False,0.4235642112011535,1.8168772360889833,0.03938565630754597,309.5308586930309,1.7131040002038405
5,2,5,-0.056567439037306745,True,0.13122330834502297,1.9753418943596426,0.09434781379330556,67.24487275306251,1.588810394720767
5,2,5,-0.14197430348739887,True,0.12529882304183976,1.6288920295487448,0.12351915129221581,38.57477851483873,1.4862137370953086
5,2,5,-0.08596747662013432,True,0.1830224104487086,1.4611172167967377,0.14830472168654563,119.84740838176053,1.4587179456856325
5,2,5,-0.07685814991396742,True,0.7612044745986465,1.9510254271602598,0.09527620189683669,29.403795590626547,1.4339159319547738
5,2,5,-0.016960705463613147,True,0.3104051419404727,1.2000399493363703,0.03079998586423163,83.76984311014212,1.078307979403436
5,2,5,0.005766048037395885,False,0.5865608053585967,1.8017471007863624,0.075088453853276,41.57883447869426,1.4832932928916203
5,2,5,-0.1048588996114876,True,0.2590949606113722,1.5290819461095901,0.16788336614638055,23.58606241176076,1.1464563971661086
5,2,5,0.01191543899645537,False,0.9933908293561056,1.4725681232945775,0.04969875063782826,56.01870980136866,1.1441481075247468
5,2,5,-0.06644206953279458,True,0.8764902712327696,1.5700243837256023,0.04411954380999783,390.58694215409986,1.2740096530298255
5,2,5,0.0031887880792754544,False,1.003942239342931,2.0598398295313416,0.11162580639367152,167.65885385901353,1.596887724667452
5,2,5,0.013250890205128735,False,0.30426369768146233,1.3663977733794554,0.058339510789350166,102.1121157748359,1.0231930782266159
5,2,5,-0.01284409964289677,True,0.31137731612744807,1.298083061716295,0.06724692016917705,290.9559377386983,1.3392709377339707
5,2,5,-0.067188312551718,True,0.6205528208148856,2.0819701871193668,0.09542868328313486,131.76696814897912,1.5437670104931513
5,2,5,0.016102548824251283,False,0.5232568045786417,1.5556318499417205,0.04474620125267208,1216.3512798039912,1.5442070071136895
5,2,5,-0.048642941148156794,True,0.3974172868015513,1.720972201791582,0.11096243473815032,167.25763488267228,1.2202352135027261
5,2,5,-0.016900041171662238,True,0.5082513871739058,1.4560646566154687,0.05517835135304458,181.0638559523347,1.09606690894084
5,2,5,-0.09036120280928146,True,0.3472253350473871,1.6062672305199472,0.09730982009667014,962.1505426629601,1.1848978194845141
5,2,5,-0.017639290249362432,True,0.603925849356541,1.592707157727998,0.06044910247002491,172.41944311658227,1.4939621156674974
5,2,5,-0.02018909920398743,True,0.796872089919235,1.3110500302053334,0.03452165553219954,165.40345829007538,1.1971054752834884
5,2,5,0.0014811594037281745,False,0.8796726624633505,1.8068640469955628,0.07979883921946809,60.491787829576786,1.4186163149754978
5,2,5,-0.02661514652801059,True,0.5952352592823406,1.4839014253370646,0.046406137540382454,1847.6519744505645,1.4103904777611134
5,2,5,-0.028643355267453693,True,1.3762012781397182,2.000556701530232,0.06472384071013004,102.96751670900252,1.7924329350584196
5,2,5,-0.001850353946929341,True,0.8615239430259117,1.624357538449554,0.057882087087974536,192.13212947927107,1.4800049885719475
5,2,5,-0.05727011613654552,True,0.37288828345461483,1.611243330749271,0.18599842315715362,167.7644558643239,1.0873668239096723
5,2,5,-0.045859849510824766,True,1.1161294444517733,1.9579316128759974,0.08978879000111,286.39609240215503,1.8928295843383924
5,2,5,-0.029122574187468026,True,0.1822098318863311,1.69727457774807,0.14415880358647382,37.00495287897191,1.3390351791348107
5,2,5,-0.05233902319211885,True,0.07063000677876091,1.4062186794909637,0.14298952345722313,35.7629320064145,1.1734325230228206
5,2,5,-0.012880790024929457,True,0.570667745916298,1.6850590309312594,0.11259317922358926,49.65380819093151,1.4254872438121073
5,2,5,-0.01075727999025988,True,0.07549866712755159,2.07263964012825,0.0970944167897608,160.99155116470052,1.7519391838289997
5,2,5,-0.012084702185460507,True,0.7968813303078166,1.5445248117218564,0.03720515143533963,113.86276842215125,1.701652583756964
5,2,5,-0.014125550310873945,True,0.8100641441383043,2.1180052263585365,0.046261242133021546,513.1140337840059,1.8425222615039447
5,2,5,-0.014933730654486438,True,0.5394513676713966,1.4571173023911912,0.0902684914173177,4637.991481181162,1.3190318929588503
5,2,5,-0.10382076491694456,True,0.19016450407103452,1.516877394602901,0.09537533016762917,83.61780707096372,1.4007001670531714
5,2,5,-0.07301293213273627,True,0.4510417058127343,1.9139501234798517,0.12789699199541463,1179.1767056652182,1.597247819716291
5,2,5,-0.03894767943199121,True,1.1465139332567942,2.005195590883529,0.15027825309836892,48.08486968398935,1.6492845866052261
5,2,5,-0.001728074212919119,True,0.4657155391232219,1.623577605913908,0.09921315379504701,413.90074270870747,1.475726062572127
5,2,5,-0.019183140089930443,True,0.8785661593410425,1.809764015920085,0.08224186278265194,131.05329344294782,1.6103516164113572
5,2,5,0.010580114359107095,False,1.342515905200813,1.6525614955772483,0.06925676320964312,204.344929188936,1.5130149336473537
5,2,5,-0.024712018407333884,True,0.02742784827925981,1.7856019641265257,0.11746012344726305,82.83974181745279,1.1545857617698632
5,2,5,-0.010807210706570175,True,0.9010934760208371,1.4467871393263994,0.05945915051682968,61.578014175344954,1.4808277575513686
5,2,5,-0.011156236136896472,True,0.6100780115854303,1.6174778238395595,0.0882109507736243,78.0391762183209,1.5692758221709213
5,2,5,-0.06368373460104966,True,0.4291677493315607,1.5175077972207058,0.12203260732342142,121.4679657726631,1.4628719083208488
5,2,5,-0.09119224704438912,True,0.2925641974516459,1.775898034406143,0.1817530816515725,30.550429493988542,1.6693960486061579
5,2,5,0.0274267361570789,False,0.726193633250894,1.8845310661943755,0.04830755527457298,1423.463003381406,1.757063345903671
5,2,5,0.011712535155260384,False,0.5840720205926835,1.2197565914215271,0.03140322616198047,1337.2290032325147,1.108139101618539
5,2,5,-0.033966938894255026,True,1.1071408819143782,1.5334466005913867,0.0395945802750381,429.19650149998097,1.3764676782931182
5,2,5,-0.11992695264533133,True,0.6454719868854336,1.7480403264834046,0.05941364985611852,52.35053632741728,1.1663344689332984
5,2,5,0.003341217320164511,False,0.4852306500483028,1.4031107302046102,0.05939725329684561,262.5283940418166,1.3597370245619056
5,2,5,-0.012318665574022326,True,1.2667054716087784,2.046674591073528,0.06472395586548631,196.34956082092754,1.8085256308093383
5,2,5,0.0017690869653531362,False,0.4676233186145395,1.603566176780154,0.0769410371161599,51.855866422283285,1.1579012669455733
5,2,5,-0.030582947026127405,True,0.9782949204327867,2.3889640504068734,0.07380684068166954,245.12357910310138,2.4855007604522372
5,2,5,-0.02108387485116595,True,0.06841459684317473,1.6957190466240561,0.04553384971814376,12906.30938425347,1.4947639192630722
5,2,5,0.029219459061904606,False,0.5185606568468718,1.3257064685963906,0.06704601835976805,45.99572833600811,1.2706833408505964
5,2,5,-0.05559430152861811,True,0.4599552244032924,1.720478579649597,0.2106413699966473,250.96512124632358,1.432230076198811
5,2,5,-0.03878360483359604,True,0.7137364054043108,1.7334832887394342,0.0732844033682342,103.73684825063168,1.3576114331146005
5,2,5,-0.0038357234335161276,True,0.08424154716652284,1.5163132828436836,0.10854799055899518,250.0068821150257,1.5276561759329974
5,2,5,-0.05015775021676393,True,0.2692870137476675,1.6768096690109868,0.07803574722604524,34.45406845314523,1.3625781390741198
5,2,5,-0.012718211391834187,True,0.5497571883166656,2.0353070314886392,0.0774989992270864,327.8463887763121,1.512173961581714
5,2,5,-0.00022175337684822918,True,0.41081888027239843,1.3659268328420657,0.03566782227254267,542.8678995042135,1.01044140757447
5,2,5,-0.021098648944001083,True,0.06605126060986424,1.2588198838226357,0.08515391684485696,76.34153838053915,1.0830364455351402
5,2,5,-0.02109518615618913,True,1.0294633112321365,1.3589857046078357,0.07278739149823651,72.99404497291722,1.1429181619137532
5,2,5,-0.018569889270761388,True,0.6054385152931132,1.5661054691134078,0.12600153261858016,39.92870148319489,1.4646305434078606
5,2,5,-0.028919474924355967,True,0.7749209831645075,1.866309526782752,0.06522743508708335,44.72187780989118,1.487320977012471
5,2,5,-0.05390867760527423,True,1.1189551781485003,1.7733169039132954,0.056709385925909676,97.507399741038,1.4253740161962136
5,2,5,-0.0333475781135162,True,0.22517881290298214,1.1326247503690534,0.046264412588397676,667.7303778204544,0.9489621891309277
5,2,5,0.001666580658363781,False,0.6241977393240129,1.7399569870727671,0.10103080545445173,168.7109197628598,1.3550071397401768
5,2,5,-0.0013665748208254796,True,0.0820992638687457,1.1020575204230514,0.03046753998547769,132.4095471061691,1.0343943111269542
5,2,5,-0.09054283505081771,True,0.40514161180573427,1.7461153861962067,0.10963554728603636,246.6774438479662,1.1335490946384736
5,2,5,-0.04655072185022555,True,0.09475359260027934,1.1516082757339552,0.11466063637536375,73.5616621112027,0.8539483489630683
5,2,5,-0.09396230710455944,True,0.1822825013610983,1.4724044372017666,0.0604646293737988,221.2996984807521,1.3205358678765402
5,2,5,-0.03788069278828124,True,0.9775119787610886,1.666449536458782,0.05989995357103018,103.74102640657361,1.812837726871833
5,2,5,-0.05122041724015162,True,0.4739120785627557,1.56902564766165,0.05874667259901636,221.30860886010842,1.2766612537080213
5,2,5,-0.1390391655527876,True,0.30828448390531876,1.9300037845562024,0.1252756629082739,30.61606482771491,1.456863782008202
5,2,5,-0.03680223782293994,True,0.35607324926113126,1.4582479966072273,0.12010146501589533,18.792986643311373,1.3273086117449833
5,2,5,-0.012436577008603957,True,0.6118043650453134,1.3942833000636279,0.06077523149041672,356.6643878270693,1.071241747785024
5,2,5,-0.030097821279925,True,0.10304082893078156,1.1210684956287207,0.03584244219376317,63.25517412813723,1.0210131525172859
5,2,5,-0.040326082900576835,True,0.6993939920199163,1.597095270799333,0.05676115869426682,42.558584910931856,1.5213770352755756
5,2,5,-0.0019430571448983925,True,0.3112265960132708,1.5482232480480982,0.07630707641479795,311.3361846493287,1.0888759511335484
5,2,5,-0.030501750961048464,True,1.0792870648161934,1.876695034846725,0.09437414642531819,615.6782177837523,1.9943394314947924
5,2,5,-0.04839444994910608,True,0.2915649513223939,1.7686729330879247,0.09037598717227238,64.5948191293385,1.3772632224803598
5,2,5,0.036075433533236126,False,0.36467521122223523,1.0716044299241732,0.027602555333249998,662.8346400840342,0.8187476340577113
5,2,5,-0.0471004921170596,True,0.7007712556977276,1.8160580271705467,0.09026522033661843,103.74270710739485,1.7947464662006674
5,2,5,-0.06917516747083625,True,0.2895122405078767,1.9503129765823737,0.2294689508165502,17.597626166168716,1.4046664725440279
