order,m,N,condA,normB,stab_500,stab_1000,stab_2000,stab_4000,stab_10000
3,1,2,11.615221964003641,0.09119660019946274,True,True,True,True,True
3,1,2,112.75192640500416,0.05387013399514712,True,True,True,True,True
3,1,2,50.371730716984594,0.053624548394144836,False,True,True,True,True
3,1,2,12.835656305978025,0.17298021211502854,True,True,True,True,True
3,1,2,19.490396276577,0.13217128067022618,True,True,True,True,True
3,1,2,25.489691148531005,0.11799410467192352,True,True,True,True,True
3,1,2,109.76063020800822,0.1912104747593135,True,True,True,True,True
3,1,2,14.049639460307823,0.07625081233818233,True,True,True,True,True
3,1,2,354.082260060222,0.13765997079838013,False,False,False,False,False
3,1,2,9.408739842802502,0.10003823316550853,True,True,True,True,True
3,1,2,452.89540695354947,0.07456399138806234,False,False,False,False,False
3,1,2,219.41937966965995,0.027638177213597213,True,True,True,True,True
3,1,2,6.5398253093559875,0.0962948326028899,True,True,True,True,True
3,1,2,168.56568925847714,0.14922669415269593,True,True,True,True,True
3,1,2,116.11682746167538,0.12207074073061984,False,False,False,True,True
3,1,2,16.925945380043135,0.2513787877801039,True,True,True,True,True
3,1,2,184.50516023642749,0.1254567299980539,True,True,True,True,True
3,1,2,12.009174807305529,0.13877135509696592,True,True,True,True,True
3,1,2,35.02353160528686,0.14776475267534828,True,True,True,True,True
3,1,2,39.16097026925372,0.11261390413282742,False,False,False,True,True
3,1,2,185.80213334800237,0.06415137041821127,False,False,False,False,False
3,1,2,6.568783739535997,0.11577805703950224,True,True,True,True,True
3,1,2,22.311559156319312,0.12151870314468328,False,False,False,False,False
3,1,2,61.13511289578287,0.09331635049438482,True,True,True,True,True
3,1,2,290.846671837916,0.13390835980532528,False,False,False,True,True
3,1,2,35.31571517197937,0.041190562809417054,True,True,True,True,True
3,1,2,14.03056743134748,0.13224780325357663,True,True,True,True,True
3,1,2,32.371861558380004,0.1701386406917435,True,True,True,True,True
3,1,2,13.26143654004104,0.10897651936606995,True,True,True,True,True
3,1,2,9.942296279284774,0.13906335429432812,True,True,True,True,True
3,1,2,6.104122941202817,0.12287691359867596,True,True,True,True,True
3,1,2,308.723939257135,0.1021806260201314,False,False,True,True,True
3,1,2,588.4543132214784,0.026436071566102365,True,True,True,True,True
3,1,2,7.824386606661992,0.12775242537825807,True,True,True,True,True
3,1,2,44.06949112018176,0.12272690597601645,True,True,True,True,True
3,1,2,19.264082256353188,0.10272696035871144,False,False,True,True,True
3,1,2,74.2017867233029,0.13614209898013205,False,True,True,False,False
3,1,2,2734.354448531418,0.127844494778818,True,True,True,True,True
3,1,2,47.65623447553408,0.07977740928103183,True,True,True,True,True
3,1,2,20.2898425430521,0.21185790588829098,True,True,True,True,True
3,1,2,12.48460037663646,0.06884598595901431,True,True,True,True,True
3,1,2,92.1573200331566,0.11221285984368307,True,True,True,True,True
3,1,2,66.71322696154306,0.11842339181758774,True,True,True,True,True
3,1,2,185.09272131195223,0.14374812161006775,True,True,True,True,True
3,1,2,10.64530222023186,0.2236760436392994,True,True,True,True,True
3,1,2,141.8508880522026,0.173030153986575,True,True,True,True,True
3,1,2,4.861612803328942,0.13182236679551007,True,True,True,True,True
3,1,2,17.27733499537872,0.19096736707900536,True,True,True,True,True
3,1,2,42.96963122615872,0.0499019135618812,True,True,True,True,True
3,1,2,7.857838763599672,0.05745296947686687,True,True,True,True,True
3,1,2,74.46538924052123,0.11769352633793947,True,True,True,True,True
3,1,2,186.15097471287152,0.08664638289067302,True,True,True,True,True
3,1,2,5.030927917768315,0.2117239028663303,True,True,True,True,True
3,1,2,18.05203273085911,0.07775176436281521,True,True,True,True,True
3,1,2,103.33271327246537,0.06441714795829909,False,False,True,False,False
3,1,2,8.912346904575571,0.06823268788562831,True,True,True,True,True
3,1,2,63.64757632839381,0.0480470702975344,False,False,True,True,True
3,1,2,72.48530922732174,0.03248708163625189,True,True,True,True,True
3,1,2,62.343314645110624,0.10169946506556421,True,True,True,True,True
3,1,2,21.806681582846632,0.10320084965925819,True,True,True,True,True
3,1,2,4.978465951717936,0.11386377565233505,True,True,True,True,True
3,1,2,14.290281442210652,0.0652706623812369,True,True,True,True,True
3,1,2,319.57360280664125,0.08528841508842443,False,False,False,False,False
3,1,2,2767.577443591535,0.05743411913271557,True,True,True,True,True
3,1,2,8.490169440135224,0.11880058811470608,True,True,True,True,True
3,1,2,7.022856625090196,0.16549593341801003,True,True,True,True,True
3,1,2,4010.935719523265,0.08183814489516249,True,True,True,True,True
3,1,2,18.901013327953223,0.32493231692449687,True,True,True,True,True
3,1,2,21.87796164561454,0.06851580481424695,True,True,True,True,True
3,1,2,6.630040240211001,0.12983018477550123,True,True,True,True,True
3,1,2,21.592159712848716,0.14877452095008417,False,False,False,True,True
3,1,2,169.9680497902811,0.17989394965368913,True,True,True,True,True
3,1,2,25.59762695333728,0.03016910237404841,True,True,True,True,True
3,1,2,7.7416734569123085,0.05426404238691927,True,True,True,True,True
3,1,2,8.16276619851893,0.14686974579123557,True,True,True,True,True
3,1,2,258.47884383910963,0.07087570892290258,True,True,True,True,True
3,1,2,28.292764399055464,0.04913497559892071,True,True,True,True,True
3,1,2,13.718384220780358,0.19203010224724248,True,True,True,True,True
3,1,2,7.021714240583549,0.15471633498218892,True,True,True,True,True
3,1,2,35.82546207864676,0.08558811533074889,True,True,True,True,True
3,1,2,5.323590949380187,0.08452127351541033,True,True,True,True,True
3,1,2,43.09777676206041,0.05602852839034862,False,False,False,True,True
3,1,2,23.070329596186536,0.10745215142415998,True,True,True,True,True
3,1,2,127.79868835403325,0.030649845998539732,False,False,False,False,False
3,1,2,223.49618357214175,0.1279348479326591,True,True,True,True,True
3,1,2,76.10625700002072,0.12317310978341608,True,True,True,True,True
3,1,2,6.579255460493972,0.27038088367129004,False,True,True,True,True
3,1,2,20.485355992030247,0.18879835771530193,True,True,True,True,True
3,1,2,51.43099287396097,0.05547305506336895,True,True,True,True,True
3,1,2,6.57801790816985,0.14353848655340312,True,True,True,True,True
3,1,2,32.431212770643356,0.0638759447106997,True,True,True,True,True
3,1,2,34.119702664157586,0.09288420213743581,True,True,True,True,True
3,1,2,36.14741808473548,0.1577885424999642,True,True,True,True,True
3,1,2,216.3370760947417,0.28084744351174384,False,False,False,False,False
3,1,2,6.939576525730333,0.10620084656781194,True,True,True,True,True
3,1,2,17.33390753979051,0.029077930009412042,True,True,True,True,True
3,1,2,28.019210699124653,0.07588985294411603,True,True,True,True,True
3,1,2,531.1455044795431,0.032773609453723256,True,True,True,False,True
3,1,2,42.371221898964414,0.07419687845980628,True,True,True,True,True
3,1,2,26.324846271660043,0.09129755743930462,True,True,True,True,True
3,1,3,30.228197031617125,0.10528167763855507,True,True,True,True,True
3,1,3,17.377070087053333,0.13718989674523002,True,True,True,True,True
3,1,3,38.23087635296725,0.03767914582057687,False,True,True,True,True
3,1,3,27.277096887075974,0.12784497871409717,True,False,True,True,True
3,1,3,29.950885880237294,0.061597433290884636,True,True,True,True,True
3,1,3,4045.64168885839,0.06045348110423195,True,True,True,True,True
3,1,3,21.497200687139717,0.06575133376350742,True,True,True,True,True
3,1,3,15.240636191080773,0.19277743030362862,True,True,True,True,True
3,1,3,690.2213375933975,0.016393289749960786,False,False,True,True,True
3,1,3,10.118020872406596,0.14732250105557163,True,True,True,True,True
3,1,3,16.36702085558736,0.05970401515493549,True,True,True,True,True
3,1,3,14.032370764665552,0.2894451927444463,True,True,True,True,True
3,1,3,170.60468158757817,0.08402151511624464,True,True,True,True,True
3,1,3,84.20958878388913,0.13686418410902143,True,True,True,True,True
3,1,3,93.16578928671277,0.04369273472653814,True,True,True,True,True
3,1,3,55.05746502132788,0.15241278563399832,True,True,True,True,True
3,1,3,8.52846940387949,0.06855030554021418,False,False,True,True,True
3,1,3,54.531217029026905,0.09765590392069383,True,True,True,True,True
3,1,3,59.166870390157094,0.07360225813653724,False,False,False,False,False
3,1,3,985.1103925818704,0.09806697801797451,True,True,True,True,True
3,1,3,14.771939770630777,0.10843027390759827,True,True,True,True,True
3,1,3,9.261016810128568,0.18652005526522028,False,True,True,True,True
3,1,3,36.23527863956658,0.11044373081798181,True,False,False,True,True
3,1,3,11.228948215139049,0.1210042731500586,True,True,True,True,True
3,1,3,1138.7975623099849,0.10600592284540652,False,True,True,True,True
3,1,3,29.512196098776432,0.11999905634528645,True,True,True,True,True
3,1,3,32.20954363099807,0.21396626617579853,True,True,True,True,True
3,1,3,21.086152719057438,0.07139795071179843,True,True,True,True,True
3,1,3,9.61319968046361,0.08261111519790394,True,True,True,True,True
3,1,3,9.362296550576145,0.04981294068784277,True,True,True,True,True
3,1,3,62.61168260861743,0.06796556121064906,False,False,True,True,True
3,1,3,549.5436548816336,0.03447817735551718,True,True,True,True,True
3,1,3,148.30203667146287,0.08187569279697335,True,True,True,True,True
3,1,3,92.54045081751683,0.09593084171814953,True,True,True,True,True
3,1,3,36.730644819466086,0.0843373362782275,True,True,True,True,True
3,1,3,31.234959871475407,0.14527229751553983,True,True,True,True,True
3,1,3,30.988435590385905,0.05987963286630282,True,True,True,True,True
3,1,3,18.19748595695669,0.15154897660187303,True,True,True,True,True
3,1,3,98.49373201899397,0.04759332835175236,True,True,True,True,True
3,1,3,6.153385245824229,0.10923108405736186,True,True,True,True,True
3,1,3,17.11584751148243,0.15846875995681658,True,True,True,True,True
3,1,3,116.50989153967554,0.10979129470275172,True,True,True,True,True
3,1,3,7705.512014051759,0.04987692910397356,False,False,True,True,True
3,1,3,48.17531624406667,0.07992132031871575,True,True,True,True,True
3,1,3,10.17503217954842,0.18472471518937694,False,False,False,False,True
3,1,3,16.358516223597217,0.15077400435685773,True,True,True,True,True
3,1,3,16.572997826314005,0.20191513611208572,True,True,True,True,True
3,1,3,9.471177775456367,0.06342004116835444,True,True,True,True,True
3,1,3,68.5070989508358,0.014637642496830937,True,True,True,True,True
3,1,3,43.7805888712006,0.07588728690932454,True,True,True,True,True
3,1,3,20.471442397364545,0.03907603440347745,False,False,True,True,True
3,1,3,38.493283519171456,0.03977288663428196,False,True,False,True,True
3,1,3,155.40945344126266,0.18229746815990946,True,True,True,True,True
3,1,3,32.743291181088004,0.07500440688556585,True,True,True,True,True
3,1,3,125.78980317710754,0.0342968569143345,True,True,True,True,True
3,1,3,83.20412377731063,0.1297338273249984,True,True,True,True,True
3,1,3,64.98757473250022,0.10478324151545723,True,True,True,True,True
3,1,3,23.32239639974138,0.07915814152116198,True,True,True,True,True
3,1,3,674.8409522758835,0.07057149220517153,False,True,False,False,False
3,1,3,71.24440173607447,0.04954091008201159,False,False,True,True,True
3,1,3,74.57633255604881,0.1606837195924112,True,True,True,True,True
3,1,3,31.47118710431136,0.21342905199477033,False,False,True,True,True
3,1,3,24.148256132961695,0.04806924181252536,True,True,True,True,True
3,1,3,32.2420323762254,0.10729205716220822,True,True,True,True,True
3,1,3,24.52274822838886,0.11524245646556565,True,True,True,True,True
3,1,3,21.62696842569965,0.11991609565604283,True,True,True,True,True
3,1,3,46.58156683848084,0.11384512870141565,True,True,True,True,True
3,1,3,71.34024882045797,0.13368799887700622,True,True,True,True,True
3,1,3,44.97444003454714,0.11093205653016447,True,True,True,True,True
3,1,3,27.725475854030464,0.05287899548577015,True,True,True,True,True
3,1,3,43.468716461027775,0.05003451735392418,True,True,True,True,True
3,1,3,150.45648405883446,0.1423214637459226,True,True,True,True,True
3,1,3,21.693345862594512,0.040881439483147756,True,True,True,True,True
3,1,3,18.63480541964661,0.34858924801290914,True,True,True,True,True
3,1,3,11.022060074590396,0.045210039359565274,True,True,True,True,True
3,1,3,46.16806542376766,0.09170960110566814,True,True,True,True,True
3,1,3,203.06461634333112,0.10510548846352519,False,True,True,True,True
3,1,3,28.5991925186523,0.041536208588511106,False,False,False,False,False
3,1,3,7.194610998109095,0.12149262552394718,True,True,True,True,True
3,1,3,18.4873187471127,0.18979057108554073,True,True,True,True,True
3,1,3,57.25581752798476,0.2253759229354847,True,True,True,True,True
3,1,3,5649.537888462681,0.02348036335967874,False,False,False,False,False
3,1,3,21.854303007942093,0.13371392050463415,True,True,True,True,True
3,1,3,330.62536114625254,0.12153388246790031,True,True,True,True,True
3,1,3,10.449749468868712,0.08854801318802134,True,True,True,True,True
3,1,3,27.38150122387785,0.06680478180039329,False,False,False,False,False
3,1,3,771.2035515226976,0.07367438668619934,False,False,False,False,False
3,1,3,14.86914481430838,0.12893631447077913,False,True,False,True,True
3,1,3,6.348569704313253,0.07613241210603956,True,True,True,True,True
3,1,3,177.48618695314022,0.04546287527735778,False,True,True,True,True
3,1,3,192.49524801885846,0.1709593199218622,True,True,True,True,True
3,1,3,22.421388937572054,0.08981229834121231,True,True,True,True,True
3,1,3,12.664625860105202,0.07064680670588436,True,True,True,True,True
3,1,3,52.832839028299865,0.042331508599085896,False,False,False,False,False
3,1,3,76.00767689393876,0.12247741206487912,True,True,True,True,True
3,1,3,76.72746243104385,0.08022529341912706,False,False,False,False,False
3,1,3,223.5557927873662,0.1329869433770331,True,True,True,True,True
3,1,3,1146.7956645774,0.07424258427956525,True,True,True,True,True
3,1,3,12.390640126972134,0.10838118232891539,True,True,True,True,True
3,1,3,14.145673222261008,0.0925167619483182,False,False,True,True,True
3,1,4,8.851540021226485,0.06937442304830198,True,True,True,True,True
3,1,4,8.144782132605096,0.08913311841517492,True,True,True,True,True
3,1,4,25.065807626943172,0.03278723200118844,True,True,True,True,True
3,1,4,119.97266742172467,0.06779944010786768,False,False,False,False,True
3,1,4,39.24072011634587,0.06913394434575287,True,True,True,True,True
3,1,4,32.41110284198825,0.19128714749611422,False,False,True,True,True
3,1,4,10.01159678797381,0.09382530461779172,True,True,True,True,True
3,1,4,61.49318617983901,0.12316665692245882,True,True,True,True,True
3,1,4,5.998207217051499,0.1356694136346672,True,True,True,True,True
3,1,4,103.26663959158626,0.16818092167787718,True,True,True,True,True
3,1,4,20.614465076655684,0.03736001688180225,False,False,False,False,True
3,1,4,28.550541125625543,0.07431697423432573,True,True,True,True,True
3,1,4,9.801928063454499,0.06919582833902081,True,True,True,True,True
3,1,4,19.283545962742313,0.1159123998712503,True,True,True,True,True
3,1,4,82.45196266371984,0.2771450080340473,True,True,True,True,True
3,1,4,1692.9356450373973,0.07171153666394844,True,True,True,True,True
3,1,4,14.145587551180562,0.1828888815442843,True,True,True,True,True
3,1,4,153.54269873244152,0.04716791716630377,True,True,True,True,True
3,1,4,38.897676460938094,0.093999358177284,True,True,True,True,True
3,1,4,16.77603990831524,0.04793742962216116,True,True,True,True,True
3,1,4,29.031561023633202,0.08044978779957675,False,False,False,True,True
3,1,4,11.657578797975459,0.11901978179187041,True,True,True,True,True
3,1,4,16.11487434374426,0.0858152597526827,True,True,True,True,True
3,1,4,64.61007337038674,0.07757000638092171,True,True,True,True,True
3,1,4,56.63140941467083,0.12039675456314797,False,False,False,False,False
3,1,4,211.36856922408927,0.13561615201275998,True,True,True,True,True
3,1,4,15.784048844459289,0.09149193519838622,True,True,True,True,True
3,1,4,18.036662304938673,0.15999392863455203,True,True,True,True,True
3,1,4,157.98015978263246,0.06167340783645515,False,True,True,True,True
3,1,4,25.264018962219474,0.09368430632538204,True,True,True,True,True
3,1,4,430.3702491095124,0.10625600498872964,False,False,False,False,False
3,1,4,29.021932943332438,0.060324930323774985,True,True,True,True,True
3,1,4,25.183502834354584,0.04949158987142618,True,True,True,True,True
3,1,4,26.363336103365445,0.11809701269748128,True,True,True,True,True
3,1,4,26.67865790961595,0.2416423035480337,True,True,True,True,True
3,1,4,17.717847750587897,0.11591011799168775,True,True,True,True,True
3,1,4,41.28231845968059,0.11893903751084184,True,True,True,True,True
3,1,4,19.37724572648287,0.09369952858602049,False,False,False,False,True
3,1,4,26.014803818385207,0.09548184084010441,True,True,True,True,True
3,1,4,24.164184707377892,0.1198595655087234,False,False,False,False,True
3,1,4,51.01904435316806,0.049876719218237914,False,False,False,False,False
3,1,4,29.791584364870964,0.1398580995412988,False,True,True,True,True
3,1,4,26.491131116714826,0.023312035124528067,False,False,False,False,False
3,1,4,27.263410108592993,0.07608955332522889,True,True,True,True,True
3,1,4,7.2244936335032595,0.11370625832304182,True,True,True,True,True
3,1,4,896.9657714186659,0.04099288557855807,False,False,False,False,False
3,1,4,43.99537322274815,0.09497280551194077,True,True,True,True,True
3,1,4,19.33865463781822,0.09471414310804378,True,True,True,True,True
3,1,4,62.52463304932096,0.11833947702224967,True,True,True,True,True
3,1,4,13.665659023935229,0.028553231599588048,True,True,True,True,True
3,1,4,281.63724655539505,0.054060577108139475,True,True,False,True,True
3,1,4,53.22574060361373,0.044411337051057265,False,False,False,False,False
3,1,4,47.30527739070986,0.08541646000493174,False,False,False,False,False
3,1,4,29.110676903150065,0.037308465699564086,True,True,True,True,True
3,1,4,22.854223533662704,0.12204580101593938,False,False,False,True,True
3,1,4,358.0175933910268,0.0998245889464863,True,True,True,True,True
3,1,4,98.57913608740112,0.20227854921196972,True,True,True,True,True
3,1,4,139.47414684800083,0.07971068944576688,False,False,False,False,True
3,1,4,49.433343237534345,0.057192054628985266,False,False,False,False,True
3,1,4,15.069154004882671,0.052592921005374056,True,True,True,True,True
3,1,4,30.710941685385258,0.10597380653333685,True,True,True,True,True
3,1,4,9.563780057309902,0.140854401397758,True,True,True,True,True
3,1,4,2559.858081169599,0.11953722383312165,True,True,True,True,True
3,1,4,355.1680861116967,0.06167172363147936,True,True,True,True,True
3,1,4,26.441257822269243,0.10394012480413582,True,True,True,True,True
3,1,4,48.393317657627,0.0627006341109126,True,True,True,True,True
3,1,4,63.71682361406676,0.06346801504956194,False,False,True,True,True
3,1,4,23.762890517558485,0.10458928365383548,True,True,True,True,True
3,1,4,43.56345222676913,0.08537729887391915,True,False,False,False,True
3,1,4,4821.85398777048,0.19548036648466022,True,True,True,True,True
3,1,4,147.22623576933896,0.049270302537944954,True,True,True,True,True
3,1,4,16.658530250384107,0.05272845759831689,True,True,True,True,True
3,1,4,626.5804864142891,0.029290285449873898,False,False,True,True,True
3,1,4,99.31437315312967,0.07521574628477991,True,True,True,True,True
3,1,4,124.97982872231049,0.17507326304975682,True,False,False,True,True
3,1,4,102.65442761559116,0.07154862658947517,True,True,True,True,True
3,1,4,10.827062055248186,0.133080672975478,False,True,True,True,True
3,1,4,10.3573209401718,0.21833741510540897,True,True,True,True,True
3,1,4,1177.7179074511766,0.045014898562878776,True,True,True,True,True
3,1,4,95.87712626261506,0.2470741484789582,True,True,True,True,True
3,1,4,801.5177575687575,0.1494862699558835,True,True,True,True,True
3,1,4,4215.394647535182,0.10805166214884734,True,True,True,True,True
3,1,4,5.912102679858073,0.11573577884754731,True,True,True,True,True
3,1,4,17.965595422178072,0.09885529144009352,True,True,True,True,True
3,1,4,921.3139508176184,0.07087550905779627,True,True,True,True,True
3,1,4,24.442912450947674,0.058033642312333815,True,True,True,True,True
3,1,4,15.737155978532613,0.0912601988591105,True,True,True,True,True
3,1,4,23.339019725660542,0.045166267824198546,True,True,True,True,True
3,1,4,297.1535901075901,0.042291999412269146,True,True,True,True,True
3,1,4,105.20778189852422,0.06237168776898963,True,True,True,True,True
3,1,4,96.47273259703098,0.16980768177317207,True,True,True,True,True
3,1,4,9.614222916957743,0.1322095069993064,True,True,True,True,True
3,1,4,22.67399822712587,0.0678687275988061,True,True,True,True,True
3,1,4,6.866732445331316,0.10205362798410005,True,True,True,True,True
3,1,4,5796.644105033274,0.1524442856646871,False,False,False,False,False
3,1,4,158.0224762170584,0.06649824308721368,True,True,True,True,True
3,1,4,13.884010600998767,0.043802803322007325,False,False,False,True,True
3,1,4,30.01084871916186,0.12320099116973914,True,True,True,True,True
3,1,4,13.238317104969086,0.1707564188600534,True,True,True,True,True
3,1,4,72.31393678374089,0.1055713408655182,True,True,True,True,True
3,1,5,20.741066803637235,0.09407567205848612,True,True,True,True,True
3,1,5,16.077105826408378,0.041099649311927756,False,False,False,False,False
3,1,5,422.9392234754191,0.05445291339564219,True,True,True,True,True
3,1,5,53.94350533750246,0.09409239652139473,True,True,True,True,True
3,1,5,898.6068263405693,0.031191970468288678,True,True,True,True,True
3,1,5,9.050362666178659,0.06285144566120493,True,True,True,True,True
3,1,5,114.48376116631076,0.18216232598331,True,True,True,True,True
3,1,5,187.5395680820366,0.22338455251282838,True,True,True,True,True
3,1,5,9.121664288059709,0.07270843063575176,True,True,True,True,True
3,1,5,49.03965347720583,0.07928886004505586,True,True,True,True,True
3,1,5,96.12742564751304,0.08244396290150512,False,True,True,True,True
3,1,5,89510.1350083569,0.0943862953053517,True,True,True,True,True
3,1,5,415.58300240073424,0.04167833401470959,False,False,False,False,True
3,1,5,79.01588352611992,0.06929808042362293,True,True,True,True,True
3,1,5,41.85502243208352,0.06135381557100038,True,True,True,True,True
3,1,5,40.775690146957594,0.06487486018648146,True,True,True,True,True
3,1,5,18.9552590988501,0.037272953561560226,False,False,True,True,True
3,1,5,23.15485052594696,0.07376142496164775,True,True,True,True,True
3,1,5,17.784765177281418,0.0700896854480118,False,False,True,True,True
3,1,5,385.41584749270834,0.03002304663655607,True,True,True,True,True
3,1,5,22.219685025825427,0.06480633359365437,True,True,True,True,True
3,1,5,276.15408760411214,0.11256992948220076,True,True,True,True,True
3,1,5,71.89761382065039,0.07353838498895707,True,True,True,True,True
3,1,5,70.47283518153351,0.11928420119534919,True,True,True,True,True
3,1,5,18.068513793480065,0.0790441424739567,True,True,True,True,True
3,1,5,96.0670850273989,0.14593163273425053,True,True,True,True,True
3,1,5,30.481012153941702,0.09748885912352938,True,True,True,True,True
3,1,5,21.73041051540913,0.04588972622726413,True,True,True,True,True
3,1,5,106.20202693720269,0.02955974803748528,False,True,True,True,True
3,1,5,19.590734889953975,0.04421088683793872,False,False,False,True,True
3,1,5,95.49472811490259,0.058923191764781,True,True,True,True,True
3,1,5,165.26393842934843,0.044560073972252305,False,True,True,True,False
3,1,5,14.29252906258052,0.0996078560231677,True,True,True,True,True
3,1,5,142.69045341196903,0.10176537845462091,False,False,False,False,False
3,1,5,8.877308242756497,0.0712606914679047,False,False,True,True,True
3,1,5,15.822734256119038,0.053927668126915504,True,True,True,True,True
3,1,5,13.273730021235963,0.2053760035010922,True,True,True,True,True
3,1,5,217.50515251433904,0.01958823676454641,False,False,True,True,True
3,1,5,28.52133417577554,0.07962691436992761,False,False,False,False,False
3,1,5,41.72030769948698,0.21607478370132172,True,True,True,True,True
3,1,5,17.47662720098282,0.18064682926483996,True,True,True,True,True
3,1,5,266.4907369268277,0.04389855327801066,False,False,True,True,True
3,1,5,34.082860350409696,0.11366032783126671,True,True,True,True,True
3,1,5,25.35034446401131,0.18861915842338792,False,False,False,False,True
3,1,5,220.0169829681186,0.06594102237484309,True,True,True,True,True
3,1,5,45.593484117927936,0.18696183009545322,True,True,True,True,True
3,1,5,1981.2750347612805,0.12961149618585852,True,True,True,True,True
3,1,5,19685.913547841275,0.03747110601818213,False,False,False,False,False
3,1,5,25.54182456952481,0.10376071160869134,True,True,True,True,True
3,1,5,18.430322619742366,0.09349191567893061,True,True,True,True,True
3,1,5,64.09186979561197,0.09278144363693568,False,False,False,False,False
3,1,5,42.25027263372792,0.1589971150315505,True,True,True,True,True
3,1,5,15.588993659502227,0.07139737283249561,True,True,True,True,True
3,1,5,10.516335044973118,0.13685519026594176,True,True,True,True,True
3,1,5,13.731865310878494,0.12558941350621652,True,True,True,True,True
3,1,5,18.06703477502302,0.08302467142699324,False,False,True,True,True
3,1,5,24.216492516840017,0.05306136630064171,True,True,True,True,True
3,1,5,53.14754384113857,0.09009337358588537,True,True,True,True,True
3,1,5,10.70840939941927,0.21197665582235764,True,True,True,True,True
3,1,5,70.92472072669982,0.04487662844554617,True,True,True,True,True
3,1,5,383.56550758797533,0.06084011422912648,False,False,False,False,False
3,1,5,477.81970755361317,0.06161452676034435,True,True,True,True,True
3,1,5,45.01839993335169,0.07909064693657898,True,True,True,True,True
3,1,5,98.65417679962967,0.0633103238169712,True,True,True,True,True
3,1,5,21.35500146323412,0.10755422015916484,True,False,False,False,False
3,1,5,12.33480681515479,0.18127960816942326,True,True,True,True,True
3,1,5,58.31189856348453,0.06404851656112984,True,True,True,True,True
3,1,5,32.726682922592616,0.05137405754415886,True,True,True,True,True
3,1,5,19.662311837474654,0.05877574272814215,False,True,True,True,True
3,1,5,111.65337512687825,0.16695333602770066,True,True,True,True,True
3,1,5,72.61127922866432,0.1794327730545421,True,True,True,True,True
3,1,5,317.93446981125084,0.11013050148142833,True,True,True,True,True
3,1,5,506.97405532420316,0.0861087902947078,True,True,True,True,True
3,1,5,56.61601176626023,0.05568286227712455,True,True,True,True,True
3,1,5,1133.7757583073806,0.1250416613387144,True,True,True,True,True
3,1,5,1338.940701120767,0.12113761902281482,True,True,True,True,True
3,1,5,23.85072024727055,0.0975146150956332,True,True,True,True,True
3,1,5,59.88456921697074,0.03181097835735035,True,True,True,True,True
3,1,5,109.64344714074059,0.04349502097188394,True,True,True,True,True
3,1,5,20.485904813966737,0.24230823360691126,True,True,True,True,True
3,1,5,25.762492271137035,0.1442594449345133,True,True,True,True,True
3,1,5,3.8779921196085385,0.12739595202426407,True,True,True,True,True
3,1,5,8.546016628076407,0.0855837421847611,True,True,True,True,True
3,1,5,8.660984612983084,0.10794261474801298,False,True,True,True,True
3,1,5,8.64695652509733,0.06407468950598047,False,False,True,True,True
3,1,5,54.24280887395909,0.03835738007202086,False,False,False,False,False
3,1,5,20.150019797524212,0.06915216480981991,True,True,True,True,True
3,1,5,78.86666312591481,0.029093846076172807,True,True,True,True,False
3,1,5,14.078825114480148,0.16287488558115634,True,True,True,True,True
3,1,5,102.45305625747142,0.042440361316909425,False,False,False,False,True
3,1,5,198.2824662926279,0.048043934142732905,True,True,True,False,False
3,1,5,60.25496892108269,0.09022794187125494,True,True,True,True,True
3,1,5,166.08339944450518,0.0813315756020695,True,True,True,True,True
3,1,5,37.53191709490414,0.11201089903098867,True,False,False,True,True
3,1,5,1686.435075424258,0.09451053943846527,True,True,True,True,True
3,1,5,12.103514540667252,0.054457781757976616,True,True,True,True,True
3,1,5,23.099971826529696,0.14544271330092012,True,True,True,True,True
3,1,5,49732.55691420251,0.07454715709681257,True,True,True,True,True
3,1,5,30.444364389671527,0.07917926962126712,True,True,True,True,True
3,1,5,40.870297506334474,0.11405535083343483,True,True,True,True,True
3,2,2,40.56638160813322,0.16056525098204805,False,False,True,True,True
3,2,2,23.723816967235326,0.09419211920988997,True,True,True,True,True
3,2,2,26.861446128126804,0.14532186253357787,True,True,True,True,True
3,2,2,36.818444401594135,0.06441432730294143,True,True,True,True,True
3,2,2,23.242173305303545,0.2715903042332605,True,True,True,True,True
3,2,2,4.713563524166623,0.15894397023296958,True,True,True,True,True
3,2,2,187.85466580686312,0.07797450990577982,True,True,True,True,True
3,2,2,46.82415477526546,0.04884598327699306,True,True,True,True,True
3,2,2,27.499724921416533,0.09844828870400821,True,True,True,True,True
3,2,2,15.49427740870947,0.12797683075042474,True,True,True,True,True
3,2,2,6.187038763885866,0.21115337475400128,False,False,True,True,True
3,2,2,148.03876138425815,0.11041762182704329,False,True,True,True,True
3,2,2,15.378021012332011,0.07867058858691349,True,True,True,True,True
3,2,2,5.7493772646309,0.08972737701323036,True,True,True,True,True
3,2,2,40.78636514949639,0.03434738797303519,False,False,False,True,True
3,2,2,31.938980707564312,0.022336679069503214,True,True,True,True,True
3,2,2,11.320058867783759,0.09037232089853364,True,True,True,True,True
3,2,2,84.05118689125904,0.11575192793662616,True,True,True,True,True
3,2,2,124.33613569778353,0.04716836750563269,True,True,True,True,True
3,2,2,516.8297092262801,0.08513385098474575,True,True,True,True,True
3,2,2,33.77176608301862,0.11766712356202368,True,True,True,True,True
3,2,2,57.04055414205247,0.06114889947220653,False,True,True,True,True
3,2,2,117.31753160129817,0.050765846052664244,False,False,False,True,True
3,2,2,4.356203134234946,0.17201683391573358,True,True,True,True,True
3,2,2,39.00221782700314,0.040913984101006606,False,False,False,True,True
3,2,2,12.084161622178467,0.07922054323331658,True,True,True,True,True
3,2,2,200.23842933719538,0.028733349656276393,True,True,True,True,True
3,2,2,13.899478552710695,0.03376491153545938,True,True,True,True,True
3,2,2,53.409367545783155,0.08692433111996614,True,True,True,True,True
3,2,2,49.25135408499212,0.0233042520702635,False,False,False,False,False
3,2,2,14.89113499354829,0.10296095699165271,True,True,True,True,True
3,2,2,11.888480323297342,0.1086016984218535,True,True,True,True,True
3,2,2,57.955193636728154,0.09430599915490558,True,True,True,True,True
3,2,2,36.18736040703968,0.0714410111882819,True,True,True,True,True
3,2,2,203.188846125683,0.06911360010234634,False,False,True,True,True
3,2,2,54.81208231622606,0.10326326579195529,True,True,True,True,True
3,2,2,34.409010775914716,0.07962553314385391,True,True,True,True,True
3,2,2,15.09986402290444,0.09445462410805701,False,False,True,True,True
3,2,2,93.84334263769355,0.03271731827161921,False,False,False,False,True
3,2,2,21.473192796234958,0.08741645849745398,True,True,True,True,True
3,2,2,18.526762005548495,0.10586386188693177,True,True,True,True,True
3,2,2,5.230756381093277,0.08615144325239263,True,True,True,True,True
3,2,2,14.13740314999274,0.11007607082419824,True,True,True,True,True
3,2,2,73.02126761580219,0.10211572658076258,True,True,True,True,True
3,2,2,218.68043466030207,0.10436112652922819,True,True,True,True,True
3,2,2,54.46792481559631,0.12479633997402793,True,True,True,True,True
3,2,2,7.796173519336674,0.17171620891777264,True,True,True,True,True
3,2,2,8.036470839185025,0.06770827776097509,True,True,True,True,True
3,2,2,72.07688151694511,0.08029459883247697,True,True,True,True,True
3,2,2,1951.339936826658,0.0507350146525258,True,True,True,True,True
3,2,2,17.603347279368624,0.09254802190155655,True,True,True,True,True
3,2,2,25.00009114697675,0.06870084954303717,True,True,True,True,True
3,2,2,23.024816612452387,0.14832068510161306,True,True,True,True,True
3,2,2,14.345569601722257,0.16735923292226476,True,True,True,True,True
3,2,2,18.859734576557166,0.057679061562555714,True,True,True,True,True
3,2,2,25.555956117368776,0.05986970101883094,False,False,False,False,False
3,2,2,20.179513202673274,0.0610926842891126,True,True,True,True,True
3,2,2,192.50979190625063,0.1605720919732387,False,False,False,False,False
3,2,2,12.021337555864509,0.07609083470967118,True,True,True,True,True
3,2,2,24.71814837051813,0.09436297077450377,True,True,True,True,True
3,2,2,28.62738068506521,0.04319331894464102,True,True,True,True,True
3,2,2,107.2327132614886,0.04219609767539235,True,True,True,True,True
3,2,2,18.253335748492567,0.08165165828833579,True,True,True,True,True
3,2,2,9.707258802452047,0.22783693873571204,True,True,True,True,True
3,2,2,36.14533933358385,0.10790796472942607,True,True,True,True,True
3,2,2,10.640978282733869,0.11414835450790844,True,True,True,True,True
3,2,2,114.31321968629281,0.03883671815436297,True,True,True,True,True
3,2,2,18.32019932927082,0.09241963457650183,True,True,True,True,True
3,2,2,108.25585447064555,0.2194756485347221,True,True,True,True,True
3,2,2,29.28940975510752,0.13733819511833625,True,True,True,True,True
3,2,2,38.00883082800182,0.10084206056663789,True,True,True,True,True
3,2,2,109.69864460715276,0.042710967602913104,False,False,False,True,True
3,2,2,91.15621557363632,0.11285964905186188,True,True,True,True,True
3,2,2,8.247469829710814,0.09616105032226613,True,True,True,True,True
3,2,2,9.688376812093448,0.2938355029413692,True,True,True,True,True
3,2,2,10.419356851790575,0.12341107663913967,True,True,True,True,True
3,2,2,71.95110972299155,0.1360045783217787,True,True,True,True,True
3,2,2,16.68456974329171,0.08829582659843177,True,True,True,True,True
3,2,2,10.294817768627894,0.13472656817239462,True,True,True,True,True
3,2,2,34.79184403576616,0.020930352401693244,False,False,True,True,True
3,2,2,17.353695405122973,0.03490476086972444,True,True,True,True,True
3,2,2,4.000881992987935,0.1967281389665476,True,True,True,True,True
3,2,2,41.345237984970986,0.0664300037009143,True,True,True,True,True
3,2,2,8.55642385682957,0.10356846123653239,True,True,True,True,True
3,2,2,28.190592101395655,0.07821615995995543,True,True,True,True,True
3,2,2,46.787565151136974,0.06855706363045827,True,True,True,True,True
3,2,2,48.54532723885261,0.0767221669539401,True,True,True,True,True
3,2,2,59.186238530941125,0.07518185171201827,True,True,True,True,True
3,2,2,133.1699783614787,0.036764354329953765,False,False,False,False,True
3,2,2,34.27089186187468,0.0639741658828905,True,True,True,True,True
3,2,2,19.01269680146337,0.16052684248154783,True,True,True,True,True
3,2,2,14.265076296782073,0.10575882479905734,True,True,True,True,True
3,2,2,12.421189867410167,0.09296394436453637,True,True,True,True,True
3,2,2,22.110900837445605,0.06800091813215027,True,True,True,True,True
3,2,2,20.434418338346042,0.08894960324483768,True,True,True,True,True
3,2,2,57.76262242598837,0.04438931671406434,True,True,True,True,True
3,2,2,15.251646724298595,0.036266147638867256,True,True,True,True,True
3,2,2,7.152900765976468,0.1464890267261221,True,True,True,True,True
3,2,2,15.52980831831343,0.034743845779802614,False,True,True,True,True
3,2,2,11.443242251916494,0.08263538517687534,True,True,True,True,True
3,2,3,128.5044197935895,0.04857708192956854,True,True,True,True,True
3,2,3,9.002651365507797,0.07955009088693472,False,False,False,False,True
3,2,3,21.784875775286626,0.08343193945520926,True,True,True,True,True
3,2,3,30.546554956698,0.11238990720409357,True,True,True,True,True
3,2,3,24.83477314858482,0.06910064744047581,True,True,True,True,True
3,2,3,48.092188415857784,0.18651013065182265,True,True,True,True,True
3,2,3,119.01396414865931,0.06768585470663883,True,True,True,True,True
3,2,3,461.7173703285218,0.10354869443468166,True,True,True,True,True
3,2,3,52.79377701306215,0.09722317738600511,False,True,True,True,True
3,2,3,20.32461508363292,0.06755210731303696,True,True,True,True,True
3,2,3,62.951836081536264,0.14858135261484276,True,True,True,True,True
3,2,3,12.444562645374695,0.048156034292808396,True,True,True,True,True
3,2,3,66.2120805365461,0.1167535758670218,True,True,True,True,True
3,2,3,19.85534088847419,0.14498037841103617,False,True,True,True,True
3,2,3,30.39468918919877,0.058911824557497265,False,False,False,False,True
3,2,3,32.09502683160986,0.04413981255893002,True,True,True,True,True
3,2,3,22.062556178648464,0.073598753181203,True,True,True,True,True
3,2,3,9.474348412538845,0.08506640683564526,True,True,True,True,True
3,2,3,37.54667753621546,0.08729837009392967,True,True,True,True,True
3,2,3,327.93401200725947,0.0653351740754,True,True,True,True,True
3,2,3,120.04318264329142,0.08118665142067888,True,True,True,True,True
3,2,3,44.82838384373531,0.03502465099910981,True,True,True,True,True
3,2,3,408.2173568749111,0.0270671501742735,False,False,True,True,True
3,2,3,17.315107323127325,0.18331178737889955,True,True,True,True,True
3,2,3,53.71062198283278,0.11374388719240658,True,True,True,True,True
3,2,3,11.642515670777858,0.11426854559691615,True,True,True,True,True
3,2,3,11.490812042861382,0.10345400383236857,True,True,True,True,True
3,2,3,284.29403721120156,0.038269690218350506,True,True,True,True,True
3,2,3,18.858910959121065,0.126196722266443,True,True,True,True,True
3,2,3,56.8232628233532,0.019327497418683542,False,False,False,False,True
3,2,3,22.37464180653529,0.0990239909833191,True,True,True,True,True
3,2,3,10.972323581152024,0.07309064229306468,True,True,True,True,True
3,2,3,24.60083708097876,0.028205198487573916,True,True,True,True,True
3,2,3,41.6917381207555,0.08923736820446333,True,True,True,True,True
3,2,3,72.42283064705012,0.08435743373636435,True,True,True,True,True
3,2,3,21.206121428738225,0.11474272768279674,True,True,True,True,True
3,2,3,13.451262062557614,0.1635528965313191,True,True,True,True,True
3,2,3,28.976577033714637,0.06407830688808264,True,True,True,True,True
3,2,3,14.094323892107091,0.1758741470637143,True,True,True,True,True
3,2,3,92.85696815533332,0.06677931682488687,True,True,True,True,True
3,2,3,26.287162410014634,0.03226686489114537,True,True,True,True,True
3,2,3,89.71941352534512,0.03125139532454628,True,True,True,True,True
3,2,3,224.681739905016,0.03215663689882882,False,False,False,False,True
3,2,3,72.40169231197532,0.1464790115103279,True,True,True,True,True
3,2,3,41.40648547562975,0.04667970729469846,False,True,True,True,True
3,2,3,4.690259405732248,0.17241078101493318,True,True,True,True,True
3,2,3,15.753369733722035,0.07816703405115792,True,True,True,True,True
3,2,3,22.1022995407556,0.11235925401525887,True,True,True,True,True
3,2,3,119.99095101997078,0.05331779817528122,False,True,True,True,True
3,2,3,40.26909808414744,0.07549629097890613,True,True,True,True,True
3,2,3,78.64291357520545,0.22409372278263678,True,True,True,True,True
3,2,3,46.92951191310069,0.07813332564986918,True,True,True,True,True
3,2,3,102.74646232894216,0.0475907259998568,True,True,True,True,True
3,2,3,111.19913009206026,0.12481551788968087,True,True,True,True,True
3,2,3,18.750763893005402,0.0789816629934297,True,True,True,True,True
3,2,3,16.747638904094654,0.1315868886897879,True,True,True,True,True
3,2,3,40.245709864751504,0.07871286086243304,True,True,True,True,True
3,2,3,32.72292952533475,0.05014848962101796,False,False,False,False,False
3,2,3,42.49645013478033,0.02393505363650879,False,False,True,True,True
3,2,3,24.91918486117876,0.10625381952226355,True,True,True,True,True
3,2,3,18.068693278494912,0.02865108878795448,True,True,True,True,True
3,2,3,39.66239314931972,0.050917511233890114,True,True,True,True,True
3,2,3,333.92881290519654,0.041011078964165254,False,False,False,False,True
3,2,3,22.108262479630625,0.04817864280300872,False,True,True,True,True
3,2,3,6.717262706525455,0.13670690819794154,True,True,True,True,True
3,2,3,20.413701059225435,0.09667951858338483,True,True,True,True,True
3,2,3,23.740743372896617,0.07816172476614776,True,True,True,True,True
3,2,3,4.413777369097443,0.11384924150473229,True,True,True,True,True
3,2,3,42.77883670828006,0.0795615245068041,True,True,True,True,True
3,2,3,58.23907108728959,0.027630200883920614,True,True,True,True,True
3,2,3,43.00086676122149,0.13195531637162944,True,True,True,True,True
3,2,3,12.3396670096867,0.09299142392731746,True,True,True,True,True
3,2,3,49.64804985538537,0.039306875129430305,True,True,True,True,True
3,2,3,17.079862019971046,0.09413575428414848,True,True,True,True,True
3,2,3,82.98261461183235,0.06921693306323698,True,True,True,True,True
3,2,3,29.98375282046945,0.04857444958632403,True,True,True,True,True
3,2,3,135.64229051551837,0.13022160340848224,True,True,True,True,True
3,2,3,8.071517916486593,0.10905861012731084,True,True,True,True,True
3,2,3,63.51671308024982,0.09355728717260445,True,False,False,True,True
3,2,3,61.340287588672965,0.043861747908910946,False,False,True,True,True
3,2,3,156.60524989845382,0.08307287269433146,True,True,True,True,True
3,2,3,43.92035059682668,0.039020320098258156,True,True,True,True,True
3,2,3,64.47295807556895,0.08173835434479783,True,True,True,True,True
3,2,3,32.134074959107636,0.042049930813312146,True,True,True,True,True
3,2,3,8.641430673919507,0.04234012792610295,True,True,True,True,True
3,2,3,30.552360700355617,0.1158869052743373,True,True,True,True,True
3,2,3,152.26853555023357,0.06957546005856309,True,True,True,True,True
3,2,3,60.05331727270602,0.02697826968459646,True,True,True,True,True
3,2,3,19.59200454744621,0.06914586238004601,True,True,True,True,True
3,2,3,108.86000912361244,0.038210847901457255,False,True,False,False,True
3,2,3,20.261393505977978,0.09584014570411163,True,True,True,True,True
3,2,3,30.50754990818247,0.023394745912637308,True,True,True,True,True
3,2,3,26.914006108717377,0.049727747215161426,True,True,True,True,True
3,2,3,10.386326542891915,0.08513768499627132,True,True,True,True,True
3,2,3,8.3740601241253,0.12059064884905007,True,True,True,True,True
3,2,3,221.50397231601602,0.0793336275263587,False,True,True,True,True
3,2,3,23.449738571685636,0.05064783429382339,True,True,True,True,True
3,2,3,19.43099368309804,0.06892664394508217,True,True,True,True,True
3,2,3,175.91554263321154,0.13446728493675666,False,True,True,True,True
3,2,3,32.27040889775925,0.0390300772194636,True,True,True,True,True
3,2,4,141.8267895989736,0.057394702170417984,True,True,True,True,True
3,2,4,24.538296919313623,0.10304426196389696,True,True,True,True,True
3,2,4,111.5546807466116,0.12247911031400656,True,True,True,True,True
3,2,4,193.5997170565407,0.11127373499061761,True,True,True,True,True
3,2,4,15.486956974981638,0.142666001451336,True,True,True,True,True
3,2,4,715.9149981717516,0.08043599451680772,True,True,True,True,True
3,2,4,158.13106656983632,0.053831612076615375,False,False,False,False,False
3,2,4,21.46381498252643,0.060977173102777275,False,True,True,True,True
3,2,4,27.615157211439254,0.17318040759467057,True,True,True,True,True
3,2,4,22.02246968547647,0.1335302406967945,True,True,True,True,True
3,2,4,35.22392273530702,0.1215057025743655,True,True,True,True,True
3,2,4,409.90190494627075,0.05678579806638803,False,False,False,True,True
3,2,4,267.30447082155456,0.0818166824123235,True,True,True,True,True
3,2,4,55.09704734118025,0.043722408492740436,True,True,False,False,False
3,2,4,85.32474503946435,0.09191251002935308,True,True,True,True,True
3,2,4,10.429069801329858,0.13647469293915615,True,True,True,True,True
3,2,4,645.6029206641948,0.1026712340566294,True,True,True,True,True
3,2,4,41.73783037247879,0.10416034061081869,True,True,True,True,True
3,2,4,11.054441845566634,0.20751405704058049,True,True,True,True,True
3,2,4,158.11879212921988,0.19038439263169668,True,True,True,True,True
3,2,4,105.56578899854836,0.07138945210344838,True,True,True,True,True
3,2,4,946.0609642845761,0.07663208148717564,True,True,True,True,True
3,2,4,10.231510695070394,0.0844291023526989,True,True,True,True,True
3,2,4,771.0124678801236,0.04515283177776769,True,True,True,True,True
3,2,4,429.8544668922325,0.07268582843529257,True,True,True,True,True
3,2,4,24.802619017332525,0.06651554490837137,True,True,True,True,True
3,2,4,51.02432967090523,0.13508842481352007,True,True,True,True,True
3,2,4,344.72989183792396,0.1677874410747816,True,True,True,True,True
3,2,4,70.2543794910473,0.07049970471001367,True,True,True,True,True
3,2,4,430.9057154840022,0.04328084858780997,True,True,True,True,True
3,2,4,64.21890236820104,0.029395934645842614,False,True,True,True,True
3,2,4,44.711811351777165,0.04434975705700928,True,True,True,True,True
3,2,4,12.205002435034787,0.13534052529116597,True,True,True,True,True
3,2,4,13.838369101518762,0.053851346999701344,True,True,True,True,True
3,2,4,366.590572104502,0.05303222676681003,True,True,True,True,True
3,2,4,103.10238183831137,0.025191236128269096,True,True,True,True,True
3,2,4,18.23388753806927,0.15068843006102156,True,True,True,True,True
3,2,4,27.498794086644583,0.043515845149770055,True,True,True,True,True
3,2,4,49.60761150224799,0.08537443399601226,True,True,True,True,True
3,2,4,165.16715833234733,0.09847070913004663,True,True,True,True,True
3,2,4,41.72858922225229,0.08382118976998293,True,True,True,True,True
3,2,4,16.00508693957573,0.2620635345429552,True,True,True,True,True
3,2,4,6230.357919043166,0.04270406203070838,True,True,True,True,True
3,2,4,9.617977864625434,0.12464798230716415,True,True,True,True,True
3,2,4,26.807787342858624,0.1423352028446948,True,True,True,True,True
3,2,4,33.45809244040612,0.03390578577896457,False,False,False,False,False
3,2,4,14.848461747181542,0.10884454835707086,True,True,True,True,True
3,2,4,48.096911335693186,0.05123832922825455,True,True,True,True,True
3,2,4,7.5107460374594455,0.11647285538552216,True,True,True,True,True
3,2,4,22.06754074630263,0.13137364517512076,True,True,True,True,True
3,2,4,346.6059411494643,0.09497018225857543,False,False,False,False,True
3,2,4,55.31642166515582,0.08045733902449644,True,True,True,True,True
3,2,4,87.88547576176133,0.06257421378156798,True,True,True,True,True
3,2,4,102.99315679738908,0.14081216908871494,True,True,True,True,True
3,2,4,26.311537934169646,0.02407902073832016,True,False,True,True,True
3,2,4,5.183075625047164,0.1716641752634532,True,True,True,True,True
3,2,4,81.00138683860095,0.0714829288469345,False,False,False,False,False
3,2,4,11.308478963579507,0.047375907122130884,False,True,True,True,True
3,2,4,108.32700414117058,0.06096055673626996,True,True,True,True,True
3,2,4,98.16940347551571,0.1358619962992788,True,True,True,True,True
3,2,4,37.011477024866494,0.10695758024602996,True,True,True,True,True
3,2,4,252.09713982483174,0.06390668819785547,False,False,True,True,True
3,2,4,68.10364436760845,0.07598953784016914,True,True,True,True,True
3,2,4,10.675135535049993,0.14596312266218053,True,True,True,True,True
3,2,4,35.77771921738756,0.13274867508492239,True,True,True,True,True
3,2,4,35.652937487301195,0.03897335750511674,False,False,True,True,True
3,2,4,59.75761754445127,0.1416305632018329,True,True,True,True,True
3,2,4,58.16869222564965,0.0833694511729679,False,False,False,True,True
3,2,4,48.15638749755217,0.1595053391088396,True,True,True,True,True
3,2,4,13.848569813371432,0.13118582868262174,True,True,True,True,True
3,2,4,72.82296941200441,0.03177090812577823,True,True,True,True,True
3,2,4,23.559217183872196,0.14814044038265278,True,True,True,True,True
3,2,4,38.720582919525704,0.12501130324839932,True,True,True,True,True
3,2,4,71.33464221603394,0.16254058454518272,False,True,True,True,True
3,2,4,17.19403907467181,0.17611337088106618,True,True,True,True,True
3,2,4,370.3603778828444,0.17535870491948363,True,True,True,True,True
3,2,4,27.918387769080482,0.05439146472839855,True,True,True,True,True
3,2,4,24.43837046265402,0.15004790742862242,True,True,True,True,True
3,2,4,29.18349229396136,0.09870998328822853,True,True,True,True,True
3,2,4,225.23995495302734,0.0523141295461838,False,False,False,True,True
3,2,4,20.930120702453713,0.08613057214882891,True,True,True,True,True
3,2,4,10.028805693391876,0.16102736203799026,True,True,True,True,True
3,2,4,114.67218790648727,0.06921035052882965,True,True,True,True,True
3,2,4,47.771364533330626,0.20951960401712766,True,True,True,True,True
3,2,4,31.115927204358652,0.039580373650641876,False,True,True,True,True
3,2,4,35.04312984691,0.0648584748997289,True,True,True,True,True
3,2,4,21.54355844924526,0.08240236026802486,True,True,True,True,True
3,2,4,43.4677753897903,0.09187417099214178,True,True,True,True,True
3,2,4,89.6268176252351,0.11707095675466626,True,True,True,True,True
3,2,4,36.94705575973223,0.22785596319394527,True,True,True,True,True
3,2,4,40.44211847873129,0.12875336965158252,True,True,True,True,True
3,2,4,12.803386307041212,0.22688576463864749,True,True,True,True,True
3,2,4,52.50359951227912,0.07741184601546915,True,True,True,True,True
3,2,4,92.16069022165318,0.06969369078476285,True,True,True,True,True
3,2,4,11.989202797172066,0.1996327952944048,True,True,True,True,True
3,2,4,492.52278526694926,0.05536768705766212,True,True,True,True,True
3,2,4,19.19942619003656,0.07808100275886261,True,True,True,True,True
3,2,4,27.191204057908735,0.12249108352596878,True,True,True,True,True
3,2,4,39.58719032832725,0.03145974970802745,True,True,True,True,True
3,2,4,39.53603506308226,0.10163298802180797,True,True,True,True,True
3,2,5,10.761973838828085,0.12094122564798548,True,True,True,True,True
3,2,5,13.772048234197538,0.10736890371911977,True,True,True,True,True
3,2,5,729.3341493222719,0.03952289566972727,True,True,True,True,True
3,2,5,103.98380218826233,0.0667109683209431,True,True,True,True,True
3,2,5,14.29189336121834,0.06049535504031666,True,True,True,True,True
3,2,5,45.19270262278593,0.11442903859545843,True,True,True,True,True
3,2,5,26.53602448170236,0.09648537630360449,True,True,True,True,True
3,2,5,467.0553280474066,0.04535162785370778,True,True,True,True,True
3,2,5,62.277729523140216,0.14631788310966437,False,False,False,False,True
3,2,5,52.566970752648125,0.05688639523022442,True,True,True,True,True
3,2,5,54.71951473143889,0.06800788428907131,True,True,True,True,True
3,2,5,103.10161443569086,0.028219079462309168,False,True,True,True,True
3,2,5,267.0825227753366,0.04994378128647515,False,False,True,True,True
3,2,5,29.233879216991937,0.05502089660707206,True,True,True,True,True
3,2,5,752.5256556910482,0.08138761986464854,True,True,True,True,True
3,2,5,437.09687781653963,0.0862363881755469,True,True,True,True,True
3,2,5,10.927200448943665,0.09770788746815803,True,True,True,True,True
3,2,5,21.422001259784736,0.12064260211566045,True,True,True,True,True
3,2,5,90.51892338955174,0.13144091433734437,True,True,True,True,True
3,2,5,99.84704550234002,0.07022571711280755,True,True,True,True,True
3,2,5,119.67653446809528,0.09182102650234152,True,True,True,True,True
3,2,5,243.81685199187322,0.20956426747737725,True,True,True,True,True
3,2,5,15.195236074332614,0.05169042974242721,True,True,True,True,True
3,2,5,20.445203125816892,0.16370240908475614,True,True,True,True,True
3,2,5,51.71938006109466,0.05558222673785424,True,True,True,True,True
3,2,5,11.08431477309958,0.13848224267175632,True,True,True,True,True
3,2,5,28.781357143075116,0.0644238888114688,True,True,True,True,True
3,2,5,15.975371630082527,0.11595784148169637,True,True,True,True,True
3,2,5,15.292211808556011,0.07209270792376625,True,True,True,True,True
3,2,5,30.09354020180023,0.1535397537028068,False,False,False,False,False
3,2,5,93.64706274704706,0.1349876585966359,False,True,True,True,True
3,2,5,51.759701689314376,0.12281765001262075,True,True,True,True,True
3,2,5,41.90940654178039,0.0762862133743151,True,True,True,True,True
3,2,5,3642.789716964346,0.03568759444339853,True,True,True,True,True
3,2,5,55.68992549302409,0.08842904405913607,False,True,True,True,True
3,2,5,97.75669512474505,0.03113620266802935,False,True,False,True,True
3,2,5,21.9574586657392,0.07358706186156343,True,True,True,True,True
3,2,5,112.14008923501378,0.1389510920391244,True,True,True,True,True
3,2,5,12.861577155323612,0.14652627802549242,True,True,True,True,True
3,2,5,17.09430837316004,0.06140892613211975,True,True,True,True,True
3,2,5,76.52618640901929,0.0699999978686988,True,True,True,True,True
3,2,5,250.71777235489034,0.09285463191579021,True,True,True,True,True
3,2,5,72.70117991501033,0.10166333996828132,True,True,True,True,True
3,2,5,22.190352457668304,0.068764061941962,True,True,True,True,True
3,2,5,28.766799478990684,0.14798321617565302,True,True,True,True,True
3,2,5,98.51263823923674,0.08307104746442247,False,False,False,False,False
3,2,5,452.7006483638484,0.09486969509846209,True,True,True,True,True
3,2,5,360.85317703718886,0.05632295635140864,False,False,False,False,False
3,2,5,114.29448209860503,0.017934026984132597,False,False,False,False,True
3,2,5,52.132318796704524,0.14539528931497311,True,True,True,True,True
3,2,5,24.133032600145025,0.16805872124959495,True,True,True,True,True
3,2,5,17.037383931657576,0.23312769571308736,True,True,True,True,True
3,2,5,32.24222559685031,0.04940112149823389,True,True,True,True,True
3,2,5,48.17756726399954,0.10302232263737254,True,True,True,True,True
3,2,5,262.9301093886614,0.122591286722406,True,True,True,True,True
3,2,5,11.823419977249985,0.07796173563858834,False,False,True,True,True
3,2,5,43.608540178583745,0.15812411730132486,True,True,True,True,True
3,2,5,30.174828020460126,0.08545916623265558,True,True,True,True,True
3,2,5,59.94223029519534,0.09864318130333782,True,True,True,True,True
3,2,5,78.39159142103429,0.09810609045081285,False,False,False,True,True
3,2,5,49.93252414517001,0.167203392526463,True,True,True,True,True
3,2,5,336.04533019887293,0.12351873285513859,False,False,False,False,False
3,2,5,46.74845636607557,0.11584409055907487,True,True,True,True,True
3,2,5,16.053854348121384,0.17413575519015698,True,True,True,True,True
3,2,5,323.362083693968,0.07235709784484892,True,True,True,True,True
3,2,5,152.52947185699853,0.11479466934348129,False,True,True,True,True
3,2,5,132.4921609864465,0.10428362110925209,False,False,False,False,True
3,2,5,48.744353719525186,0.0841696975708859,False,False,False,False,False
3,2,5,93.01602839481731,0.1489369477874265,True,True,True,True,True
3,2,5,59.837165212750605,0.06780374506906402,True,True,True,True,False
3,2,5,164.50063042220248,0.04882575168139853,True,True,True,True,True
3,2,5,115.2146414643866,0.06136697347036045,True,True,True,True,True
3,2,5,16.2849394097326,0.09167075891620328,True,True,True,True,True
3,2,5,36.76193235401892,0.11722617908053788,True,True,True,True,True
3,2,5,18.22354425942524,0.06515181898339568,True,True,True,True,True
3,2,5,46.46163550263736,0.057875612672275895,False,False,False,True,True
3,2,5,28.33042417999725,0.08513954150318374,True,True,True,True,True
3,2,5,641.4560434447076,0.11105406569936319,False,False,False,False,False
3,2,5,466.24647229816173,0.03861612160774063,True,True,True,True,True
3,2,5,102.04721444737497,0.09145165372933604,True,True,True,True,True
3,2,5,20.47016883005955,0.08172166104720571,True,True,True,True,True
3,2,5,23.284217724212535,0.04820896057206477,True,True,True,True,True
3,2,5,522.0401915068869,0.06124227019701075,True,True,True,True,True
3,2,5,20.592605139676024,0.13264816093339632,True,True,True,True,True
3,2,5,21.02681246872755,0.06811736805757283,False,True,True,True,True
3,2,5,106.28289337984023,0.06609345698392029,True,True,True,True,True
3,2,5,21.98408181580385,0.05675382613333245,True,True,True,True,True
3,2,5,21.553317922267123,0.15045139982681244,True,True,True,True,True
3,2,5,181.57483101768275,0.14233726577528388,True,True,True,True,True
3,2,5,37.082883608586,0.06749583087974524,False,True,False,True,True
3,2,5,59.70837706514162,0.08637099564943174,True,True,True,True,True
3,2,5,16.194940424583407,0.13046845260127132,True,True,True,True,True
3,2,5,154.701973553038,0.056730366441133044,False,False,False,False,False
3,2,5,13.643273157103996,0.1474840034982438,True,True,True,True,True
3,2,5,78.5681831391225,0.05835218581137799,True,True,True,True,True
3,2,5,98.63333067744995,0.12084918372270177,False,False,False,False,True
3,2,5,170.36776467485626,0.03465336400293645,True,True,True,True,True
3,2,5,66.01652536124179,0.07354377008404474,True,True,True,True,True
3,2,5,120.58737945182565,0.11177642678031344,False,False,True,True,True
3,2,5,12.740766315696186,0.0662664046659099,False,False,True,True,True
4,1,2,67.88255547137494,0.03155682898996232,False,False,True,True,True
4,1,2,30.03217356201654,0.057237171312166824,True,True,True,True,True
4,1,2,36.3345264327321,0.10219151958874709,True,True,True,True,True
4,1,2,405.95356542845303,0.08581992100183032,True,True,True,True,True
4,1,2,70.35373798237023,0.060717405649745426,True,True,True,True,True
4,1,2,37.194856707258204,0.06811024319046213,False,False,False,False,True
4,1,2,18.237684525989202,0.1429218948867512,True,True,True,True,True
4,1,2,5.522010705905398,0.1018960507594719,True,True,True,True,True
4,1,2,10.879625465631676,0.12483215045471682,True,True,True,True,True
4,1,2,93.61832459129045,0.12672941026457324,False,False,False,False,False
4,1,2,69.96161684875919,0.06340319654864175,True,True,True,True,True
4,1,2,16.531688320818652,0.06134626381288004,True,True,True,True,True
4,1,2,28.868812610231245,0.02385164059055716,True,True,True,True,True
4,1,2,172.60261668891098,0.033945193430082,False,False,True,False,False
4,1,2,232.633671318612,0.024119169246827332,False,False,False,False,False
4,1,2,27.904328658035126,0.11027822649195808,True,True,True,True,True
4,1,2,8.063112444393992,0.1109815447549852,True,True,True,True,True
4,1,2,81.01702488533644,0.07545498117291403,True,True,True,True,True
4,1,2,9.929520775845075,0.06440924139302384,True,True,True,True,True
4,1,2,11.21110612482162,0.17334059649280575,True,True,True,True,True
4,1,2,30.785852021353538,0.0660598247449092,True,True,True,True,True
4,1,2,149.26189073561665,0.05318565900648058,False,True,False,False,True
4,1,2,2226.2551932853166,0.04668730603308666,False,False,True,True,True
4,1,2,98.73706272661659,0.15954450636321593,True,True,True,True,True
4,1,2,16896.18025512872,0.037839065582136684,True,True,True,True,True
4,1,2,39.91284221421252,0.17627535345792641,True,True,True,True,True
4,1,2,27.978187417012336,0.16319860970538422,True,True,True,True,True
4,1,2,47.61187147756031,0.08441763794852482,True,True,True,True,True
4,1,2,243.60037360943994,0.05002417938460859,True,True,True,True,True
4,1,2,520.5775024856822,0.05423056925803979,True,True,True,True,True
4,1,2,6.51503037747473,0.11624402616684805,True,True,True,True,True
4,1,2,54.97894227533674,0.03781701404845923,True,True,True,True,True
4,1,2,31.12690828183712,0.08222732480472654,True,True,True,True,True
4,1,2,122.7559771201335,0.06728242975377206,False,False,False,False,False
4,1,2,166.35540307533344,0.037234521565222584,True,True,True,True,True
4,1,2,360.3418863839423,0.08628920022981851,True,True,True,True,True
4,1,2,249.2671731252428,0.0719939130735266,True,True,True,True,True
4,1,2,24.001433605043,0.1256989808610254,True,True,True,True,True
4,1,2,10.843930947929389,0.09361836021909557,True,True,True,True,True
4,1,2,26.011756141451148,0.136528533796434,True,True,True,True,True
4,1,2,34.03199812962531,0.09304268532362893,False,False,False,False,True
4,1,2,142.89561210580678,0.08192277466092056,False,False,False,False,False
4,1,2,72.9074236763989,0.10097370573289811,False,False,False,False,False
4,1,2,29.880648851967173,0.12074479575710619,True,True,True,True,True
4,1,2,33.59579221131961,0.07132306037923095,True,True,True,True,True
4,1,2,41.605323217795245,0.13784233536076043,False,False,False,False,False
4,1,2,45.32402554721681,0.032047979180979784,True,True,True,True,True
4,1,2,88.11379126170917,0.04971815586179745,True,True,True,True,True
4,1,2,11.059934250702481,0.07876041406604752,True,True,True,True,True
4,1,2,167.27152836294223,0.026256478095907327,True,True,True,True,True
4,1,2,143.97294031254108,0.1425472303103511,False,False,False,False,False
4,1,2,29.311538359242046,0.06537063804020597,False,False,False,False,False
4,1,2,8.565358484036912,0.13011549587021218,True,True,True,True,True
4,1,2,189.72280257794412,0.04845033868016647,True,True,True,True,True
4,1,2,33.64233561241073,0.06379327356452111,True,True,True,True,True
4,1,2,267.2997880040415,0.08092528059943165,True,True,True,True,True
4,1,2,12.450204900742115,0.15603406282087817,True,True,True,True,True
4,1,2,603.326908473435,0.052169866708463665,False,False,False,False,False
4,1,2,83.06326317701935,0.13388032079905018,False,False,False,False,False
4,1,2,15.836810205892212,0.0767693442148438,False,False,False,True,True
4,1,2,78.70642766203532,0.07092369287417598,False,False,False,False,False
4,1,2,274.6144501015588,0.02910690400346692,False,False,False,False,False
4,1,2,33.83524780955946,0.0783449403146305,True,True,True,True,True
4,1,2,12.13673594274013,0.1211259767339024,True,True,True,True,True
4,1,2,289.0329208166052,0.04585686908931096,False,False,False,False,False
4,1,2,4.015850914759187,0.18306161318698513,True,True,True,True,True
4,1,2,5.235390954091429,0.06929443687208627,True,True,True,True,True
4,1,2,566.9908699145409,0.13546614653202646,True,True,True,True,True
4,1,2,158.8341033157291,0.15338237588608153,False,False,False,False,False
4,1,2,120.94679925418544,0.12447388554898563,True,True,True,True,True
4,1,2,9.344274447360965,0.11819528598917711,True,True,True,True,True
4,1,2,19.08250001802382,0.10012429570589824,True,True,True,True,True
4,1,2,18.36075994675239,0.07202849682422491,True,True,True,True,True
4,1,2,168.87313082565643,0.019888107943593924,True,False,True,True,True
4,1,2,23.1432858510439,0.04674655393957203,True,True,True,True,True
4,1,2,56.069235038356595,0.07007634363158334,True,True,True,True,True
4,1,2,121.79723332489758,0.0804691784317643,False,False,False,False,True
4,1,2,20.32033328564487,0.10637355237099802,False,False,False,False,False
4,1,2,19.42659355150861,0.04197867306649383,True,True,True,True,True
4,1,2,8.752415327724652,0.12899313110922936,True,True,True,True,True
4,1,2,30.305628868575422,0.059182036576779694,True,True,True,True,True
4,1,2,32.948451743659184,0.07562302601007023,True,True,True,True,True
4,1,2,22.25318987736135,0.2569269453833707,True,True,True,True,True
4,1,2,16.761088724498936,0.1238735448968116,True,True,True,True,True
4,1,2,57.48682395036992,0.11083194041026807,True,True,True,True,True
4,1,2,30.64387031831581,0.17447646927679022,True,True,True,True,True
4,1,2,10.783528851252584,0.18379405630962317,True,True,True,True,True
4,1,2,47.02531299942064,0.048793493685188344,True,True,True,True,True
4,1,2,59.215375862717735,0.23909860898132723,False,False,False,True,True
4,1,2,64.52832527532107,0.08719581790436279,True,True,True,True,True
4,1,2,15.581585411957084,0.045021329459090334,True,True,True,True,True
4,1,2,23.698276203336132,0.11056769124708832,True,True,True,True,True
4,1,2,60.95770377369584,0.06482432729807304,True,True,True,True,True
4,1,2,31.308455505767732,0.12070660260972033,True,True,True,True,True
4,1,2,137.68498263221565,0.05804554302309015,True,True,True,True,True
4,1,2,20.154404705124364,0.16579791353841627,True,True,True,True,True
4,1,2,201.9434854536846,0.0709393351041942,True,True,True,True,True
4,1,2,223.79388520971764,0.17504483698723722,False,False,False,False,False
4,1,2,33.19685017962112,0.1071072718941498,True,True,True,True,True
4,1,2,75.34113243129138,0.061432077416844734,True,True,True,True,True
4,1,3,163.40248042046912,0.15924580162242122,True,True,True,True,True
4,1,3,63.8842430478994,0.1615363775399238,True,True,True,True,True
4,1,3,37.23348304859311,0.11020560978251312,True,True,True,True,True
4,1,3,53.743676276743464,0.14850589205790857,True,True,True,True,True
4,1,3,21.70091849340194,0.21493851745338377,False,False,False,False,False
4,1,3,25.513269360655606,0.14593583999967233,True,True,True,True,True
4,1,3,279.21116874518447,0.13166853045622,True,True,True,True,True
4,1,3,452.51976720083024,0.067542329202357,False,False,False,False,False
4,1,3,60.202250817052146,0.0999210532180009,True,True,True,True,True
4,1,3,41.57809771933431,0.0792531703962869,True,True,True,True,True
4,1,3,81.63379458699198,0.0792547596121368,True,True,True,True,True
4,1,3,942.1839344285854,0.08019870838844093,True,True,True,True,True
4,1,3,52.250035241494935,0.05183080581529378,True,True,True,True,True
4,1,3,20.427791490942422,0.05737057772538822,True,True,True,True,True
4,1,3,36.290494595371754,0.05027028004853591,False,False,False,False,False
4,1,3,73.42501390913063,0.11042479362086277,False,False,False,True,True
4,1,3,73.85486436411094,0.06169559625877482,True,True,True,True,True
4,1,3,13.694595058972622,0.09456005238342478,True,True,True,True,True
4,1,3,51.75210032456476,0.06665503100148734,True,True,True,True,True
4,1,3,45.557540154619154,0.08145251265277963,True,True,True,True,True
4,1,3,15.03478249600317,0.07149550904163054,True,True,True,True,True
4,1,3,57.10955439210885,0.0665642048680556,True,True,True,True,True
4,1,3,45.34098816324995,0.0671627365558374,True,True,True,True,True
4,1,3,72.23644112428792,0.05580605855235672,True,True,True,True,True
4,1,3,36.67002074096246,0.09232367895404626,False,False,False,False,True
4,1,3,43.000521987665,0.08492593383352318,True,True,True,True,True
4,1,3,40.600085875079614,0.13837042273202496,False,False,False,False,True
4,1,3,12.59814016301001,0.23496386697170563,True,True,True,True,True
4,1,3,1569.6711273145445,0.10755468820738014,True,True,True,True,True
4,1,3,17.247644045738962,0.1325129055239055,True,True,True,True,True
4,1,3,93.75392607210692,0.042842333815026654,True,True,True,True,True
4,1,3,323.8165262391577,0.11105056128438091,False,False,False,False,False
4,1,3,627.8099426119667,0.03282652364454346,True,True,True,True,True
4,1,3,1639.2767501160715,0.12212606990756898,True,True,True,True,True
4,1,3,39.67036631484546,0.044134323120705254,True,True,True,True,True
4,1,3,194.38811790220208,0.14722344828265796,True,True,True,True,True
4,1,3,157.0091215380916,0.064547569802924,True,True,True,True,True
4,1,3,84.02384730117774,0.21541549927361953,True,True,True,True,True
4,1,3,20.62249812757556,0.1877348710421022,True,True,True,True,True
4,1,3,13.430952907851218,0.17299537885241292,True,True,True,True,True
4,1,3,46.16288413236435,0.1083528629448984,True,True,True,True,True
4,1,3,10.113889519900924,0.07257895978736743,True,True,True,True,True
4,1,3,132.58930984875542,0.09173871874828972,True,True,True,True,True
4,1,3,24.004988470555976,0.10034151863664838,False,True,True,True,True
4,1,3,281.79164557817336,0.11902734107944984,False,False,True,True,True
4,1,3,72.40027864342008,0.07048266040390382,True,True,True,True,True
4,1,3,84.97090562027131,0.10001187556680993,True,True,True,True,True
4,1,3,324.47865497894804,0.03458475780786484,False,False,False,True,True
4,1,3,24.101947053376975,0.14909441603953866,True,True,True,True,True
4,1,3,10.552411205819906,0.10625046001682477,True,True,True,True,True
4,1,3,15.1871386949895,0.17070672866786726,True,True,True,True,True
4,1,3,6.935695933195997,0.1404718466837745,True,True,True,True,True
4,1,3,44.761400441333,0.0596419539585317,True,True,True,True,True
4,1,3,30.021046011364636,0.02967863930760411,True,True,True,True,True
4,1,3,1736.1826299996126,0.09210880887827594,False,False,False,False,True
4,1,3,14.581566482517836,0.10832838269751607,True,True,True,True,True
4,1,3,172.8066141069888,0.09243946595241764,True,True,True,True,True
4,1,3,90.75999509975007,0.10124331449786894,True,True,True,True,True
4,1,3,38.956700799620705,0.0601851649665821,True,True,True,True,True
4,1,3,57.34785813179366,0.07314529788390903,False,True,True,False,False
4,1,3,176.01731091332044,0.2060153331978994,True,True,True,True,True
4,1,3,41.3420664637562,0.11578039075865053,True,True,True,True,True
4,1,3,34.32296767466661,0.0563320171879633,True,True,True,True,True
4,1,3,41.2012282752719,0.07355259784627785,False,True,True,True,True
4,1,3,67.66381264785367,0.062427119853558144,False,False,False,False,False
4,1,3,213.34441895732473,0.058070191898149257,False,False,True,True,True
4,1,3,11.728203413164092,0.18446750777816828,True,True,True,True,True
4,1,3,16.62731584801315,0.13283942565317203,True,True,True,True,True
4,1,3,19.75872202696683,0.11044770247445249,True,True,True,True,True
4,1,3,28.44050884684431,0.04587810059239564,False,True,True,True,True
4,1,3,450.32449099099057,0.07670866263368345,True,True,True,True,True
4,1,3,19.578145612971603,0.10012187833191984,True,True,True,True,True
4,1,3,7.698732126652063,0.15997252230826392,True,True,True,True,True
4,1,3,42.85169015194036,0.10860377050182338,True,True,True,True,True
4,1,3,178.7196489040378,0.07748534205242548,True,False,False,False,False
4,1,3,95.08318077907312,0.12234961925475409,True,True,True,True,True
4,1,3,21.893214076091464,0.09769338724941205,True,True,True,True,True
4,1,3,301.004688685348,0.09029379690997096,True,True,True,True,True
4,1,3,10.088522946780246,0.11314273803295237,True,True,True,True,True
4,1,3,112.9577471047829,0.19210233577357488,False,True,True,False,False
4,1,3,367.7691648413871,0.0679850894223921,True,True,True,True,True
4,1,3,24.333839386751734,0.16832235065745393,True,True,True,True,True
4,1,3,37.358974254388336,0.04807880147497175,True,True,False,False,True
4,1,3,37.80563832099937,0.28068736078857354,True,True,True,True,True
4,1,3,13.62559960263667,0.1481057805989707,True,True,True,True,True
4,1,3,1367.6701856262493,0.06250242560802488,True,True,True,True,True
4,1,3,21.34058550769211,0.054465157071950855,False,False,False,False,False
4,1,3,15.709809808441262,0.06125401195168301,True,True,True,True,True
4,1,3,14.491818822325266,0.04504434384072932,True,True,True,True,True
4,1,3,284.8106484217048,0.05339346303681849,True,True,True,True,True
4,1,3,30.573550679958053,0.08934928068241867,True,True,True,True,True
4,1,3,760.7106408441728,0.09485185028535366,True,True,True,True,True
4,1,3,23.69843072473829,0.046124304605652006,False,False,False,False,False
4,1,3,481.8351413375228,0.056824444444324336,False,False,False,False,True
4,1,3,44.58636961301337,0.08291305359737668,True,True,True,True,True
4,1,3,16.291539554493962,0.1383643356666055,True,False,False,True,True
4,1,3,10.52216923559774,0.10777128920261989,True,True,True,True,True
4,1,3,55.652860040038874,0.06624212224100307,True,True,True,True,True
4,1,3,84.71184718841661,0.0856055919491167,False,True,True,True,True
4,1,3,71.64538321837884,0.03398216681268871,True,True,True,True,True
4,1,4,105.06835791399037,0.021157121119829165,False,False,False,False,False
4,1,4,2523.927741299231,0.06270466739033081,False,False,True,True,True
4,1,4,384.6657552019648,0.08225336752634928,True,True,True,True,True
4,1,4,208.5597604807067,0.14903926476195004,True,True,True,True,True
4,1,4,103.2073603105678,0.11154150816673522,True,True,True,True,True
4,1,4,18.95307319317662,0.11208444510012973,True,True,True,True,True
4,1,4,184.7359268696573,0.05388534440180094,True,True,True,True,True
4,1,4,15.448428675357134,0.11959447259760689,True,True,True,True,True
4,1,4,162.6242449550614,0.12503873552997108,True,True,True,True,True
4,1,4,42.87816265765288,0.07254526019320304,False,False,True,True,True
4,1,4,296.37769605687544,0.03885997147568603,True,False,False,True,True
4,1,4,283.9552077143449,0.06316871230230382,False,True,True,True,True
4,1,4,32.75782039116152,0.11199777004708653,True,True,True,True,True
4,1,4,127.44797675038056,0.13341020627413452,True,True,True,True,True
4,1,4,15.956931599254053,0.1546009836069457,True,True,True,True,True
4,1,4,1941.7719712176042,0.0408021002693337,True,True,True,True,True
4,1,4,5.264987279477853,0.0959267230923295,True,True,True,True,True
4,1,4,115.65153923816082,0.09683880259376403,True,True,True,True,True
4,1,4,92.71227416075709,0.22054436467820104,False,False,False,False,False
4,1,4,35.773250272780665,0.07491487743853814,True,True,True,True,True
4,1,4,17.695770180166562,0.10588213769693154,True,True,True,True,True
4,1,4,409.1389473354349,0.05852454183859971,False,False,False,False,False
4,1,4,72.48420899643999,0.13678943567353208,True,True,True,True,True
4,1,4,16.125141338544278,0.1247244916990411,True,True,True,True,True
4,1,4,1586.5267186651088,0.049013937204149684,True,True,True,True,True
4,1,4,39.81134256343737,0.04278881399802529,True,True,True,True,True
4,1,4,17.87900334583804,0.16588805969523387,True,True,True,True,True
4,1,4,21.41839501804726,0.1186296667107528,True,True,True,True,True
4,1,4,45.656748775983544,0.07804738997463014,True,True,True,True,True
4,1,4,321.58972819691803,0.1262020447408455,True,True,True,True,True
4,1,4,24.256354719459257,0.0731072667128792,True,True,True,True,True
4,1,4,72.62917438263968,0.2506311285515916,True,True,True,True,True
4,1,4,43.72603901551212,0.03954946539010245,True,True,True,True,True
4,1,4,27.122091299416635,0.253589875208172,True,True,True,True,True
4,1,4,76.03800116114809,0.1760900076288015,True,True,True,True,True
4,1,4,185.85082523289853,0.04023255731901827,True,False,True,True,True
4,1,4,418.5575830406815,0.02143349909975061,True,True,True,True,True
4,1,4,149.18270686717526,0.06772970524913777,True,True,True,True,True
4,1,4,51.91932239135182,0.047188001580944265,True,True,True,True,True
4,1,4,59.54449483998584,0.07537092108220156,False,True,False,False,False
4,1,4,70.25156463641619,0.03236131679935017,False,False,True,True,True
4,1,4,51.1172081988395,0.09212504743632471,True,True,True,True,True
4,1,4,17.5987815750779,0.08575125938546234,False,True,True,True,True
4,1,4,73.4462738347598,0.12716670590999735,False,False,False,False,False
4,1,4,116.48284264968346,0.09128401476044598,True,True,True,True,True
4,1,4,60.50755201405416,0.0597873782386917,True,True,False,True,True
4,1,4,98.42866202802107,0.04856377437393318,False,False,False,False,False
4,1,4,24.19758528545033,0.08401142666499466,False,False,False,False,False
4,1,4,43.68679728969044,0.044772996291001836,False,False,False,False,True
4,1,4,29.311066100309127,0.07944527679142431,True,True,True,True,True
4,1,4,263.92472895370935,0.11040672843302687,True,True,True,True,True
4,1,4,31.19371214423324,0.056502387517229205,True,True,False,False,False
4,1,4,87.1100396209772,0.10221017115306817,True,True,True,True,True
4,1,4,337.5426428313011,0.10331668812260417,True,True,True,True,True
4,1,4,7.282263118667985,0.10376836732537406,True,True,True,True,True
4,1,4,267.48263571034164,0.17233265167675788,True,True,True,True,True
4,1,4,57.5632951389523,0.15320737476506394,False,False,False,False,False
4,1,4,157.70333341049377,0.10027731660202867,True,True,True,True,True
4,1,4,8.37479710265228,0.09727751905629169,True,True,True,True,True
4,1,4,137.2578539787878,0.04431106976982365,True,False,False,True,True
4,1,4,536.7864552690249,0.12897236961461217,True,True,True,False,True
4,1,4,35.35426669680053,0.08089176732567989,True,True,True,True,True
4,1,4,32.70143291919496,0.061704309922239096,False,False,False,True,True
4,1,4,47.123683830347346,0.04596078125308429,False,True,True,True,True
4,1,4,1096.3718087782868,0.08040422075987483,False,False,True,True,True
4,1,4,191.45134716299933,0.07081353802524713,True,True,True,True,True
4,1,4,95.65518268706019,0.08668959987553354,True,True,True,True,True
4,1,4,109.18273472781473,0.093443861163607,True,True,True,True,True
4,1,4,465.3618561361749,0.10580376514675847,True,True,True,True,True
4,1,4,36.1122261789687,0.0587334990996289,True,True,True,True,True
4,1,4,26.46988581227221,0.03265133225310811,True,True,True,True,True
4,1,4,48.53424452959699,0.04092878560468347,True,True,True,True,True
4,1,4,408.6673584568464,0.126747010752081,True,True,True,True,True
4,1,4,90.54003934754503,0.06312740914783029,True,True,True,True,True
4,1,4,6.33623766304538,0.1276067953734494,True,True,True,True,True
4,1,4,179.7030953143013,0.047235690088552225,False,True,True,True,True
4,1,4,130.9142119327439,0.08960461821889994,True,True,True,True,True
4,1,4,34.83157966901204,0.13564052455843648,True,True,True,True,True
4,1,4,89.60076197091861,0.14931697313406758,False,False,False,False,False
4,1,4,1942.2771360322388,0.07187498740672535,True,True,True,True,True
4,1,4,111.3232611664316,0.1386067884588096,True,True,True,True,True
4,1,4,228.04673217512317,0.10153102076530798,False,False,False,False,False
4,1,4,520.3460999652121,0.13408264061623776,True,True,True,True,True
4,1,4,66.8050511706611,0.07533954631743667,True,True,True,True,True
4,1,4,14.859961355424595,0.07728475768822957,True,True,True,True,True
4,1,4,37.92159990362686,0.09608098093622194,True,True,True,True,True
4,1,4,41.46655077463825,0.07919063436503701,True,True,True,True,True
4,1,4,21.23498543141133,0.17286064687408806,True,True,True,True,True
4,1,4,37.86686131862722,0.17044950499504888,True,True,True,True,True
4,1,4,144.81270505335135,0.05445589946889261,True,True,True,True,True
4,1,4,541.7158627861425,0.06962727859021424,True,True,True,True,True
4,1,4,49.464978889062294,0.1476413977092706,True,True,True,True,True
4,1,4,158.2331838779272,0.07058577723902869,True,True,True,True,True
4,1,4,57.956774180537096,0.0743998093467487,True,True,True,True,True
4,1,4,56.801305801678765,0.02567905513392182,False,False,False,False,False
4,1,4,46.86868010117904,0.03020020953845446,True,True,True,True,True
4,1,4,98.46466178635649,0.13368717925668624,True,True,True,True,True
4,1,4,94.73877554215602,0.13328136807707217,True,True,True,True,True
4,1,4,22.113322645836945,0.15683372234606538,True,True,True,True,True
4,1,4,38.756226499129475,0.1524728229934735,False,True,True,True,True
4,1,5,77.08027428687933,0.05321611110215936,True,True,True,True,True
4,1,5,118.15024809985492,0.15092268659638625,True,True,True,True,True
4,1,5,11.657101466583873,0.10003593670554595,True,True,True,True,True
4,1,5,30.95167253113774,0.10488749069971326,True,True,True,True,True
4,1,5,522.7327945174308,0.15863611905265765,True,True,True,True,True
4,1,5,324.1941671095192,0.05795917010888458,True,True,True,True,True
4,1,5,26.470952289027625,0.14490829071489178,True,True,True,True,True
4,1,5,136.72618990739642,0.10401459307126641,True,True,True,True,True
4,1,5,29.795534828040935,0.06972338576569788,True,True,True,True,True
4,1,5,1127.6216930505047,0.08579508772868472,True,True,True,True,True
4,1,5,36.48872211198353,0.10870226656555713,True,True,True,True,True
4,1,5,35.68877748326999,0.14706011383790496,True,True,True,True,True
4,1,5,20.920831775487628,0.09755470998187088,True,True,True,True,True
4,1,5,11.731920179515628,0.062005586221209906,True,True,True,True,True
4,1,5,45.86704516973919,0.10928650561836495,True,True,True,True,True
4,1,5,20.14104517260308,0.07542846723981629,True,True,True,True,True
4,1,5,69.39722428679698,0.09824890488177668,True,True,True,True,True
4,1,5,300.30361958795817,0.06140799907928747,False,False,True,True,True
4,1,5,1403.5660570171965,0.049273924021580186,False,False,False,False,False
4,1,5,14.36913136908115,0.17335587287001705,True,True,True,True,True
4,1,5,326.1879446096721,0.0841762275539075,True,True,True,True,True
4,1,5,38.34318220891611,0.14208904581679946,True,True,True,True,True
4,1,5,147.20491752193,0.13478422579295035,True,True,True,True,True
4,1,5,42.3691962993733,0.20407019811967164,True,True,True,True,True
4,1,5,58.524655895421475,0.06822243186511423,True,True,True,True,True
4,1,5,69.94512462438173,0.053044739405120216,True,True,True,True,True
4,1,5,31.4376021251701,0.06897397888126769,True,True,True,True,True
4,1,5,14.642644057917076,0.09254997534068113,True,True,True,True,True
4,1,5,21.10726482885513,0.11502875398918622,True,True,True,True,True
4,1,5,130.49312708580837,0.12007533211248506,False,False,False,False,False
4,1,5,66.90709081584814,0.09517933914383218,True,True,True,True,True
4,1,5,167.27452370332563,0.09872608915758012,True,True,True,True,False
4,1,5,368.363797352319,0.2712953204017379,False,False,False,False,False
4,1,5,33.414625804783746,0.11262167465531242,True,True,True,True,True
4,1,5,25.21474828618632,0.1256688139340859,True,True,True,True,True
4,1,5,984.4411270030942,0.23053742503710312,True,True,True,True,True
4,1,5,40.86250543006085,0.1962123820563175,False,False,False,False,False
4,1,5,20.005058036558285,0.13225696148789104,True,True,True,True,True
4,1,5,120.72364183792168,0.10867227721449214,True,True,True,True,True
4,1,5,193.8255868158385,0.12846518927869183,True,True,True,True,True
4,1,5,93.40203215618268,0.11627616011645661,True,True,True,True,True
4,1,5,36.52567565160628,0.07826533208667824,True,True,True,True,True
4,1,5,82.6129742852454,0.09437689688042308,True,True,True,True,True
4,1,5,1015.9986820150147,0.024911726975900852,True,True,False,False,False
4,1,5,265.1709735582532,0.07081815248472709,True,True,True,True,True
4,1,5,154.9676009131322,0.10762544162911095,True,True,True,True,True
4,1,5,155.10066193258982,0.07678630077252194,True,True,True,True,True
4,1,5,6.290380835013051,0.24527377440316692,True,True,True,True,True
4,1,5,23.83756878928415,0.05720776049384808,True,True,True,True,True
4,1,5,71.850789112412,0.07555309705877261,True,True,True,True,True
4,1,5,19.261390478541358,0.08269632181458385,True,True,True,True,True
4,1,5,313.9316575108601,0.20076663503011602,True,True,True,True,True
4,1,5,12.673900174611441,0.11377192936950618,True,True,True,True,True
4,1,5,83.40155713239244,0.03010518398516867,True,True,True,True,True
4,1,5,44.60203346376532,0.056794004677439065,False,False,False,False,True
4,1,5,134.60442381364496,0.05324311923741226,True,True,True,True,True
4,1,5,357.9995770013899,0.061156883300251756,False,False,False,True,True
4,1,5,28.959283617895206,0.14610331779051927,True,True,True,True,True
4,1,5,56.16734640349833,0.03967590189887979,True,True,True,True,True
4,1,5,59.72090897123902,0.10124477332220883,True,True,True,True,True
4,1,5,4337.158274956152,0.12833761481058278,True,True,True,True,True
4,1,5,32.12440228910159,0.09818767409087997,False,False,False,False,True
4,1,5,881.034373743672,0.042509645063212975,False,True,True,True,True
4,1,5,106.27572262759125,0.07088538007092186,True,True,True,True,True
4,1,5,209.77240373750172,0.07642815347739987,True,True,True,True,True
4,1,5,131.0301225940055,0.08251501508252455,True,True,True,True,True
4,1,5,46.009182688422904,0.06743473044579715,True,True,True,True,True
4,1,5,109.20002187863115,0.1841702062545451,True,True,True,True,True
4,1,5,47.81763578829923,0.07668428768703944,True,True,True,True,True
4,1,5,190.87988601583618,0.034677771328281135,True,True,True,True,True
4,1,5,7.183255366470307,0.10239286220876338,True,True,True,True,True
4,1,5,518.2030187741395,0.13807713095293495,True,True,True,True,True
4,1,5,179.5483248292513,0.06562953487248349,True,True,True,True,True
4,1,5,28.05495107560653,0.16221773285753563,True,True,True,True,True
4,1,5,26.356463129170734,0.1272026223173673,True,True,True,True,True
4,1,5,1195.7893162259666,0.10956862250439867,False,False,False,False,False
4,1,5,569.2171513203575,0.14517287993269237,True,True,True,True,True
4,1,5,10.485305085979682,0.07617546151006417,True,True,True,True,True
4,1,5,51.101075087685885,0.08693431649969027,False,True,True,True,True
4,1,5,121.51081228073939,0.0635576380835025,True,True,True,True,True
4,1,5,35.39446569785165,0.10128817297595476,True,True,True,True,True
4,1,5,45.634360945985726,0.122673703979344,True,True,True,True,True
4,1,5,273.01018049029653,0.10212258832700724,False,False,False,False,False
4,1,5,102.46237921548406,0.029974514419977498,True,True,True,True,True
4,1,5,35.79013960443592,0.2506929602655039,True,False,True,True,True
4,1,5,14.152649906878608,0.09303179962772351,True,True,True,True,True
4,1,5,31.616132223117322,0.07903588198628199,True,False,True,True,True
4,1,5,274.1039095261775,0.15283648999574942,True,True,True,True,True
4,1,5,101.92624552338566,0.07571694848702697,True,True,True,True,True
4,1,5,61.40569143457852,0.12264328143690399,True,True,True,True,True
4,1,5,21.680229874776053,0.05128610168218918,True,True,True,True,True
4,1,5,21.396602217586338,0.20388455020883672,True,True,True,True,True
4,1,5,15.871564618687616,0.21191353669475638,True,True,True,True,True
4,1,5,23.405721856438404,0.13564945544158485,True,True,True,True,True
4,1,5,37.280330437925635,0.0535036132658297,True,True,True,True,True
4,1,5,63.00339435378893,0.05833750926011977,True,True,True,True,True
4,1,5,16.86318030817233,0.15654855236906015,True,True,True,True,True
4,1,5,695.8393782191483,0.033658790149814585,True,True,True,True,True
4,1,5,156.29982450400735,0.28298970217393055,True,True,True,True,True
4,1,5,170.97467360546366,0.0906219857801744,True,True,True,True,True
4,2,2,68.70732208021906,0.07228154342355053,False,True,True,True,True
4,2,2,6.129215088086971,0.1998366810993413,True,True,True,True,True
4,2,2,28.153731091789385,0.06628473736404501,True,True,True,True,True
4,2,2,9.751274880778427,0.08525589242066811,True,True,True,True,True
4,2,2,183.99578131335372,0.13809012314264907,True,True,True,True,True
4,2,2,10.693251247561204,0.12003966654076509,True,True,True,True,True
4,2,2,723.2994809326813,0.1750134097710129,True,True,True,True,True
4,2,2,3005.35926854383,0.07787507136656246,True,True,True,True,True
4,2,2,7.883393043597988,0.07279492031825333,True,True,True,True,True
4,2,2,76.09458815951831,0.07849364967683073,True,True,True,True,True
4,2,2,30.136144473073017,0.23930132745808336,True,True,True,True,True
4,2,2,27.93853128038877,0.06562423318595771,True,True,True,True,True
4,2,2,794.6492501612685,0.02877451134369556,True,True,True,True,True
4,2,2,21.402842528081777,0.043931405450450815,False,True,True,True,True
4,2,2,28.984530945339,0.07454148595500176,True,True,True,True,True
4,2,2,32.63476556756189,0.05875041239086052,True,True,True,True,True
4,2,2,12.944744735819306,0.13688646133991011,True,True,True,True,True
4,2,2,43.01666988353653,0.09021951215897488,True,True,True,True,True
4,2,2,40.56598560784011,0.09517818562368652,True,True,True,True,True
4,2,2,593.6256506461592,0.11431462772283202,True,True,True,True,True
4,2,2,21.998901771222155,0.06025996361103183,True,True,True,True,True
4,2,2,27.062063215829994,0.12292193921093025,True,True,True,True,True
4,2,2,61.641364645640046,0.0385700262270544,True,True,True,True,True
4,2,2,46.92057013637337,0.02814619846266481,False,False,False,False,False
4,2,2,13.207785796578095,0.13640264080119907,True,True,True,True,True
4,2,2,45.3478024023699,0.06696483514538536,True,True,True,True,True
4,2,2,193.75607113242384,0.05179478253148157,True,True,True,True,True
4,2,2,16.10118035387887,0.12181335462778332,True,True,True,True,True
4,2,2,82.33711222437032,0.06548178493595888,False,False,False,False,False
4,2,2,13.925441695646379,0.06933050246710247,False,False,True,True,True
4,2,2,33.36903035353376,0.08264741798341485,True,True,True,True,True
4,2,2,117.55813197617344,0.11880933895952389,True,True,True,True,True
4,2,2,269.85684730350425,0.13048371971689124,True,True,True,True,True
4,2,2,50.58263313785739,0.05525791270251965,True,True,True,True,True
4,2,2,28.616956788509885,0.053731286327203795,True,True,True,True,True
4,2,2,43.454781734609774,0.07426543452857128,True,True,True,True,True
4,2,2,154.49421726925243,0.05763208344886404,True,False,False,False,False
4,2,2,13.016330133835304,0.06779656428181334,True,True,True,True,True
4,2,2,26.493372810021473,0.10309313326604035,True,True,True,True,True
4,2,2,19.135919030490303,0.10001317921967702,True,True,True,True,True
4,2,2,1467.780416205403,0.047689112121793074,True,True,True,True,True
4,2,2,16.223030581959303,0.09412257463001779,True,True,True,True,True
4,2,2,70.80184102547703,0.07048668567419748,False,True,True,True,True
4,2,2,10.575857476314788,0.06485436058467559,True,True,True,True,True
4,2,2,37.84475859077139,0.0861178722629406,True,True,True,True,True
4,2,2,53.27060942503373,0.057428481656205385,True,True,True,True,True
4,2,2,818.5795631393985,0.046893638683056724,True,True,True,True,True
4,2,2,29.65207304492015,0.06439274311137683,True,True,True,True,True
4,2,2,12.077163866987684,0.045797815495766676,True,True,True,True,True
4,2,2,90.26453431502532,0.05985821768249941,False,False,True,True,True
4,2,2,29.894996721547308,0.07070552556265568,True,True,True,True,True
4,2,2,27.6002328762422,0.19820083230441435,True,True,True,True,True
4,2,2,12.770725859395911,0.10564486473210256,True,True,True,True,True
4,2,2,16.275725934831236,0.032703996287510556,True,True,True,True,True
4,2,2,44.13505902243051,0.062182458372507035,True,True,True,True,True
4,2,2,50.03591188532331,0.09626151510243301,True,True,True,True,True
4,2,2,27.8475117850012,0.08573790033263243,True,True,True,True,True
4,2,2,71.93225710937115,0.06553235638356118,True,True,True,True,True
4,2,2,39.50184563310997,0.07191213255983049,True,True,True,True,True
4,2,2,246.98416457871252,0.09491490434320901,True,True,True,True,True
4,2,2,96.89243114874951,0.05771412776514843,True,True,True,True,True
4,2,2,32.240305191737434,0.1561884057942984,True,True,True,True,True
4,2,2,297.0331525397897,0.05765056772806361,True,True,True,True,True
4,2,2,57.52722238200657,0.04807865535707734,True,True,True,True,True
4,2,2,11.679271889152915,0.1652599370573903,True,True,True,True,True
4,2,2,56.1956472962282,0.032021330186203886,True,True,True,True,True
4,2,2,10.100534953855623,0.08539716088073888,True,True,True,True,True
4,2,2,70.39910711783415,0.032321247894982454,False,True,True,True,False
4,2,2,17.04896835970134,0.05724462638158822,True,True,True,True,True
4,2,2,23.041771773462035,0.10110234677215683,True,True,True,True,True
4,2,2,51.03989891678746,0.0552628320291414,False,True,True,True,True
4,2,2,4.660291496911907,0.09953320657405179,True,True,True,True,True
4,2,2,45.13987867783093,0.04273169569309226,False,False,False,False,False
4,2,2,19.07944786415882,0.059789225219909835,True,True,True,True,True
4,2,2,21.625491895991786,0.03519684892223039,False,False,True,True,True
4,2,2,18.0739096975061,0.11136769333511927,True,True,True,True,True
4,2,2,93.32350874222378,0.06096140953476454,True,True,True,True,True
4,2,2,141.91231427922392,0.058463932519207326,True,True,True,True,True
4,2,2,38.58179294894618,0.10893284786771419,True,True,True,True,True
4,2,2,30.73003958602467,0.09773760798501464,True,True,True,True,True
4,2,2,109.61621975443114,0.06748738170415924,True,True,True,True,True
4,2,2,33.757603509892455,0.06929842509805326,True,True,True,True,True
4,2,2,28.209157949872097,0.122706651009357,True,True,True,True,True
4,2,2,676.6109327742626,0.08034916464498551,True,True,True,True,True
4,2,2,20.248239226208558,0.07067557801043432,True,True,True,True,True
4,2,2,12.510405061330683,0.06246145858255904,True,True,True,True,True
4,2,2,48.80413050687684,0.058668478115256134,False,False,False,True,True
4,2,2,61.47483364851173,0.10801221920500371,False,False,False,False,False
4,2,2,14.789816593114645,0.07968582565771151,True,True,True,True,True
4,2,2,10.596776010944593,0.06250625016161782,True,True,True,True,True
4,2,2,29.77990649305912,0.1021300986717094,True,True,True,True,True
4,2,2,40.917813213560045,0.05353669103063481,True,True,True,True,True
4,2,2,645.5767727455897,0.11965220306617205,True,True,True,True,True
4,2,2,24.37335539951561,0.09205520611281533,True,True,True,True,True
4,2,2,8.620563053770868,0.19001748226373838,False,True,True,True,True
4,2,2,575.6271031303464,0.1297978768246971,True,True,True,True,True
4,2,2,48.424591140119226,0.101178826841211,False,True,True,True,True
4,2,2,10.763226582335104,0.10950385882845365,True,True,True,True,True
4,2,2,829.7791636184296,0.09057713752470177,True,True,True,True,True
4,2,2,134.765174991856,0.1600320794486616,True,True,True,True,True
4,2,3,455.0998016293518,0.07840354925529519,True,True,True,True,True
4,2,3,16.52938559416844,0.05025138947256334,True,True,True,True,True
4,2,3,15.766952722496168,0.22375600620957978,True,True,True,True,True
4,2,3,21.15390423285757,0.15762169012565874,True,True,True,True,True
4,2,3,782.777231255238,0.11282288267119496,True,True,True,True,True
4,2,3,65.6425233090862,0.08164485234907366,True,True,True,True,True
4,2,3,45.31827484763987,0.05875145195642255,True,True,True,True,True
4,2,3,6.276749161530555,0.11741124491443186,True,True,True,True,True
4,2,3,4017.7339049279526,0.03877177915409339,True,True,True,True,True
4,2,3,31.869998443217312,0.055187461108353875,False,False,False,False,False
4,2,3,348.8763995831971,0.05568338357032995,False,True,True,True,True
4,2,3,418.6555927352444,0.06737229789610914,True,True,True,True,True
4,2,3,9.832416696098319,0.1255443685337679,True,True,True,True,True
4,2,3,603.2257283708042,0.06647164046869018,True,True,True,True,True
4,2,3,120.50880795236509,0.06267791238744885,True,True,True,True,True
4,2,3,19.93308395692082,0.07544118753406047,True,True,True,True,True
4,2,3,33.59873014798843,0.15799942663142458,True,True,True,True,True
4,2,3,42.08322570895346,0.10540289416993975,True,True,True,True,True
4,2,3,224.8076320964997,0.04859017851879251,True,True,True,False,True
4,2,3,133.68014061315938,0.0823416024927567,True,True,True,True,True
4,2,3,37.70943524250937,0.10042086873933088,True,True,True,True,True
4,2,3,81.99488371971455,0.04447650849537583,True,True,True,True,True
4,2,3,13.212637473948194,0.14382075423022675,True,True,True,True,True
4,2,3,13.603990469393354,0.07408117158913384,True,True,True,True,True
4,2,3,148.43544403707577,0.02978420024831083,True,True,True,True,True
4,2,3,12021.147234137668,0.07740049960220131,False,False,False,False,False
4,2,3,76.68381297410212,0.07538945645996684,True,True,True,True,True
4,2,3,185.40688769634855,0.04818597093325377,True,True,True,True,True
4,2,3,50.25229962072113,0.07007154962887387,True,True,True,True,True
4,2,3,73.46331869612612,0.1269819650922607,True,True,True,True,True
4,2,3,1455.5225247886456,0.0532154892767773,False,False,True,True,True
4,2,3,45.26018728555792,0.12938772091540388,True,True,True,True,True
4,2,3,893.2335514991366,0.10052951158886984,True,True,True,True,True
4,2,3,49.47087042174127,0.06904337661232249,True,True,True,True,True
4,2,3,210.9140026180277,0.03908792813201135,False,True,True,True,True
4,2,3,418.9106940253775,0.04023667102224671,True,True,True,True,True
4,2,3,20.062004952501667,0.08881391267691352,True,True,True,True,True
4,2,3,134.52799332769683,0.07308428137634994,True,True,True,True,True
4,2,3,131.8236079886895,0.08280285571049584,True,True,True,True,True
4,2,3,60.81218314979297,0.19660474865209238,True,True,True,True,True
4,2,3,44.56066207157332,0.08949530968774727,True,True,True,True,True
4,2,3,37.55654452830438,0.05016337797578777,False,False,False,False,True
4,2,3,4996.405074403751,0.029128780693816216,True,True,True,True,True
4,2,3,169.15238110151512,0.072050655016959,True,True,True,True,True
4,2,3,29.832355970976895,0.07363055840546688,True,True,True,True,True
4,2,3,121.90463979922566,0.06184828823303297,False,False,False,False,False
4,2,3,114.27407771710577,0.04818692369771831,True,True,True,True,True
4,2,3,208.33365624275888,0.1367352904215949,True,True,True,True,True
4,2,3,125.29939332236434,0.11596353030641873,True,True,True,True,True
4,2,3,137.79056722036282,0.05197699030073475,False,False,True,True,True
4,2,3,57.57951412332541,0.06702254798342747,True,True,True,True,True
4,2,3,57.35860902580643,0.12668343631116014,True,True,True,True,True
4,2,3,49.82016973207009,0.039583067156578715,False,False,False,False,False
4,2,3,177.32222671065315,0.08881844158195304,True,True,True,True,True
4,2,3,181669.38908613025,0.13363255582841077,True,True,True,True,True
4,2,3,3035.4735259547715,0.06256689777781674,True,True,True,True,True
4,2,3,20.952775254722223,0.052737895970469816,True,True,True,True,True
4,2,3,73.20855817752323,0.046191900780794465,False,False,True,True,True
4,2,3,94.32875036871614,0.05665214140148466,False,False,False,True,True
4,2,3,138.62670012106977,0.12605139622452505,True,True,True,True,True
4,2,3,23.530929693073585,0.058145781945782286,True,True,True,True,True
4,2,3,744.9058041079846,0.07308023725517236,True,True,True,True,True
4,2,3,31.31446913002699,0.08404913007928408,True,True,True,True,True
4,2,3,20.269108210931595,0.04506478608660033,True,True,True,True,True
4,2,3,37.05619680078949,0.08706699163108049,True,True,True,True,True
4,2,3,289.2942404466043,0.08067169755984722,True,True,True,True,True
4,2,3,55.449079293415934,0.12081922726598836,True,True,True,True,True
4,2,3,17.08485583915223,0.08633464618037189,True,True,True,True,True
4,2,3,31.526779961088756,0.07452563834191361,False,True,True,True,True
4,2,3,53.70146348906869,0.08592001129423017,True,True,True,True,True
4,2,3,79.1067173367946,0.21160330929936502,True,True,True,True,True
4,2,3,13.007013051614278,0.15692041440882795,True,True,True,True,True
4,2,3,30.290099231847794,0.1581234341592041,True,True,True,True,True
4,2,3,96.09395868618397,0.07605122389073739,True,True,True,True,True
4,2,3,143.67967560630248,0.05394055083291902,True,True,True,True,True
4,2,3,54.54314915148351,0.11557201021003577,True,True,True,True,True
4,2,3,45.0606823613112,0.06100254625243112,False,True,True,True,True
4,2,3,444.94507714811203,0.11255329109414895,True,True,True,True,True
4,2,3,37.15096778014168,0.07764378210139494,True,True,True,True,True
4,2,3,1404.546600476519,0.04118721427140261,False,False,True,True,True
4,2,3,26.767171517659943,0.04825450191090769,True,True,True,True,True
4,2,3,292.6538121718179,0.17159395502611194,True,True,True,True,True
4,2,3,205.47550173624268,0.12070839327320594,True,True,True,True,True
4,2,3,116.45058901715846,0.06083900890929458,True,True,True,True,True
4,2,3,32.75243419359061,0.048839633442211136,True,True,True,True,True
4,2,3,29.975242586716444,0.0777535707929324,True,True,True,True,True
4,2,3,67.15340140467268,0.04716759576394193,True,True,True,True,True
4,2,3,29.34961687967925,0.11651620388201916,True,True,True,True,True
4,2,3,75.0833312794829,0.0648713872308623,True,True,True,True,True
4,2,3,914.2781179410373,0.03948527721371702,True,True,True,True,True
4,2,3,308.8223712768098,0.03342433770484441,True,True,True,True,True
4,2,3,307.25037905036316,0.04718764542496944,False,True,True,True,True
4,2,3,69.03164740656197,0.05106214634089032,True,True,True,True,True
4,2,3,50.963082208777074,0.05603985875537007,False,True,True,False,True
4,2,3,16.103156988989817,0.24615087950838294,True,True,True,True,True
4,2,3,49.42077378957881,0.056738213194548116,False,False,False,True,True
4,2,3,49.18784844692769,0.06465574992262768,True,True,True,True,True
4,2,3,43.026088833793374,0.06788634684177824,True,True,True,True,True
4,2,3,181.30314981825305,0.027788945481739925,True,True,True,True,True
4,2,3,42.864148957089476,0.04858476438782837,True,True,True,True,True
4,2,4,99.18078185573451,0.052152959487927794,True,True,True,True,True
4,2,4,27.14198565836796,0.04781962981163672,True,True,True,True,True
4,2,4,179.72283613786533,0.023389592506985926,False,False,False,True,True
4,2,4,49.269514229793636,0.0655029877367104,True,True,True,True,True
4,2,4,31.59699438479936,0.0689818552470061,True,True,True,True,True
4,2,4,51.52755320033091,0.08452954426988829,True,True,True,True,True
4,2,4,245.00970206928335,0.04762985315068663,True,True,True,True,True
4,2,4,154.34420378857317,0.04772468240378001,True,True,True,True,True
4,2,4,86.87064235277958,0.16762982461748718,True,True,True,True,True
4,2,4,66.87869192655845,0.042123698867372515,False,True,True,True,True
4,2,4,128.26236274552016,0.06786578951242049,True,True,True,True,True
4,2,4,108.95423928698047,0.04346655145687007,True,True,True,True,True
4,2,4,66.95973945451475,0.08079916165357084,True,True,True,True,True
4,2,4,281.1412728086048,0.05437114768530535,True,True,True,True,True
4,2,4,28.192159069876542,0.12226624727831514,True,True,True,True,True
4,2,4,17.036513940100697,0.15611517176938935,True,True,True,True,True
4,2,4,12.505973578994517,0.09743716296049788,True,True,True,True,True
4,2,4,28.326409594676942,0.11848417543877297,True,True,True,True,True
4,2,4,46.29815179656788,0.10900457679328399,True,True,True,True,True
4,2,4,2147.2834369605657,0.0975282036660933,True,True,True,True,True
4,2,4,30.139447586685407,0.06817486883335303,True,True,True,True,True
4,2,4,611.6968852168645,0.11760338483901155,True,True,True,True,True
4,2,4,33.396330220205265,0.08292090687967552,True,True,True,True,True
4,2,4,153.21963009914415,0.03613752978177546,False,True,True,True,True
4,2,4,68.98531844831315,0.047009333175302356,False,True,True,True,True
4,2,4,408.0354475433939,0.10403184104548636,True,True,True,True,True
4,2,4,11.961452777512914,0.09480036871896073,True,True,True,True,True
4,2,4,37.0448035544784,0.10860844059076238,True,True,True,True,True
4,2,4,65.72085160617962,0.08299870506892032,True,True,True,True,True
4,2,4,229.46215162998206,0.08164303892184722,True,True,True,True,True
4,2,4,97.34271603218369,0.08462443494830724,True,True,True,True,True
4,2,4,25.198775017715192,0.08377045589983098,True,True,True,True,True
4,2,4,258.1993615103011,0.06460215883863052,False,False,False,False,True
4,2,4,26.09235206382855,0.1719109645558277,True,True,True,True,True
4,2,4,18.790836449410868,0.05747048904761319,True,True,True,True,True
4,2,4,172.56670301275113,0.06184803519978999,True,True,True,True,True
4,2,4,21.547858805145136,0.052259962887605656,True,True,True,True,True
4,2,4,245.87064885891604,0.052239469260004334,True,True,True,True,True
4,2,4,51.67391094605225,0.0619089131744503,True,True,True,True,True
4,2,4,45.321224291414204,0.1340352710300045,True,True,True,True,True
4,2,4,29.360380744076355,0.09836509670171922,True,True,True,True,True
4,2,4,62.58890119704242,0.16362688155042365,True,True,True,True,True
4,2,4,147.96977422180308,0.07084740294973596,True,True,True,True,True
4,2,4,98.6198248640534,0.12081329953366941,True,True,True,True,True
4,2,4,69.05708980296477,0.05961039260907266,True,True,True,True,True
4,2,4,19.19165184996811,0.11138587916386333,True,True,True,True,True
4,2,4,82.37383807295173,0.0619942225152822,True,False,False,True,True
4,2,4,726.1188520092516,0.06725567906726757,False,False,False,False,True
4,2,4,368.4879486595326,0.03731900707165446,True,True,True,True,True
4,2,4,59.576993454439865,0.15769045557231287,True,True,True,True,True
4,2,4,129.46663284682708,0.07203633410146404,True,True,True,True,True
4,2,4,17.78275120718604,0.17800714875735021,False,True,True,True,True
4,2,4,169.99823641456132,0.09978515651146641,True,True,True,True,True
4,2,4,118.07772219542811,0.052383836702672104,True,True,True,True,True
4,2,4,26.895972781304735,0.059399557765677596,True,True,True,True,True
4,2,4,49.40982511948796,0.13963121723166366,True,True,True,True,True
4,2,4,63.535786392945816,0.13339658021029158,True,True,True,True,True
4,2,4,33.07521812603666,0.07233338732724576,True,True,True,True,True
4,2,4,42.603978686912235,0.0738026341242489,True,True,True,True,True
4,2,4,664.6611012339457,0.032466435666134726,True,True,True,True,True
4,2,4,30.413671926574473,0.06350771119110055,True,True,True,True,True
4,2,4,51.27934341775287,0.06592827896120174,True,True,True,True,True
4,2,4,502.48394043485257,0.044574180501561776,True,True,True,True,True
4,2,4,16.12401106680635,0.07555726223793567,False,False,False,False,False
4,2,4,70.38761650311946,0.184668750137348,True,True,True,True,True
4,2,4,1106.6229257442646,0.08397625761001579,True,True,True,True,True
4,2,4,148.32058730456092,0.0650703333472517,True,True,True,True,True
4,2,4,38.145819352391285,0.038702296073651776,True,True,True,True,True
4,2,4,43.53047757318838,0.11402255650184276,True,True,True,True,True
4,2,4,518.2269791642133,0.03513462542847518,True,True,True,True,True
4,2,4,165.82459956638246,0.02969906842194952,True,True,True,True,True
4,2,4,174.6776807018747,0.059774487728662805,True,True,True,True,True
4,2,4,295.08398005470605,0.08182244957440857,True,True,True,True,True
4,2,4,36.139994773030615,0.07104919343690695,True,True,False,False,True
4,2,4,32.82616824818411,0.059838568106307805,True,True,True,True,True
4,2,4,52.07259249383524,0.04540177461669095,True,True,True,True,True
4,2,4,100.86906536430723,0.10175546504411764,True,True,True,True,True
4,2,4,134.63389378956123,0.06955945658266525,True,True,True,True,True
4,2,4,23.669243934081432,0.038607633875471385,True,True,True,True,True
4,2,4,48.71873934347694,0.08454802832576909,True,True,True,True,True
4,2,4,28.12471304897367,0.06069987767644118,False,False,False,True,True
4,2,4,113.36140439593733,0.03789918368293693,True,True,True,True,True
4,2,4,782.6918565115681,0.06443949157402482,True,True,True,True,True
4,2,4,127.48346531075003,0.08917201779012877,True,True,True,True,True
4,2,4,479.0102397605534,0.07595912380011402,True,True,True,True,True
4,2,4,825.7589274076905,0.05623907513339763,False,True,True,True,True
4,2,4,308.1816057800174,0.057192664417020825,True,True,True,True,True
4,2,4,656.1651568548275,0.15191516736733676,True,True,True,True,True
4,2,4,73.04102277946876,0.08661988864252725,True,True,True,True,True
4,2,4,57.416975089827645,0.1695547165990035,False,True,True,True,True
4,2,4,25.93459095684287,0.09032586504893109,True,True,True,True,True
4,2,4,31.678976668650904,0.04243859699045086,True,True,True,True,True
4,2,4,341.60526885711084,0.24874581363309628,True,True,True,True,True
4,2,4,90.24606172966199,0.047251919960892556,False,False,False,True,True
4,2,4,38.22774731092333,0.18996541831668057,True,True,True,True,True
4,2,4,75.14360875078935,0.1035379809370817,False,False,False,True,True
4,2,4,22.350582902384186,0.07819557394780513,True,True,True,True,True
4,2,4,154.43594293043685,0.038009980551360914,False,False,False,False,False
4,2,4,13.243558133837606,0.09972344967970978,True,True,True,True,True
4,2,4,89.76372864172019,0.04739504224276108,False,True,True,True,True
4,2,5,110.3984311015811,0.03734584685065062,False,False,False,True,True
4,2,5,50.54372356189625,0.06143651108843912,True,True,True,True,True
4,2,5,24.78165827848075,0.05259486641988424,True,True,True,True,True
4,2,5,1789.4038458799466,0.1957141193217181,True,True,True,True,True
4,2,5,42.06700678838295,0.05086077544919477,False,False,False,False,False
4,2,5,173.77562651422446,0.04205633849393024,False,False,True,True,True
4,2,5,115.10708189673424,0.04194495610952188,False,True,False,True,True
4,2,5,141.47299434474542,0.0566634415181822,True,True,True,True,True
4,2,5,132.98104202321025,0.08828171773562497,True,True,True,True,True
4,2,5,71.69430588657039,0.11165807402285392,True,True,True,True,True
4,2,5,370.62415398217155,0.09369981004764184,True,True,True,True,True
4,2,5,212.91486171097986,0.04967392535495762,True,True,True,True,True
4,2,5,747.6975599015311,0.0384897543718029,False,True,True,True,True
4,2,5,36.59755950032839,0.04521579194488552,True,True,True,True,True
4,2,5,24.913841179559036,0.08780118747725521,True,True,True,True,True
4,2,5,71.70215395619697,0.05916509399410361,False,False,True,True,True
4,2,5,9.807299745632504,0.17085260263977375,True,True,True,True,True
4,2,5,3369.7849454776842,0.10669886626612012,True,True,True,True,True
4,2,5,43.13288438086264,0.1719383784334505,True,True,True,True,True
4,2,5,384.93732166975286,0.03870544254282528,True,True,False,True,False
4,2,5,525.2596732886805,0.04493421715974602,True,True,True,True,True
4,2,5,29.8241959163851,0.06481038189151998,True,True,True,True,True
4,2,5,114.01543459989314,0.04238487312877934,True,False,False,False,True
4,2,5,74.02864984293568,0.055931534277916466,True,True,True,True,True
4,2,5,92.24765655238274,0.03698741836758405,False,False,False,False,False
4,2,5,101.54754101574633,0.029144454043939196,False,True,True,True,True
4,2,5,121.98248299067104,0.07318811025810626,True,True,True,True,True
4,2,5,29.814590379590978,0.05743800754682643,True,True,True,True,True
4,2,5,60.08747468975248,0.08411953089958804,True,True,True,True,True
4,2,5,280.55317511650156,0.05558534825522,True,False,False,True,True
4,2,5,42.646745476522604,0.13241718185540946,True,True,True,True,True
4,2,5,50.35706614414453,0.10509417359327845,True,True,True,True,True
4,2,5,101.08009912228103,0.10649023768738701,True,True,True,True,True
4,2,5,28.68061595926744,0.06766679554515719,True,True,True,True,True
4,2,5,196.84616561010006,0.055597359889581865,True,True,True,True,True
4,2,5,66.15721321127764,0.06738878501807541,True,True,True,True,True
4,2,5,45.026922874346994,0.11047761326055022,True,True,True,True,True
4,2,5,23.891985313001413,0.15415920775770953,True,True,True,True,True
4,2,5,135.98537781903693,0.03463343834289748,False,False,False,False,False
4,2,5,110.9833706753442,0.10722998291914368,True,False,False,True,True
4,2,5,85.18211114183066,0.12441105487113728,True,True,True,True,True
4,2,5,300.84554211134275,0.06222520124996597,True,True,True,True,True
4,2,5,157.65818720907683,0.060870800477093985,False,False,False,False,True
4,2,5,139.43893482262072,0.04213852705761325,True,True,True,True,True
4,2,5,238.37005527924785,0.11389187499674827,True,True,True,True,True
4,2,5,18.867545396256503,0.09958688566879575,True,True,True,True,True
4,2,5,18.675498627640334,0.10233000212698201,True,True,True,True,True
4,2,5,478.1373736510599,0.10307407043336193,True,True,True,True,True
4,2,5,177.33850677378592,0.09402170267322661,True,True,True,True,True
4,2,5,61.18974863191021,0.048137110245402216,True,True,True,True,True
4,2,5,91.89586981393384,0.07688331096764058,True,True,True,True,True
4,2,5,124.04743160731391,0.07786687345228722,True,True,True,True,True
4,2,5,41.140406123695534,0.1256799381871756,True,True,True,True,True
4,2,5,247.31664386633506,0.14865366093861365,True,False,False,False,False
4,2,5,77.5292332373351,0.051969371153774424,True,False,True,True,True
4,2,5,39.624315830486026,0.09676535449694361,True,True,True,True,True
4,2,5,123.91917530788756,0.04247429089929506,True,True,True,True,True
4,2,5,25.737790646977867,0.12316884557683555,True,True,True,True,True
4,2,5,61.787223186866306,0.1170478875786038,True,True,True,True,True
4,2,5,822.6100278837596,0.03498274081990151,True,False,True,True,True
4,2,5,66.47427336090814,0.1007926331491982,True,True,True,True,True
4,2,5,408.04518566442385,0.03460193806751881,True,True,True,True,True
4,2,5,14.458284272978778,0.2054145368388136,True,True,True,True,True
4,2,5,39.07575158661891,0.12078475331552925,True,True,True,True,True
4,2,5,474.10974598950463,0.05387455421081444,True,True,True,True,True
4,2,5,2607.917360369667,0.04287174024638633,True,True,True,True,True
4,2,5,47.96092768424383,0.113415646291458,True,True,True,True,True
4,2,5,74.5403378697259,0.10060117038160278,True,True,True,True,True
4,2,5,2240.8638193622705,0.08008350572918951,True,True,True,True,True
4,2,5,32.900303128550426,0.09488593955352159,True,True,True,True,True
4,2,5,1487.5691770541032,0.07012175344146383,False,False,True,True,True
4,2,5,8129.151666824726,0.03435973284792754,False,False,False,True,True
4,2,5,67.76533962424163,0.08723113627312826,True,True,True,True,True
4,2,5,39.444476137617656,0.09873614722091788,False,True,True,True,True
4,2,5,18.73586959614591,0.07388116490941506,True,True,True,True,True
4,2,5,120.33470415634767,0.047778859306840595,False,False,False,False,True
4,2,5,244.38041252971882,0.06591644429854551,True,True,True,True,True
4,2,5,82.439616635038,0.0958079372516791,True,True,True,True,True
4,2,5,37.06539198147923,0.09540099206999783,True,True,True,True,True
4,2,5,104.43166925790497,0.030491427942246477,False,False,False,False,True
4,2,5,77.78406003563678,0.06173548038847412,True,True,False,True,False
4,2,5,252.38860973765546,0.08015157921599698,True,True,True,True,True
4,2,5,107.12890734786018,0.11991075125153017,True,True,True,True,True
4,2,5,277.8614122339715,0.08639184658838772,True,True,True,True,True
4,2,5,262.27305503247646,0.04630747633391539,False,False,False,False,False
4,2,5,31.578525620072277,0.07184417653412374,True,True,True,True,True
4,2,5,52.69885549996182,0.0933135498172879,True,True,True,True,True
4,2,5,73.16205610042478,0.06957226071735598,True,True,True,True,True
4,2,5,190.9123356880444,0.063191115711706,True,True,True,True,True
4,2,5,19.379675803459996,0.1423194666615098,True,True,True,True,True
4,2,5,84.0238585220798,0.06298945927422706,True,True,True,True,True
4,2,5,204.1439059886737,0.04654568720005847,True,True,True,True,True
4,2,5,202.02697408166833,0.026358017161085056,False,True,True,True,True
4,2,5,17.575458741149234,0.05894998988655167,True,True,True,True,True
4,2,5,195.62496709579528,0.04250088805229726,False,True,True,False,True
4,2,5,330.5712084265943,0.1238260037197651,True,True,True,True,True
4,2,5,19.52085305310467,0.09966495157010287,True,True,True,True,True
4,2,5,107.82144029089791,0.03371598497034582,True,True,True,True,True
4,2,5,38.23134842206095,0.06913033238735924,True,False,False,True,False
4,2,5,47.1646524644066,0.06171104898692779,True,True,True,True,True
5,1,2,308.96110703295403,0.16344641241849908,True,True,True,True,True
5,1,2,68.90716705628927,0.12306115084939523,True,True,True,True,True
5,1,2,109.97977666488666,0.03983272833083249,True,True,True,True,True
5,1,2,151.99787556848904,0.08237572904349899,True,True,True,True,True
5,1,2,84.72773630797607,0.2438633251183584,False,True,True,True,True
5,1,2,45.03817109356963,0.06915186862901197,False,False,False,False,False
5,1,2,22.141165163816886,0.14910206415033012,True,True,True,True,True
5,1,2,21.68116384710813,0.15860478219756177,True,True,True,True,True
5,1,2,136.1302086872552,0.04182627917826884,False,True,True,True,True
5,1,2,15.568191090865463,0.12366107897603083,True,True,True,True,True
5,1,2,204.62750981958163,0.07480939303213499,True,True,True,True,True
5,1,2,290.1349670446009,0.07543189413839387,True,True,True,True,True
5,1,2,79.54730877576519,0.05049135924787819,False,False,False,False,False
5,1,2,41.38493417816357,0.054327005319261816,True,True,True,True,True
5,1,2,350.79456014580154,0.12015286614033925,True,True,True,True,True
5,1,2,91.66353118575506,0.047328378989873354,False,True,True,True,True
5,1,2,20.779007117907284,0.18667796069662718,True,True,True,True,True
5,1,2,19.48810728582474,0.2777282763726568,True,True,True,True,True
5,1,2,28124.851038550132,0.037840413602858315,True,True,True,True,True
5,1,2,25.40956337199911,0.14446820028933674,True,True,True,True,True
5,1,2,60.96620305178208,0.12904785384060757,True,True,True,True,True
5,1,2,66.68413392910615,0.057707105931305014,True,True,True,True,True
5,1,2,179.83774305794853,0.05982762032766323,True,True,True,True,True
5,1,2,262.18017421011996,0.015329752954070588,True,True,True,True,True
5,1,2,190.10577995122475,0.04007078431094392,False,False,False,False,True
5,1,2,128.39686153859546,0.05044320428406452,False,False,False,False,False
5,1,2,37.16944082998977,0.029224073982991157,True,True,True,True,True
5,1,2,170.2304888049266,0.07474261560064321,True,True,True,True,True
5,1,2,92.93190381091445,0.03309540833947251,False,False,False,False,False
5,1,2,24.461675128608192,0.15495327715511886,False,True,True,True,True
5,1,2,66.30184614983546,0.22006283446431024,False,False,False,False,False
5,1,2,262.5839037937326,0.02123209090966801,True,False,False,True,True
5,1,2,67.17110872614847,0.18012042129428063,False,True,True,True,True
5,1,2,943.4796404927661,0.12409875912104532,True,True,True,True,True
5,1,2,6.2743825604782835,0.18349820823408397,True,True,True,True,True
5,1,2,15.364240422997863,0.0924960587427228,False,False,True,True,True
5,1,2,17.001689644070872,0.07157293367784304,True,True,True,True,True
5,1,2,16.618228017031992,0.05570183953806809,True,True,True,True,True
5,1,2,13.07208509415141,0.2017423075811373,True,True,True,True,True
5,1,2,335.5822241237498,0.05671348300100252,True,True,True,True,True
5,1,2,283.7355262336639,0.03674627089556852,True,True,True,True,True
5,1,2,67.84604735598408,0.143536099479581,True,True,True,True,True
5,1,2,105.01551587659341,0.16435835416492733,True,True,True,True,True
5,1,2,163.30095547963154,0.10378097609957412,True,True,True,True,True
5,1,2,40.07286876789993,0.07979860846381844,True,True,True,True,True
5,1,2,84.35070532432154,0.13339063958193628,True,True,True,True,True
5,1,2,14.400781060612017,0.09151217693390931,False,False,False,False,False
5,1,2,97.12814083797365,0.06539684393574814,True,True,True,True,True
5,1,2,36.63611282262766,0.07399011225721892,False,False,False,False,False
5,1,2,198.90054071572612,0.11543728874244034,False,True,True,True,True
5,1,2,45.262908274720964,0.05439576435071785,False,False,False,False,True
5,1,2,96.19224400259333,0.07389517072531494,True,True,False,False,False
5,1,2,67.00576048296008,0.09374350251450363,True,True,True,True,True
5,1,2,62.88397605894663,0.047131604569524276,True,True,True,True,True
5,1,2,481.6408075453655,0.03822853378548915,True,True,True,True,True
5,1,2,6.920476455414727,0.07102164646619134,True,True,True,True,True
5,1,2,99.11568228782629,0.05569839447207275,False,False,False,False,False
5,1,2,92.52742414524735,0.0402963832250056,True,True,True,True,True
5,1,2,22.760708809650197,0.14152688848346376,True,True,True,True,True
5,1,2,948.9979772847919,0.046192192973509495,False,False,True,True,False
5,1,2,30.045603925949674,0.14316448713357516,True,True,True,True,True
5,1,2,24.733974274745666,0.13105915464756507,True,True,True,True,True
5,1,2,126.79324825313095,0.10620709125846076,True,True,True,True,True
5,1,2,307.29888266836986,0.0791743368678311,True,True,True,True,True
5,1,2,23.250492886533316,0.129165801985671,True,True,True,True,True
5,1,2,21.290840959152636,0.06543406701577369,True,True,True,True,True
5,1,2,174.32113942229645,0.07765027535669619,True,True,True,True,True
5,1,2,14.225676175906639,0.11206215448084206,True,True,True,True,True
5,1,2,15.708133904068141,0.1288449368567726,True,True,True,True,True
5,1,2,48.59627841397095,0.09224687757208966,True,True,True,True,True
5,1,2,23.284829267516898,0.10293759537882884,True,True,True,True,True
5,1,2,41.2005653034794,0.03698689408813707,True,True,True,True,True
5,1,2,81.32996303232653,0.06088860386398377,True,False,True,True,True
5,1,2,200.2271990769616,0.1590072530367203,True,True,True,True,True
5,1,2,86.87709973833515,0.13624510828016817,True,True,True,True,True
5,1,2,14.174960871757602,0.07356180458092647,True,True,True,True,True
5,1,2,416.24473442185916,0.16240208187470634,False,False,False,False,False
5,1,2,54.7641812485072,0.06418211337745935,True,True,True,True,True
5,1,2,1566.0062311653837,0.05050062705618561,True,True,True,True,True
5,1,2,349.7605094807453,0.14087343473455696,False,True,True,True,True
5,1,2,130.7720674079366,0.05596649470599146,False,False,False,False,False
5,1,2,9.473863269666676,0.08938192059210094,True,True,True,True,True
5,1,2,44.85031221866155,0.01995136513578776,False,False,False,True,True
5,1,2,29.01717240487538,0.11613824351888677,True,True,True,True,True
5,1,2,20.79948509699287,0.09189753962119855,True,True,True,True,True
5,1,2,10.664756296262524,0.10233531635008633,True,True,True,True,True
5,1,2,403.66486041566225,0.062032792056622904,True,True,True,True,True
5,1,2,88.07652821904819,0.04075481039247828,False,False,False,False,False
5,1,2,15.941871709133697,0.1764342069698758,True,True,True,True,True
5,1,2,17.252835696856078,0.13729290158296492,True,True,True,True,True
5,1,2,190.94621193551941,0.09218217491239417,True,True,True,True,True
5,1,2,852.2386988505077,0.08472091320006904,True,True,True,True,True
5,1,2,146.32332718380079,0.06414092781523578,False,False,False,False,False
5,1,2,32.991425673020075,0.04422189117146482,False,False,False,True,True
5,1,2,32.15121874327083,0.08285759943505282,True,True,True,True,True
5,1,2,119.6859945421677,0.12270945062284723,True,True,True,True,True
5,1,2,21.150367933650923,0.1698021403033767,True,True,True,True,True
5,1,2,55.59351058226435,0.03216014617245249,True,True,True,True,True
5,1,2,413.6487340038775,0.04255978636938779,False,False,False,False,False
5,1,2,24.308005958143386,0.0817941464934505,True,True,True,True,True
5,1,3,123.7114444155592,0.14184191517095887,False,False,False,False,False
5,1,3,808.0428411049153,0.036487774784794924,False,False,False,True,True
5,1,3,746.9001734958844,0.10743558695248517,True,True,True,True,True
5,1,3,600.4188294331973,0.10625254571987061,True,True,True,True,True
5,1,3,47.71529702650193,0.1094687660777837,False,False,False,False,False
5,1,3,27.21133761390188,0.19392302481492496,True,True,True,True,True
5,1,3,31.443105557800944,0.04232024886131008,False,False,False,False,False
5,1,3,285.81469678233316,0.049297601370106366,False,False,False,False,False
5,1,3,54.880836953103795,0.03758427741737136,False,False,False,False,False
5,1,3,13.361844116352854,0.22966378343026259,True,True,True,True,True
5,1,3,79.68296801823342,0.10203119055419024,True,True,True,True,True
5,1,3,209.13549582102658,0.18372448708624184,True,True,True,True,True
5,1,3,12.337417921659249,0.10788646731698513,True,True,True,True,True
5,1,3,102.46953726305908,0.07715900020782816,True,True,True,True,True
5,1,3,481.2972644680896,0.11284159918879082,True,True,True,True,True
5,1,3,36.67094969955651,0.07520733358227857,True,True,True,True,True
5,1,3,41.35907049638889,0.07212681639820324,True,True,True,True,True
5,1,3,378.1965133169665,0.03262408909500693,True,True,True,True,True
5,1,3,179.6069251447542,0.11722845533992031,True,True,True,True,True
5,1,3,32.03351096925105,0.13606795912708924,True,True,True,True,True
5,1,3,111.55377595219807,0.114573334545081,True,True,True,True,True
5,1,3,297.54321483850197,0.08259087945250804,True,True,True,True,True
5,1,3,310.96926928415456,0.0829681345281605,True,True,True,True,True
5,1,3,59.63492327206638,0.06925790303010033,True,True,True,True,True
5,1,3,155.29786741354462,0.0864382708206581,True,True,True,True,True
5,1,3,125.57041187885946,0.27246325343920286,True,True,True,True,True
5,1,3,25.501347258686618,0.15134985981545787,True,True,True,True,True
5,1,3,126.24653469772994,0.04951722860426962,False,False,True,True,False
5,1,3,19.50543156583241,0.07470928480703841,True,True,True,True,True
5,1,3,29.140063677337942,0.12923632519039838,True,True,True,True,True
5,1,3,128.28103021738494,0.05632263442674735,True,True,True,True,True
5,1,3,57.99365130106478,0.030697602238954357,False,False,False,False,False
5,1,3,22.319826535302273,0.10873952444337723,True,True,True,True,True
5,1,3,216.21766699096165,0.06261358393054434,False,True,True,True,True
5,1,3,74.59092046382332,0.07227136262805839,False,False,True,True,True
5,1,3,39.50746703990505,0.03311376573896836,True,True,True,True,True
5,1,3,48.0870413371982,0.12018531085909344,True,True,True,True,True
5,1,3,45.25630274043225,0.11883746056993019,True,True,True,True,True
5,1,3,50.91514043530581,0.2087186309594462,True,True,True,True,True
5,1,3,195.98050755247513,0.08588300511725717,True,True,True,True,True
5,1,3,33.96105639545708,0.15838073055316235,True,True,True,True,True
5,1,3,252.17631480391756,0.08689419504171406,True,False,False,False,False
5,1,3,13.646394329357243,0.09458241173031896,True,True,True,True,True
5,1,3,41.75387862123581,0.05401164461531266,False,False,False,True,True
5,1,3,88.39854687635952,0.07624541462238761,True,True,True,True,True
5,1,3,212.05588053271,0.05057902777816258,True,True,True,True,True
5,1,3,117.5639185005051,0.05748374311183531,True,True,True,True,True
5,1,3,91.18062524263226,0.03273874332135525,True,True,True,True,True
5,1,3,40.492782953710915,0.19887039507916146,True,True,True,True,True
5,1,3,60.27890979878384,0.07464666357330406,False,True,True,True,True
5,1,3,71.31138494717216,0.06942499063234656,True,True,True,True,True
5,1,3,257.0000713667976,0.08026823039414407,False,False,False,False,False
5,1,3,20.80450223465053,0.16032214909183534,True,True,True,True,True
5,1,3,59.46411328903556,0.07629078071137416,True,True,True,True,True
5,1,3,122.16334684486003,0.08285510533525442,True,True,True,True,True
5,1,3,10.354417829903113,0.17346956704505057,True,True,True,True,True
5,1,3,55.93957932134477,0.12537549554473426,True,True,True,True,True
5,1,3,16.037167149801302,0.10096764915348565,True,True,True,True,True
5,1,3,35.58098239566715,0.12024234678631532,True,True,True,True,True
5,1,3,22.004539309738515,0.07634920983742846,True,True,True,True,True
5,1,3,57.86053676827648,0.04038481622392598,True,True,True,True,True
5,1,3,276.94868748999204,0.07731506761046229,True,True,True,True,True
5,1,3,374.42456242867297,0.1679538560264304,True,True,True,True,True
5,1,3,79.92940556534352,0.05332379004980614,False,False,True,True,True
5,1,3,759.8327373047032,0.0713725759331768,True,True,True,True,True
5,1,3,53.61614574833368,0.03486660180791823,False,False,True,True,True
5,1,3,90.34827595676308,0.13645213398090325,True,True,True,True,True
5,1,3,3456.348462803386,0.13730617715320118,False,False,False,False,True
5,1,3,2808.6349352183493,0.06534212265494681,False,False,False,False,False
5,1,3,119.30727164296363,0.15492249021099957,True,True,True,True,True
5,1,3,53.393618104360804,0.04491369385223994,True,True,True,False,True
5,1,3,35.612003511484986,0.06240990703664696,True,True,True,True,True
5,1,3,70.3512951748811,0.05689366780827405,False,False,False,False,False
5,1,3,199.11170158482662,0.07725738756804021,True,False,True,True,True
5,1,3,88.36718563859806,0.09387127399373218,True,True,True,True,True
5,1,3,304.7043235105329,0.07002011970746143,True,True,True,True,True
5,1,3,235.00098823262311,0.08110009563325243,True,True,True,True,True
5,1,3,72.69588081670791,0.2053947344361289,False,False,False,False,False
5,1,3,59.68883998545718,0.08032389284755813,True,True,True,True,True
5,1,3,35.33515561510066,0.0796725910933595,True,True,True,True,True
5,1,3,50.5022174105726,0.12387847629176026,True,True,True,True,True
5,1,3,23.848100826796887,0.07748332884057599,True,True,True,True,True
5,1,3,624.2034691968985,0.23923627511415185,True,True,True,True,True
5,1,3,57.78438375344944,0.09908371259118755,True,True,True,True,True
5,1,3,129.02190820128874,0.0978182822702169,True,True,True,True,True
5,1,3,4192.188100433114,0.08198514405872652,True,True,True,True,True
5,1,3,34.26978453089055,0.18650429661209067,True,True,False,True,True
5,1,3,14.595128058355876,0.11350006079818736,True,True,True,True,True
5,1,3,127.2570755330031,0.04521135762690846,True,True,True,True,True
5,1,3,437.1366733668728,0.0612308301773468,True,True,True,True,True
5,1,3,96.43532065141217,0.03311238303518218,True,True,True,True,True
5,1,3,59.97975513809709,0.09678331321590565,True,True,True,True,True
5,1,3,45.10704157978451,0.1346930905963619,True,True,True,True,True
5,1,3,49.9677938531106,0.06369565696540277,True,True,True,True,True
5,1,3,59.689693150995964,0.035041749526761805,True,True,True,True,True
5,1,3,88.09800283419516,0.11661147040546987,False,False,False,False,True
5,1,3,53.07620657062582,0.146063168895725,True,True,True,True,True
5,1,3,64.99961894087616,0.02457215405084869,True,True,True,True,True
5,1,3,28.428315916949998,0.1181851510850845,False,True,True,True,True
5,1,3,79.32540872462502,0.08000210411068062,True,True,True,True,True
5,1,4,324.99076950428696,0.09926282314285544,True,True,True,False,False
5,1,4,94.96626228590183,0.1076138285805456,True,True,True,True,True
5,1,4,63.05645565066887,0.10554009804777498,True,True,True,True,True
5,1,4,56.063329260507004,0.03299493919773952,True,True,True,True,True
5,1,4,92.97733156319347,0.06754257882896184,True,True,True,True,True
5,1,4,356.0170370047592,0.1465043230267097,True,True,True,True,True
5,1,4,43.33250538017198,0.21967850182987866,True,True,True,True,True
5,1,4,112.55708103058117,0.07806059977583937,True,True,True,True,True
5,1,4,27.332763379925044,0.039380157790026855,True,True,True,True,True
5,1,4,373.7576723806787,0.06798472508153629,True,True,True,True,True
5,1,4,64.21860063411029,0.058226334643110306,True,True,True,True,True
5,1,4,75.8062432260645,0.061365551397459216,False,False,False,False,False
5,1,4,61.1732671893493,0.07555938063260545,False,False,False,False,False
5,1,4,95.9847133613679,0.05460311162191008,True,True,True,True,True
5,1,4,114.21147194580476,0.08080102364926435,False,True,True,True,True
5,1,4,3508.184395343958,0.13954379340862577,True,True,True,True,True
5,1,4,75.71264950466416,0.031196568453638718,False,False,True,True,True
5,1,4,98.61445286131085,0.12714981163586833,True,True,True,True,True
5,1,4,65.09811677605838,0.04050654385777329,False,False,False,False,False
5,1,4,16.376514628192854,0.053064982145485544,True,True,True,True,True
5,1,4,33.42599097019018,0.10120583070377649,True,True,True,True,True
5,1,4,54.40144232425605,0.05632440517810051,True,True,True,True,True
5,1,4,95.88880956277625,0.11586330822581624,True,True,True,True,True
5,1,4,53.95607703449302,0.13034175538998347,True,True,True,True,True
5,1,4,156.66486781839174,0.10797467488132387,True,True,True,True,True
5,1,4,20.969824126252853,0.2047915580320277,True,True,True,True,True
5,1,4,1391.37515811988,0.11497714888076983,True,True,True,True,True
5,1,4,1093.9449338040592,0.03956071430148236,True,True,True,True,True
5,1,4,18.8421669559601,0.11707002590631198,True,True,True,True,True
5,1,4,21.46782075830138,0.18443885803736046,True,True,True,True,True
5,1,4,58.12454908359166,0.11385872817455965,True,True,True,True,True
5,1,4,159.79340948681408,0.039578399601752676,True,True,True,True,True
5,1,4,41.78677015222007,0.07729278814746778,True,True,True,True,True
5,1,4,64.56744473094723,0.05263626952423339,True,True,True,True,True
5,1,4,25.22267387600815,0.08525052940998204,True,True,True,True,True
5,1,4,33.09189935533671,0.12577653643383271,True,True,True,True,True
5,1,4,66.97114252790207,0.04162239648550583,False,False,False,False,False
5,1,4,82.70192403344093,0.11173966040236905,True,True,True,True,True
5,1,4,82.13520263436284,0.10363834472836772,True,True,True,True,True
5,1,4,54.40826308655939,0.2409028906434766,True,True,True,True,True
5,1,4,133.513695057006,0.10095116351107564,False,False,False,False,False
5,1,4,230.93635781907585,0.032394825166624897,True,True,True,True,True
5,1,4,80.44499877060858,0.2842401708986456,True,True,True,True,True
5,1,4,19.871307363375028,0.07708363939021877,True,True,True,True,True
5,1,4,184.78212253624835,0.04912410518180009,False,False,False,True,True
5,1,4,38.76369670294769,0.07391971812844414,False,False,False,False,True
5,1,4,51.20790494092941,0.07506462712280713,True,True,True,True,True
5,1,4,66.49818133384125,0.21240496401233916,False,False,False,False,False
5,1,4,43.462385045603746,0.14451044534489235,True,True,True,True,True
5,1,4,816.2618985643142,0.1418672969521018,False,False,True,True,True
5,1,4,53.012428767320245,0.05810442020184779,True,True,True,True,True
5,1,4,40.6611106480437,0.106477050689828,True,True,True,True,True
5,1,4,74.39726596628391,0.09361813361296839,True,True,True,True,True
5,1,4,38.5203616551845,0.11531641857571498,True,True,True,True,True
5,1,4,2177.027272212332,0.08881329375233077,False,False,False,False,False
5,1,4,1791.8703781663849,0.05614141902969275,False,False,False,True,True
5,1,4,201.06684745362818,0.14172056306166783,False,False,False,False,False
5,1,4,60.06063523576109,0.05298349938526792,False,True,True,True,True
5,1,4,101.55373984707468,0.19296315200169883,True,False,False,False,True
5,1,4,586.7184425752918,0.13748136797595303,True,True,True,True,True
5,1,4,190.61231315060962,0.15985921774768255,True,True,True,True,True
5,1,4,463.7904290153162,0.12164551686134767,True,True,True,True,True
5,1,4,13.287133946676635,0.08582249919531412,True,True,True,True,True
5,1,4,18.274371677930397,0.1684538061678493,True,True,True,True,True
5,1,4,32.54474989021643,0.1586534859647217,True,True,True,True,True
5,1,4,162.267411990557,0.07184632391391728,False,False,False,False,True
5,1,4,46.55257809400991,0.05775667030124793,True,True,True,True,True
5,1,4,34.20866900616487,0.20855813094638714,True,True,True,True,True
5,1,4,160.62059041686356,0.18576738001525572,True,True,True,True,True
5,1,4,70.01779633832484,0.11422148969805819,True,True,True,True,True
5,1,4,78.98822693220485,0.11958571543298073,False,False,True,True,True
5,1,4,521.9867811008068,0.04813738774709525,False,False,False,False,False
5,1,4,183.81550311739483,0.11553420709188401,True,True,True,True,True
5,1,4,332.3043813748893,0.08290910523729982,True,True,True,True,True
5,1,4,76.76233619804378,0.029485790185841604,False,False,False,False,False
5,1,4,513.8385458385286,0.13009554827000927,False,False,False,False,False
5,1,4,352.023871000304,0.13123027420330385,True,True,True,True,True
5,1,4,28.88474262296364,0.1459786882788026,True,True,True,True,True
5,1,4,79.78992953255286,0.07730472861777228,True,True,True,True,True
5,1,4,21.568136563295454,0.052776569142690244,True,True,True,True,True
5,1,4,17.39766129539873,0.1309566632925528,True,True,True,True,True
5,1,4,46.427920660783165,0.09955013741920249,True,True,True,True,True
5,1,4,88.32926390082675,0.16247747205172072,True,True,True,True,True
5,1,4,287.5886539942379,0.04408637842101953,False,False,False,False,True
5,1,4,105.18603435795617,0.07887584683601533,True,True,True,True,True
5,1,4,25.23918569605619,0.08639953252413095,True,True,True,True,True
5,1,4,122.05194280915764,0.08336843122906622,False,True,True,True,True
5,1,4,96.34039750267345,0.10759611088126667,True,True,True,True,True
5,1,4,1240.4536837205276,0.04585408324022726,False,False,False,False,False
5,1,4,24.911591291786586,0.05988017198411572,True,True,True,True,True
5,1,4,152.71557981382347,0.09295779343112669,True,True,True,True,True
5,1,4,112.80161816844203,0.04260457263564475,True,True,True,True,True
5,1,4,10.485207297684239,0.16017660216349988,True,True,True,True,True
5,1,4,462.82305404523294,0.06006240514794034,True,True,True,True,True
5,1,4,53.29905663492769,0.14850143508984712,True,True,True,True,True
5,1,4,87.14554666403835,0.07101519989963241,True,True,True,True,True
5,1,4,70.62932674191218,0.14616087858085341,True,True,True,True,True
5,1,4,535.781968861555,0.02449164107181595,True,True,True,True,True
5,1,4,46.48651662377342,0.055893254852863374,False,False,False,False,False
5,1,4,27.984014592655313,0.12994616035504905,True,True,True,True,True
5,1,5,274.16924689297855,0.016620614944387848,True,True,True,True,True
5,1,5,47.363182834212225,0.05929002268015829,True,False,False,False,False
5,1,5,47.64729992242615,0.07061814578904473,True,True,True,True,True
5,1,5,1004.6582175681585,0.05852270927906763,True,True,True,True,True
5,1,5,66.80993073837386,0.09447598434821117,True,True,True,True,True
5,1,5,42.39367647084043,0.07602954207108586,True,True,True,False,False
5,1,5,11.649298614019422,0.14833940008362403,True,True,True,True,True
5,1,5,43.148334741921005,0.16480283314502334,True,True,True,True,True
5,1,5,264.32478968823347,0.15709127251338836,True,True,True,True,True
5,1,5,39.31484220012825,0.10017898329635465,True,True,True,True,True
5,1,5,135.00706122655825,0.10878185327634671,True,True,True,True,True
5,1,5,55.93127371127723,0.1078988376447847,True,True,True,True,True
5,1,5,85.22549058597455,0.11481819239144875,True,True,True,True,True
5,1,5,291.9332581438532,0.055094182561202534,False,False,False,False,False
5,1,5,101.51835013056362,0.09336489177817173,False,False,False,True,True
5,1,5,40.382142338596985,0.04927005217172777,True,True,True,True,True
5,1,5,24.71122895276945,0.18713254159305037,True,True,True,True,True
5,1,5,95.2878854824016,0.18738944641514868,True,True,True,True,True
5,1,5,2236.719229345913,0.10186653134812163,False,False,False,False,True
5,1,5,27.50825523861009,0.07224091516163256,True,True,True,True,True
5,1,5,155.70817449483093,0.05994425027030243,False,False,False,False,False
5,1,5,53.21162100289232,0.09416774592011433,True,True,True,True,True
5,1,5,85.25191514590777,0.02229759107573295,True,True,True,True,True
5,1,5,99.55354669258912,0.03923359069216855,True,True,True,True,True
5,1,5,4244.385313994206,0.09945191533016358,True,True,True,True,True
5,1,5,193.14197269167425,0.04741185305323534,True,True,True,True,True
5,1,5,100.29898602476311,0.07534920360927076,True,True,True,True,True
5,1,5,104.97365731652195,0.07024907640166718,True,True,True,True,True
5,1,5,75.78797027766295,0.0563883524081974,False,False,False,False,False
5,1,5,66.09376938377898,0.09794248600168615,True,True,True,True,True
5,1,5,702.4704309720158,0.09873001250702566,True,True,True,True,True
5,1,5,97.72458572824249,0.0632161260692928,False,False,False,False,False
5,1,5,1068.6589962679773,0.15662225815652253,True,True,True,True,True
5,1,5,22.08045771733688,0.12877558660589525,True,True,True,True,True
5,1,5,8298.295190646208,0.1284991533273408,True,True,True,True,True
5,1,5,816.4248720044461,0.11264121805053308,True,True,True,True,True
5,1,5,176.91100087993863,0.04123909813007109,False,False,False,False,False
5,1,5,332.82805230446587,0.06797305397682232,True,True,True,True,True
5,1,5,202.92925547417875,0.1055790138636575,False,False,False,False,False
5,1,5,69.12716510985034,0.09023666411539272,False,False,False,False,False
5,1,5,13.581283362316526,0.07878900642687758,True,True,True,True,True
5,1,5,296.0466387806715,0.08103732598201854,True,True,True,True,True
5,1,5,266.93006226030735,0.10817813646432341,True,True,True,True,True
5,1,5,725.80659077431,0.06317683877357215,True,True,True,True,True
5,1,5,759.5596216892807,0.1322189005840016,True,True,True,True,True
5,1,5,260.12015361359533,0.1978225285323389,True,True,True,True,True
5,1,5,47.43657462605209,0.11931563861174392,False,False,True,True,True
5,1,5,30.096488308916452,0.15767653191373857,True,True,True,True,True
5,1,5,25.840078738487808,0.2055014663774537,True,True,True,True,True
5,1,5,197.5690385753592,0.07813504842957915,False,False,False,False,False
5,1,5,79.49272468213573,0.07333882292156663,True,True,True,True,True
5,1,5,292.29453037705713,0.06319903131725003,True,True,True,True,True
5,1,5,81.88526247857634,0.18984362054238837,True,True,True,True,True
5,1,5,37.3926529828526,0.04733017673415314,True,True,True,True,True
5,1,5,73.38008102013414,0.08840446291875889,True,True,True,True,True
5,1,5,193.86421317298408,0.029423619252850527,False,True,True,True,True
5,1,5,373.3957347896626,0.10037483033285544,True,True,True,True,True
5,1,5,65.6973385905063,0.11976108974203807,False,True,True,True,True
5,1,5,40.209219417389086,0.056565148063309076,True,True,True,True,True
5,1,5,698.8838698488365,0.04332117715857252,True,True,True,True,True
5,1,5,22.99145479609622,0.1495208450701411,True,True,True,True,True
5,1,5,50.68927109569309,0.13456664789874367,True,True,True,True,True
5,1,5,344.9499568393025,0.09369322632345739,True,False,False,False,False
5,1,5,680.3936464517008,0.047156585698165276,False,False,False,False,False
5,1,5,50.39672977374102,0.04009579226309984,True,True,True,True,True
5,1,5,43.78229686379058,0.06515004763261441,True,True,True,True,True
5,1,5,174.98204861472425,0.03864908663722645,True,True,True,True,True
5,1,5,13.202488499794617,0.09879951614962496,True,True,True,True,True
5,1,5,59.34030273964135,0.12241322102685354,True,True,True,True,True
5,1,5,621.9588375235879,0.06856966905904595,True,True,True,True,True
5,1,5,27.191026738644386,0.0512688822415956,True,False,False,True,False
5,1,5,135.73697338824192,0.16976589315711899,True,True,True,True,True
5,1,5,40.91571355025591,0.14283623366962722,True,True,True,True,True
5,1,5,150.90836443664654,0.12874182798771072,True,True,True,True,True
5,1,5,62.57969924903775,0.08795511748681002,True,True,True,True,True
5,1,5,80.18624935366162,0.10337728438648058,True,True,True,True,True
5,1,5,60.80799281526194,0.1166611867558964,True,True,True,True,True
5,1,5,22.509917651030445,0.11211609070454243,True,True,True,True,True
5,1,5,639.9707315965107,0.11029849835536613,True,True,True,True,True
5,1,5,288.1652182162155,0.15623764028864093,True,True,True,True,True
5,1,5,719.116183318268,0.037820511896480204,False,False,True,True,True
5,1,5,168.2643741960369,0.07031961305248852,True,True,True,True,True
5,1,5,260.4756622511872,0.03493756317210955,True,True,True,True,True
5,1,5,440.3122817933992,0.15979131108410832,True,True,True,True,True
5,1,5,20.162618920461412,0.16702182328766188,True,True,True,True,True
5,1,5,85.41888723357935,0.09905206321338998,False,False,False,False,False
5,1,5,28.38978346295858,0.12363087399728777,True,True,True,True,True
5,1,5,84.27022266168235,0.1275907527770134,False,True,True,True,True
5,1,5,45.291642596511785,0.07764839102803671,True,True,True,True,True
5,1,5,164.95882300548053,0.037503513608838614,True,False,False,False,True
5,1,5,205.43337544426137,0.1250539545762203,True,True,True,True,True
5,1,5,24.734544265119297,0.08828182850662919,True,True,True,True,True
5,1,5,23.377978863056303,0.1694902793263018,True,True,True,True,True
5,1,5,469.2062364746193,0.16884771460286607,True,True,True,True,False
5,1,5,2569.6427593334147,0.055308294103364894,False,True,True,True,True
5,1,5,93.9466990324764,0.1601235119975999,False,False,False,False,False
5,1,5,23.16255077637088,0.18901152993556916,True,True,True,True,True
5,1,5,68.36298733667634,0.06366561559232305,False,False,False,False,False
5,1,5,1594.160711703722,0.031420157193607974,False,False,False,False,False
5,1,5,22.59697608053083,0.15116997013907285,True,True,True,True,True
5,2,2,1101.7137464950376,0.033218069665181434,True,True,True,True,True
5,2,2,58777.622031354804,0.04416914037607459,True,True,True,True,True
5,2,2,417.33255418142676,0.08337404772159775,True,True,True,True,True
5,2,2,423.1331922188161,0.09627058042183892,True,True,True,True,True
5,2,2,60.87927936705606,0.07397401613018634,True,True,True,True,True
5,2,2,72.39815736690215,0.06418599020319207,True,True,True,True,True
5,2,2,43.597001346377084,0.1309042014331922,True,True,True,True,True
5,2,2,42.92676145833519,0.06533384443368956,False,False,True,True,True
5,2,2,36.87297033428108,0.05641010446059063,True,True,True,True,True
5,2,2,47.86302372942218,0.0915056827712937,False,False,False,True,True
5,2,2,127.40094757971258,0.10461460724949556,True,True,True,True,True
5,2,2,82.19332404532975,0.05014475108719195,True,True,True,True,True
5,2,2,344.85505835574287,0.04405683641629132,True,True,True,True,True
5,2,2,1190.3724471730936,0.08860643305739192,True,True,True,True,True
5,2,2,82.69248722240751,0.08190798914865885,True,True,True,True,True
5,2,2,782.1240456224818,0.03591135556469383,True,True,True,True,True
5,2,2,120.70455707222783,0.07889775923997358,True,True,True,True,True
5,2,2,45.62954724455723,0.15289372152819852,True,True,True,True,True
5,2,2,61.87594231151667,0.08248701010511085,True,True,True,True,True
5,2,2,45.27624904114055,0.06731769047699178,True,True,True,True,True
5,2,2,49.70285794896513,0.09664667022195968,True,True,True,True,True
5,2,2,70.73723243802895,0.0573862845136714,True,True,True,True,True
5,2,2,56.46807763525518,0.045458690479669855,True,True,True,True,True
5,2,2,33.86536481823555,0.1014941142082819,False,False,True,True,True
5,2,2,295.39771530517646,0.05688585908702976,True,True,True,True,True
5,2,2,94.66160771308739,0.07163859017845062,True,True,True,True,True
5,2,2,7.1143628643860755,0.1720237174405314,True,True,True,True,True
5,2,2,15.682685902539227,0.08361908534527619,True,True,True,True,True
5,2,2,61.93718570094129,0.09964017120313927,True,True,True,True,True
5,2,2,102.92125066397824,0.07131299830463549,True,True,True,True,True
5,2,2,51.52643397435265,0.13471039744202956,True,True,True,True,True
5,2,2,62.31021109065741,0.043306623085290985,True,True,True,True,True
5,2,2,23.222128394107468,0.0366196421663304,False,True,True,True,True
5,2,2,106.73644165503383,0.036982153914736374,False,False,True,True,True
5,2,2,480.21258056892003,0.02915110196247299,True,True,False,True,True
5,2,2,613.2380903586127,0.0955845969369782,True,True,True,True,True
5,2,2,124.26573132464526,0.11351895242772923,True,True,True,True,True
5,2,2,15.249868527935803,0.10905780865461988,True,True,True,True,True
5,2,2,13.182739058374493,0.07995086354529608,True,True,True,True,True
5,2,2,14.39876118917701,0.07111694795403455,True,True,True,True,True
5,2,2,237.0934962444014,0.17675810053932617,True,True,True,True,True
5,2,2,48.75019482766836,0.1888028122322262,True,True,True,True,True
5,2,2,207.06036649240025,0.03326345868703299,False,False,False,False,False
5,2,2,90.49974732401509,0.04409653812177176,True,True,True,True,True
5,2,2,46.51784437039607,0.1303946002271798,True,True,True,True,True
5,2,2,11.935639855346116,0.08399634138575586,True,True,True,True,True
5,2,2,41.45382085240462,0.21099019674395025,True,True,True,True,True
5,2,2,115.09804578946468,0.06560423723247391,True,True,True,True,True
5,2,2,1057.0324060224423,0.03455869776500197,False,True,True,True,True
5,2,2,57.68456804568819,0.03207600691537778,True,True,False,False,False
5,2,2,36.300323117439184,0.11783659306387959,True,True,True,True,True
5,2,2,817.6563028125441,0.07100290984154521,True,True,True,True,True
5,2,2,927.518065966873,0.05019449886711287,False,False,False,True,True
5,2,2,3935.538915268682,0.1054953665811267,True,True,True,True,True
5,2,2,104.037619251137,0.16724926000582435,True,True,True,True,True
5,2,2,275.762453489738,0.05348078551267405,True,True,True,True,True
5,2,2,63.43094660667554,0.05748871308430033,True,True,True,True,True
5,2,2,80.69151911161838,0.09005137990127948,True,True,True,True,True
5,2,2,57.6704041849452,0.103699523978116,True,True,True,True,True
5,2,2,27.594285281855676,0.08140549814612265,False,True,True,True,True
5,2,2,5.224677073801798,0.16438348296248242,True,True,True,True,True
5,2,2,33.455697577142324,0.05650137493267285,True,True,True,True,True
5,2,2,68.40033323454237,0.053931038939775515,True,True,True,True,True
5,2,2,25.155783474644295,0.11627864595371763,True,False,True,True,True
5,2,2,206.7953110921324,0.03420010304434653,True,True,True,True,True
5,2,2,30.95097943213995,0.0535598393794297,True,True,True,True,True
5,2,2,19.624373971707133,0.05966266265707473,True,True,True,True,True
5,2,2,53.36275294148594,0.10947045221281945,True,True,True,True,True
5,2,2,119.85154593658744,0.14087406341851386,True,True,True,True,True
5,2,2,202.46942913498506,0.07220831387515558,True,True,True,True,True
5,2,2,49.647586600139945,0.06842679810210978,True,True,True,True,True
5,2,2,729.7631828508086,0.08813594909641288,False,False,False,False,False
5,2,2,118.6998807515703,0.16431512902497317,False,True,True,True,True
5,2,2,193.8698526227738,0.041625414750709584,True,True,True,True,True
5,2,2,40.98165668793752,0.06774085104987333,True,True,True,True,True
5,2,2,31.792032949077935,0.025839320693499822,True,True,True,True,True
5,2,2,215.03231711332145,0.13032096974470841,True,True,True,True,True
5,2,2,104.70339549922987,0.08359798343541547,True,True,True,True,True
5,2,2,25.752414511534408,0.03623851211650858,True,True,True,True,True
5,2,2,18.46494135548219,0.06108986522014513,True,True,True,True,True
5,2,2,28.8504865808541,0.047893330614823953,False,False,False,False,False
5,2,2,111.99143979190427,0.045001420428759,False,True,True,True,True
5,2,2,77.7181500710951,0.05324064074888325,True,True,True,True,True
5,2,2,71.70793681853903,0.06130923802387759,True,True,True,True,True
5,2,2,33.10108916167145,0.0830073368886323,True,True,True,True,True
5,2,2,124.65770087476044,0.03266506215178737,True,True,True,True,True
5,2,2,420.216470025175,0.029138698571377665,True,True,True,True,True
5,2,2,62.106954344169026,0.06154371712325485,True,True,True,True,True
5,2,2,37.57466594321602,0.12081295044173498,True,True,True,True,True
5,2,2,66.93625867337545,0.05529559584719769,False,False,True,True,True
5,2,2,16.06082806171254,0.10691301192695746,True,True,True,True,True
5,2,2,13.707268979179062,0.1677616143444968,True,True,True,True,True
5,2,2,7196.971536863231,0.0627039974318406,True,True,True,True,True
5,2,2,77.71447828501645,0.061683384684020716,False,False,False,False,True
5,2,2,821.9155690415597,0.04887808288967907,True,True,True,True,True
5,2,2,100.18160751092461,0.08685558252811221,True,True,True,True,True
5,2,2,747.2660059389336,0.036625522110789316,False,False,False,False,False
5,2,2,90.39872585597377,0.09978911742446034,True,True,True,True,True
5,2,2,56.42879525181584,0.029457265902585725,True,True,True,True,True
5,2,2,13.147152894301822,0.21545950726568627,True,True,True,True,True
5,2,3,280.9229148262955,0.0651847060737892,True,True,True,True,True
5,2,3,160.9280054186084,0.06329070058203935,True,True,True,True,True
5,2,3,87.0917222751715,0.0560936549995485,False,False,True,True,True
5,2,3,33.16955006392649,0.15832659749612987,True,True,True,True,True
5,2,3,140.6061280371318,0.06736452451660106,False,False,True,True,True
5,2,3,24.105967914261395,0.10917134859925942,True,True,True,True,True
5,2,3,76.12032904653265,0.08521235435790253,True,True,True,True,True
5,2,3,37.218982899852946,0.0633455811926026,True,True,True,True,True
5,2,3,32.4672145095292,0.09249624453210387,True,True,True,True,True
5,2,3,186.86798992766407,0.19949600950803825,True,True,True,True,True
5,2,3,38.69285150926757,0.07562851413829337,True,True,True,True,True
5,2,3,315.62987309904526,0.03453836434130029,False,False,False,False,True
5,2,3,85.26765989997,0.10297874991298564,True,True,True,True,True
5,2,3,43.015232707454935,0.07693562292644497,True,True,True,True,True
5,2,3,226.29056381042466,0.07223229450621782,True,True,True,True,True
5,2,3,59.97414535094616,0.055414025185789265,True,True,True,True,True
5,2,3,52.41581909316176,0.10678055925300038,True,True,True,True,True
5,2,3,48.807809308402156,0.07912003796443358,True,True,True,True,True
5,2,3,66.44339478485298,0.11748975350680504,True,True,True,True,True
5,2,3,43.534017029759106,0.11449811285222686,True,True,True,True,True
5,2,3,268.0636684089092,0.04534993375979113,False,False,False,True,True
5,2,3,29.62445105656753,0.07440653615093872,True,True,True,True,True
5,2,3,142.81944436950423,0.10131283751045221,True,True,True,True,True
5,2,3,142.77515875363554,0.0754819099281535,True,True,True,True,True
5,2,3,75.32371975074814,0.056117884033865105,True,True,True,True,True
5,2,3,146.23132789942187,0.06633503079759476,False,False,False,False,True
5,2,3,93.05795905634672,0.0668391633312974,True,True,True,True,True
5,2,3,96.82354886098845,0.0504557091580519,True,True,True,True,True
5,2,3,26.90135234730541,0.07179587727316926,True,True,True,True,True
5,2,3,35.047400957755144,0.08867243224169151,True,True,True,True,True
5,2,3,40.44503100966918,0.19939374249485775,False,True,True,True,True
5,2,3,212.32177018169116,0.10742714405282554,True,True,True,True,True
5,2,3,124.09406393153505,0.11889646225131112,True,True,True,True,True
5,2,3,616.9765486173291,0.08220659468707182,True,True,True,True,True
5,2,3,61.50984862158186,0.060877402979313766,True,True,True,True,True
5,2,3,22.698981523753922,0.10227114820042522,True,True,True,True,True
5,2,3,196.12678585610072,0.11823749218335552,True,True,True,True,True
5,2,3,196.2408146498567,0.19319870537128947,True,True,True,True,True
5,2,3,33.127696316583,0.07836344909712091,True,True,True,True,True
5,2,3,203.02392604223,0.04837063535911299,False,False,False,False,False
5,2,3,36.15156906226067,0.061015011440540765,True,True,True,True,True
5,2,3,51.05259553674785,0.04307114417600104,False,False,False,False,True
5,2,3,58.52281282062565,0.04259777986580442,True,True,True,True,True
5,2,3,350.2323462937463,0.1536731035476621,True,True,True,True,True
5,2,3,4234.89912915565,0.04348714069235152,False,False,False,True,True
5,2,3,621.3745232615803,0.0681218534674933,True,True,True,True,True
5,2,3,35.88987300144811,0.08984925025036015,True,True,True,True,True
5,2,3,262.41123487167107,0.0643787226676908,True,True,True,True,True
5,2,3,398.06821503029727,0.025527476388055293,False,False,False,False,False
5,2,3,280.9618402225634,0.04316434246185104,True,True,True,True,True
5,2,3,63.15985193155609,0.05187592789905255,True,True,True,True,True
5,2,3,96.05004410027826,0.06931089747827471,True,True,True,True,True
5,2,3,103.63398501064174,0.07979997366947249,True,True,True,True,True
5,2,3,74.1074790940386,0.06616862938050216,False,True,True,False,True
5,2,3,949.0606700881677,0.09365496751321777,True,True,True,True,True
5,2,3,866.6330831670327,0.046211332422167024,True,True,True,True,True
5,2,3,23.11371700937456,0.06840332517062436,True,True,True,True,True
5,2,3,546.5980651158945,0.02485019565073853,True,True,True,True,True
5,2,3,246.50205158762918,0.0549194259722301,False,True,True,False,False
5,2,3,67.3514841396981,0.060917187739672085,True,True,True,True,True
5,2,3,72.43728655172296,0.03474412108709544,True,True,True,True,True
5,2,3,2071.0722592785196,0.05325384120482518,False,True,True,True,True
5,2,3,19.012120518394482,0.08094364430625663,True,True,True,True,True
5,2,3,53.28849730679121,0.0812499871519002,True,True,True,True,True
5,2,3,72.03004412670948,0.031583925298352175,True,True,True,True,True
5,2,3,77.4389136159804,0.1355851968474585,True,True,True,True,True
5,2,3,78.00306968329984,0.10461654907445007,True,True,True,True,True
5,2,3,63.03017949071068,0.06547772847682096,False,False,False,False,False
5,2,3,439.9835579811898,0.05006778646459397,True,True,True,True,False
5,2,3,42.317250978081766,0.08409213790068266,True,True,True,True,True
5,2,3,148.20851863953254,0.2203906763676482,True,True,True,True,True
5,2,3,115.87078652970686,0.13279013253272115,True,True,True,True,True
5,2,3,20.925022962098858,0.15068190215212351,True,True,True,True,True
5,2,3,81.62104318673032,0.04402374838641717,True,True,True,True,True
5,2,3,31.474021085209735,0.07941880167069569,True,True,True,True,True
5,2,3,25.83861137057258,0.10124917395440042,True,True,True,True,True
5,2,3,67.90162359038473,0.09949203764904814,True,True,True,True,True
5,2,3,79.28586457934871,0.10160754650817956,True,True,True,True,True
5,2,3,305.82413184216495,0.07520834746151957,False,True,True,True,True
5,2,3,845.9035009273312,0.033053207451087,False,False,False,False,True
5,2,3,973.2084583005093,0.06779434150546919,True,True,True,True,True
5,2,3,133.01088269360224,0.04477239603194529,True,True,True,True,True
5,2,3,202.5250279992896,0.09468132083167505,True,True,True,True,True
5,2,3,342.60570055420874,0.07584424323332692,True,True,True,True,True
5,2,3,37.0173220157794,0.07104347309902942,True,True,True,True,True
5,2,3,18.27651520701002,0.09303993904231467,True,True,True,True,True
5,2,3,328.79937193115364,0.03548305953934556,False,False,False,False,False
5,2,3,20.450102558530364,0.04682295766411321,True,True,True,True,True
5,2,3,290.86006298045936,0.12770167632478294,True,True,True,True,True
5,2,3,44.09419139202712,0.0716518261088745,False,True,True,True,True
5,2,3,824.6147951638192,0.05587666549135791,True,True,True,True,True
5,2,3,104.84036649715632,0.05133884218580718,True,True,True,True,True
5,2,3,748.4130799433118,0.08394818545051043,False,False,True,True,True
5,2,3,226.94359020021113,0.06125461798573353,True,True,True,True,True
5,2,3,823.90093867679,0.07483640728771236,True,True,True,True,True
5,2,3,185.9464303596939,0.060833572416926114,False,True,True,True,True
5,2,3,53.086942128614204,0.07434322212172163,True,True,True,True,True
5,2,3,148.70783324266355,0.10197827515135714,True,True,True,True,True
5,2,3,25.82133724013458,0.08432488552224351,True,True,True,True,True
5,2,3,383.34092540683787,0.06263965063975598,True,True,True,True,True
5,2,4,351.26258267074303,0.08164739642153199,True,False,False,False,False
5,2,4,71.54104112706473,0.05466280385836112,False,True,False,True,True
5,2,4,227.22558946692877,0.06869014124084484,False,False,False,False,False
5,2,4,46.88077930020027,0.08575615854286991,True,True,True,True,True
5,2,4,90.71080311981562,0.11403837730819474,True,True,True,True,True
5,2,4,2529.869525486071,0.035017793599622676,False,False,False,True,True
5,2,4,43.057758078378484,0.058747103717773086,True,False,False,True,True
5,2,4,61.2110991394972,0.05534793692639914,False,False,False,False,True
5,2,4,154.7257602238014,0.07401138720232656,True,True,True,True,True
5,2,4,64.67067783572331,0.04038162113330411,False,False,False,False,True
5,2,4,31.036875802726364,0.07745847379323911,True,True,True,True,True
5,2,4,165.40911498590285,0.06606110475707878,True,True,True,True,True
5,2,4,206.911173503237,0.11495116093187471,True,True,True,True,True
5,2,4,285.9517762862595,0.06913847535691713,True,True,True,True,True
5,2,4,5155.689280043605,0.09999287736765719,True,True,True,True,True
5,2,4,73.52979113197634,0.06177423753544128,True,True,True,True,True
5,2,4,65.51449976394616,0.07484425994379183,True,False,True,True,True
5,2,4,683.5869375525647,0.09758689572536491,True,True,True,True,True
5,2,4,130.82922305800855,0.049077629105629794,False,True,False,False,True
5,2,4,26.529618945224353,0.11842127479926044,True,True,True,True,True
5,2,4,63.23416159859247,0.0893831254698678,True,True,True,True,True
5,2,4,387.54741601477474,0.1852772903161492,True,True,True,True,True
5,2,4,29.833031461336567,0.09293995165994086,True,True,True,True,True
5,2,4,48.70063987367858,0.05818292451334101,True,True,True,True,True
5,2,4,575.0222077501096,0.035710874559421145,False,False,False,False,False
5,2,4,730.1221836236033,0.07058981727622213,True,True,True,True,True
5,2,4,55.60726312822117,0.11520770826883536,True,True,True,True,True
5,2,4,291.80741278040944,0.07495559096442674,True,True,True,True,True
5,2,4,249.2333865803425,0.023668940337406824,False,False,True,True,True
5,2,4,132.29025533535588,0.18394886474502078,True,True,True,True,True
5,2,4,817.0434676083346,0.06339194377002288,False,False,False,False,False
5,2,4,63.650343676172,0.09489697962548387,True,True,True,True,True
5,2,4,166.19997277050427,0.055108819221439106,False,False,False,False,True
5,2,4,472.1423928759723,0.06493220898792978,True,True,True,True,True
5,2,4,36.636166937099176,0.06077856498169694,True,True,True,True,True
5,2,4,357.214519381468,0.08816160756852537,False,True,True,True,True
5,2,4,24.727981120921793,0.07195420868426543,True,True,True,True,True
5,2,4,117.11536045803135,0.08738663067226213,True,True,True,True,True
5,2,4,474.62914608926485,0.08019695758694678,False,True,True,True,True
5,2,4,67.29471942385625,0.0542008181069293,True,True,True,True,True
5,2,4,93.11726479505249,0.06221885428874294,False,True,True,True,True
5,2,4,34.80830529355202,0.06925424443812177,True,True,True,True,True
5,2,4,113.27786703299863,0.12377889881627785,True,True,True,True,True
5,2,4,64.18742792555675,0.08125323400180165,True,True,True,True,True
5,2,4,759.018179129662,0.04890297864482319,False,False,False,False,True
5,2,4,419.67446636071855,0.06702603138052476,True,True,True,True,True
5,2,4,14.777197460479632,0.07464744041373839,True,True,True,True,True
5,2,4,802.5088865263649,0.05287223447532514,False,True,True,True,True
5,2,4,36.77574794051602,0.1510877264676053,True,True,True,True,True
5,2,4,87.06014106478762,0.10157144483509489,True,True,True,True,True
5,2,4,184.42320928386613,0.03712797245474659,True,True,True,True,True
5,2,4,64.07144947437676,0.06499290182833348,True,True,True,True,True
5,2,4,232.74398769083658,0.12378601289871537,False,False,False,False,False
5,2,4,421.8942470004374,0.05500023389130745,True,True,True,True,True
5,2,4,144.73250659707915,0.03256464281928051,True,False,False,False,True
5,2,4,89.03290104628469,0.030914159100388725,True,True,True,True,True
5,2,4,203.97096962493478,0.05761043950971963,True,True,True,True,True
5,2,4,172.09572950381647,0.047302369016492,False,True,True,True,True
5,2,4,56.30241199076815,0.18500482044832,True,True,True,True,True
5,2,4,54.058156734011256,0.0610106220006103,True,True,True,True,True
5,2,4,85.65965040343339,0.03163302557038455,False,False,False,False,True
5,2,4,763.1787368690425,0.11222262075523028,True,True,True,True,True
5,2,4,845.8211745437109,0.07580723846303483,True,True,True,True,True
5,2,4,93.53801789089344,0.09426502318803028,True,True,True,True,True
5,2,4,29.374150712368838,0.07721776438835572,True,True,True,True,True
5,2,4,543.2950405579604,0.05424455570839608,False,True,True,True,True
5,2,4,44.47810528639859,0.07030937813214576,True,True,True,True,True
5,2,4,1007.548123363241,0.041339187191779134,False,False,False,False,False
5,2,4,99.53642529742581,0.04585187086033319,False,False,False,False,True
5,2,4,27.910138520230525,0.09069643853270642,True,True,True,True,True
5,2,4,214.7307056412577,0.08778329330604023,True,True,True,True,True
5,2,4,274.9331451820249,0.04251249360108593,False,True,True,True,True
5,2,4,194.12025238560622,0.07081392591177821,True,True,True,True,True
5,2,4,92.56213536714439,0.05293407438923604,True,True,True,True,True
5,2,4,37.094874996221016,0.06715386784019568,True,True,True,True,True
5,2,4,69.2508810007061,0.0718127862465395,False,False,False,False,False
5,2,4,69.87159508377482,0.08559653990422923,False,False,False,False,False
5,2,4,382.9560777578202,0.04775501315605478,False,False,True,True,True
5,2,4,602.8351266220607,0.13754223362303716,True,True,True,True,True
5,2,4,90.51904304293468,0.052986930999610646,False,True,True,True,True
5,2,4,1995.9933666482873,0.0669782488548615,True,True,True,True,True
5,2,4,24.102263981904215,0.08060921656881806,True,True,True,True,True
5,2,4,93.32322601509144,0.037357283552451895,True,True,True,True,True
5,2,4,33.802500691695634,0.09124652805854494,True,True,True,True,True
5,2,4,59.48268416461199,0.08495633438449922,True,True,True,True,True
5,2,4,46.30915081030802,0.0938652209690864,True,True,True,True,True
5,2,4,119.70746948058434,0.07224314172255293,True,True,True,True,True
5,2,4,366.15339335459544,0.0967204391583598,True,True,True,True,True
5,2,4,128.89330117824875,0.07272995071921444,True,True,True,True,True
5,2,4,50.35572109667156,0.06449473887098209,False,True,True,True,True
5,2,4,77.71427425588573,0.049193032361497115,False,False,False,False,False
5,2,4,226.77366926930847,0.040584159923193586,True,True,True,True,True
5,2,4,372.37213952778734,0.06742566241045098,True,True,True,True,True
5,2,4,29.262580645329372,0.07208498595795805,True,True,True,True,True
5,2,4,109.06656070531842,0.06867322194898531,True,True,True,True,True
5,2,4,70.86298590104484,0.07923571718803275,False,False,False,False,False
5,2,4,71.543390047484,0.12767705604065646,True,True,True,True,True
5,2,4,186.48934460358478,0.08573808806923794,True,True,True,True,True
5,2,4,3587.6433977620068,0.182127691146813,True,True,True,True,True
5,2,4,101.83725397637488,0.10197072077571429,True,True,True,True,True
5,2,5,64.08611482459249,0.11756151506720827,True,True,True,True,True
5,2,5,49.66614415107314,0.11317599881265662,True,True,True,True,True
5,2,5,1303.271597458432,0.07617015315547483,False,True,True,True,True
5,2,5,178.54801684259576,0.07188039466532382,True,True,True,True,True
5,2,5,801.4135901427998,0.13000350636588484,True,True,True,True,True
5,2,5,100.42537004018571,0.05577073369014262,True,True,True,True,True
5,2,5,55.17085138905582,0.12857079323549447,True,True,True,True,True
5,2,5,145.18394762334594,0.08721913919944656,True,True,True,True,True
5,2,5,58.396063304735044,0.12676378336299793,True,True,True,True,True
5,2,5,65.33183821939318,0.09885518412271535,True,True,True,True,True
5,2,5,92.15771492171639,0.15079598108050044,True,True,True,True,True
5,2,5,144.63484118562005,0.06533236446587723,False,False,False,False,False
5,2,5,98.56787898064191,0.05289460664262607,True,True,True,True,True
5,2,5,182.32032775534907,0.06484128031736462,True,True,True,True,True
5,2,5,720.478053141811,0.028155074785774926,False,False,True,False,False
5,2,5,84.619194054184,0.05488468412311504,False,False,True,True,True
5,2,5,309.5308586930309,0.03938565630754597,False,False,False,True,True
5,2,5,67.24487275306251,0.09434781379330556,True,True,True,True,True
5,2,5,38.57477851483873,0.12351915129221581,True,True,True,True,True
5,2,5,119.84740838176053,0.14830472168654563,True,True,True,True,True
5,2,5,29.403795590626547,0.09527620189683669,True,True,True,True,True
5,2,5,83.76984311014212,0.03079998586423163,True,True,True,True,True
5,2,5,41.57883447869426,0.075088453853276,False,False,True,True,True
5,2,5,23.58606241176076,0.16788336614638055,True,True,True,True,True
5,2,5,56.01870980136866,0.04969875063782826,False,False,True,True,True
5,2,5,390.58694215409986,0.04411954380999783,True,True,True,True,True
5,2,5,167.65885385901353,0.11162580639367152,False,False,False,False,False
5,2,5,102.1121157748359,0.058339510789350166,False,False,False,False,False
5,2,5,290.9559377386983,0.06724692016917705,False,True,True,True,True
5,2,5,131.76696814897912,0.09542868328313486,True,True,True,True,True
5,2,5,1216.3512798039912,0.04474620125267208,False,False,False,False,True
5,2,5,167.25763488267228,0.11096243473815032,True,True,True,True,True
5,2,5,181.0638559523347,0.05517835135304458,True,True,True,True,True
5,2,5,962.1505426629601,0.09730982009667014,True,True,True,True,True
5,2,5,172.41944311658227,0.06044910247002491,False,True,False,False,True
5,2,5,165.40345829007538,0.03452165553219954,True,True,True,True,True
5,2,5,60.491787829576786,0.07979883921946809,True,False,False,False,True
5,2,5,1847.6519744505645,0.046406137540382454,True,True,True,True,True
5,2,5,102.96751670900252,0.06472384071013004,True,True,True,True,True
5,2,5,192.13212947927107,0.057882087087974536,False,True,True,True,True
5,2,5,167.7644558643239,0.18599842315715362,True,True,True,True,True
5,2,5,286.39609240215503,0.08978879000111,True,True,True,True,True
5,2,5,37.00495287897191,0.14415880358647382,True,True,True,True,True
5,2,5,35.7629320064145,0.14298952345722313,True,True,True,True,True
5,2,5,49.65380819093151,0.11259317922358926,True,True,True,True,True
5,2,5,160.99155116470052,0.0970944167897608,True,True,True,True,True
5,2,5,113.86276842215125,0.03720515143533963,True,True,True,True,True
5,2,5,513.1140337840059,0.046261242133021546,True,True,True,True,True
5,2,5,4637.991481181162,0.0902684914173177,True,True,True,True,True
5,2,5,83.61780707096372,0.09537533016762917,True,True,True,True,True
5,2,5,1179.1767056652182,0.12789699199541463,True,True,True,True,True
5,2,5,48.08486968398935,0.15027825309836892,True,True,True,True,True
5,2,5,413.90074270870747,0.09921315379504701,True,True,True,True,True
5,2,5,131.05329344294782,0.08224186278265194,True,True,True,True,True
5,2,5,204.344929188936,0.06925676320964312,False,False,False,False,False
5,2,5,82.83974181745279,0.11746012344726305,True,True,True,True,True
5,2,5,61.578014175344954,0.05945915051682968,False,True,True,True,True
5,2,5,78.0391762183209,0.0882109507736243,True,True,True,True,True
5,2,5,121.4679657726631,0.12203260732342142,True,True,True,True,True
5,2,5,30.550429493988542,0.1817530816515725,True,True,True,True,True
5,2,5,1423.463003381406,0.04830755527457298,False,False,False,False,True
5,2,5,1337.2290032325147,0.03140322616198047,False,False,False,True,True
5,2,5,429.19650149998097,0.0395945802750381,False,True,True,True,True
5,2,5,52.35053632741728,0.05941364985611852,True,True,True,True,True
5,2,5,262.5283940418166,0.05939725329684561,False,False,False,False,False
5,2,5,196.34956082092754,0.06472395586548631,False,True,True,False,True
5,2,5,51.855866422283285,0.0769410371161599,False,False,True,True,True
5,2,5,245.12357910310138,0.07380684068166954,True,True,True,True,True
5,2,5,12906.30938425347,0.04553384971814376,True,True,True,True,True
5,2,5,45.99572833600811,0.06704601835976805,False,False,False,False,False
5,2,5,250.96512124632358,0.2106413699966473,True,True,True,True,True
5,2,5,103.73684825063168,0.0732844033682342,True,True,True,True,True
5,2,5,250.0068821150257,0.10854799055899518,True,True,True,True,True
5,2,5,34.45406845314523,0.07803574722604524,True,True,True,True,True
5,2,5,327.8463887763121,0.0774989992270864,True,True,True,True,True
5,2,5,542.8678995042135,0.03566782227254267,False,True,True,False,False
5,2,5,76.34153838053915,0.08515391684485696,True,True,True,True,True
5,2,5,72.99404497291722,0.07278739149823651,True,True,True,True,True
5,2,5,39.92870148319489,0.12600153261858016,True,True,True,True,True
5,2,5,44.72187780989118,0.06522743508708335,True,True,True,True,True
5,2,5,97.507399741038,0.056709385925909676,True,True,True,True,True
5,2,5,667.7303778204544,0.046264412588397676,True,True,True,True,True
5,2,5,168.7109197628598,0.10103080545445173,False,False,False,False,False
5,2,5,132.4095471061691,0.03046753998547769,False,True,True,True,True
5,2,5,246.6774438479662,0.10963554728603636,True,True,True,True,True
5,2,5,73.5616621112027,0.11466063637536375,True,True,True,True,True
5,2,5,221.2996984807521,0.0604646293737988,True,True,True,True,True
5,2,5,103.74102640657361,0.05989995357103018,True,True,True,True,True
5,2,5,221.30860886010842,0.05874667259901636,True,True,True,True,True
5,2,5,30.61606482771491,0.1252756629082739,True,True,True,True,True
5,2,5,18.792986643311373,0.12010146501589533,True,True,True,True,True
5,2,5,356.6643878270693,0.06077523149041672,True,True,True,True,True
5,2,5,63.25517412813723,0.03584244219376317,True,True,True,True,True
5,2,5,42.558584910931856,0.05676115869426682,True,True,True,True,True
5,2,5,311.3361846493287,0.07630707641479795,True,True,True,True,True
5,2,5,615.6782177837523,0.09437414642531819,True,True,True,True,True
5,2,5,64.5948191293385,0.09037598717227238,True,True,True,True,True
5,2,5,662.8346400840342,0.027602555333249998,False,False,False,False,True
5,2,5,103.74270710739485,0.09026522033661843,True,True,True,True,True
5,2,5,17.597626166168716,0.2294689508165502,True,True,True,True,True
